{
"type": "FeatureCollection",
"name": "Master_Dataset_2024",
"crs": { "type": "name", "properties": { "name": "urn:ogc:def:crs:EPSG::32604" } },
"features": [
{ "type": "Feature", "properties": { "label": 1, "month": "11", "year": "2024" }, "geometry": { "type": "Polygon", "coordinates": [ [ [ 716632.334534930298105, 2336326.528104407247156 ], [ 716615.853206083411351, 2337614.924891191069037 ], [ 715343.968967864755541, 2337598.679584722034633 ], [ 715360.411780396709219, 2336310.29104224126786 ], [ 716632.334534930298105, 2336326.528104407247156 ] ] ] } },
{ "type": "Feature", "properties": { "label": 1, "month": "11", "year": "2024" }, "geometry": { "type": "Polygon", "coordinates": [ [ [ 717854.677518611308187, 2340208.132662852760404 ], [ 717838.129229371901602, 2341496.653692209627479 ], [ 716566.352690923493356, 2341480.34703791514039 ], [ 716582.862285040202551, 2340191.834296132903546 ], [ 717854.677518611308187, 2340208.132662852760404 ] ] ] } },
{ "type": "Feature", "properties": { "label": 1, "month": "11", "year": "2024" }, "geometry": { "type": "Polygon", "coordinates": [ [ [ 719209.292851701145992, 2333782.400195269845426 ], [ 719192.753558340365998, 2335070.736628652084619 ], [ 717920.775868798722513, 2335054.43504472495988 ], [ 717937.276759526925161, 2333766.106956104747951 ], [ 719209.292851701145992, 2333782.400195269845426 ] ] ] } },
{ "type": "Feature", "properties": { "label": 1, "month": "11", "year": "2024" }, "geometry": { "type": "Polygon", "coordinates": [ [ [ 720464.739564360119402, 2335087.074599576648325 ], [ 720448.152270793914795, 2336375.457887368276715 ], [ 719176.204728343291208, 2336359.111524906940758 ], [ 719192.753558340365998, 2335070.736628652084619 ], [ 720464.739564360119402, 2335087.074599576648325 ] ] ] } },
{ "type": "Feature", "properties": { "label": 1, "month": "11", "year": "2024" }, "geometry": { "type": "Polygon", "coordinates": [ [ [ 721753.350043437909335, 2333815.095691081602126 ], [ 721736.733938650926575, 2335103.448959553148597 ], [ 720464.739564360119402, 2335087.074599576648325 ], [ 720481.317262405180372, 2333798.729772911872715 ], [ 721753.350043437909335, 2333815.095691081602126 ] ] ] } },
{ "type": "Feature", "properties": { "label": 1, "month": "11", "year": "2024" }, "geometry": { "type": "Polygon", "coordinates": [ [ [ 721703.472764850594103, 2337680.270936316344887 ], [ 721686.827693812083453, 2338968.739768123719841 ], [ 720414.948893105611205, 2338952.340093296952546 ], [ 720431.555380709702149, 2337663.87969801062718 ], [ 721703.472764850594103, 2337680.270936316344887 ] ] ] } },
{ "type": "Feature", "properties": { "label": 1, "month": "11", "year": "2024" }, "geometry": { "type": "Polygon", "coordinates": [ [ [ 725519.275620080064982, 2337729.663588376250118 ], [ 725502.514786331565119, 2339018.158020702190697 ], [ 724230.610588641371578, 2339001.648729736916721 ], [ 724247.332832747371867, 2337713.162879412528127 ], [ 725519.275620080064982, 2337729.663588376250118 ] ] ] } },
{ "type": "Feature", "properties": { "label": 1, "month": "11", "year": "2024" }, "geometry": { "type": "Polygon", "coordinates": [ [ [ 837910.756652874290012, 2227265.278743181377649 ], [ 837891.924042606260628, 2228551.593673424329609 ], [ 836615.925609627971426, 2228533.020270479377359 ], [ 836634.724524789955467, 2227246.718360521364957 ], [ 837910.756652874290012, 2227265.278743181377649 ] ] ] } },
{ "type": "Feature", "properties": { "label": 1, "month": "11", "year": "2024" }, "geometry": { "type": "Polygon", "coordinates": [ [ [ 837891.924042606260628, 2228551.593673424329609 ], [ 837873.076649514958262, 2229837.941782772541046 ], [ 836597.11196960718371, 2229819.355361887253821 ], [ 836615.925609627971426, 2228533.020270479377359 ], [ 837891.924042606260628, 2228551.593673424329609 ] ] ] } },
{ "type": "Feature", "properties": { "label": 1, "month": "11", "year": "2024" }, "geometry": { "type": "Polygon", "coordinates": [ [ [ 839205.653538443613797, 2225997.576673991512507 ], [ 839186.80206958972849, 2227283.871556714642793 ], [ 837910.756652874290012, 2227265.278743181377649 ], [ 837929.574482336174697, 2225978.996932480018586 ], [ 839205.653538443613797, 2225997.576673991512507 ] ] ] } },
{ "type": "Feature", "properties": { "label": 1, "month": "11", "year": "2024" }, "geometry": { "type": "Polygon", "coordinates": [ [ [ 839186.80206958972849, 2227283.871556714642793 ], [ 839167.935761976637878, 2228570.199556622188538 ], [ 837891.924042606260628, 2228551.593673424329609 ], [ 837910.756652874290012, 2227265.278743181377649 ], [ 839186.80206958972849, 2227283.871556714642793 ] ] ] } },
{ "type": "Feature", "properties": { "label": 1, "month": "11", "year": "2024" }, "geometry": { "type": "Polygon", "coordinates": [ [ [ 839167.935761976637878, 2228570.199556622188538 ], [ 839149.054613570915535, 2229856.56073329411447 ], [ 837873.076649514958262, 2229837.941782772541046 ], [ 837891.924042606260628, 2228551.593673424329609 ], [ 839167.935761976637878, 2228570.199556622188538 ] ] ] } },
{ "type": "Feature", "properties": { "label": 1, "month": "11", "year": "2024" }, "geometry": { "type": "Polygon", "coordinates": [ [ [ 839149.054613570915535, 2229856.56073329411447 ], [ 839130.158622338902205, 2231142.955146342050284 ], [ 837854.214471572777256, 2231124.323130847886205 ], [ 837873.076649514958262, 2229837.941782772541046 ], [ 839149.054613570915535, 2229856.56073329411447 ] ] ] } },
{ "type": "Feature", "properties": { "label": 1, "month": "11", "year": "2024" }, "geometry": { "type": "Polygon", "coordinates": [ [ [ 840500.616153567098081, 2224729.913850468117744 ], [ 840481.745937746949494, 2226016.188799328170717 ], [ 839205.653538443613797, 2225997.576673991512507 ], [ 839224.490170574630611, 2224711.314848896116018 ], [ 840500.616153567098081, 2224729.913850468117744 ] ] ] } },
{ "type": "Feature", "properties": { "label": 1, "month": "11", "year": "2024" }, "geometry": { "type": "Polygon", "coordinates": [ [ [ 840481.745937746949494, 2226016.188799328170717 ], [ 840462.860827256226912, 2227302.49680346576497 ], [ 839186.80206958972849, 2227283.871556714642793 ], [ 839205.653538443613797, 2225997.576673991512507 ], [ 840481.745937746949494, 2226016.188799328170717 ] ] ] } },
{ "type": "Feature", "properties": { "label": 1, "month": "11", "year": "2024" }, "geometry": { "type": "Polygon", "coordinates": [ [ [ 840462.860827256226912, 2227302.49680346576497 ], [ 840443.960820053005591, 2228588.837922433856875 ], [ 839167.935761976637878, 2228570.199556622188538 ], [ 839186.80206958972849, 2227283.871556714642793 ], [ 840462.860827256226912, 2227302.49680346576497 ] ] ] } },
{ "type": "Feature", "properties": { "label": 1, "month": "11", "year": "2024" }, "geometry": { "type": "Polygon", "coordinates": [ [ [ 840443.960820053005591, 2228588.837922433856875 ], [ 840425.045914090704173, 2229875.21221581613645 ], [ 839149.054613570915535, 2229856.56073329411447 ], [ 839167.935761976637878, 2228570.199556622188538 ], [ 840443.960820053005591, 2228588.837922433856875 ] ] ] } },
{ "type": "Feature", "properties": { "label": 1, "month": "11", "year": "2024" }, "geometry": { "type": "Polygon", "coordinates": [ [ [ 840425.045914090704173, 2229875.21221581613645 ], [ 840406.116107316687703, 2231161.619743212591857 ], [ 839130.158622338902205, 2231142.955146342050284 ], [ 839149.054613570915535, 2229856.56073329411447 ], [ 840425.045914090704173, 2229875.21221581613645 ] ] ] } },
{ "type": "Feature", "properties": { "label": 1, "month": "11", "year": "2024" }, "geometry": { "type": "Polygon", "coordinates": [ [ [ 841795.644385514082387, 2223462.29006015881896 ], [ 841776.755534319789149, 2224748.545188807416707 ], [ 840500.616153567098081, 2224729.913850468117744 ], [ 840519.471476758364588, 2223443.671897351741791 ], [ 841795.644385514082387, 2223462.29006015881896 ] ] ] } },
{ "type": "Feature", "properties": { "label": 1, "month": "11", "year": "2024" }, "geometry": { "type": "Polygon", "coordinates": [ [ [ 841776.755534319789149, 2224748.545188807416707 ], [ 841757.851732568000443, 2226034.833310840651393 ], [ 840481.745937746949494, 2226016.188799328170717 ], [ 840500.616153567098081, 2224729.913850468117744 ], [ 841776.755534319789149, 2224748.545188807416707 ] ] ] } },
{ "type": "Feature", "properties": { "label": 1, "month": "11", "year": "2024" }, "geometry": { "type": "Polygon", "coordinates": [ [ [ 841757.851732568000443, 2226034.833310840651393 ], [ 841738.932978198165074, 2227321.154485793784261 ], [ 840462.860827256226912, 2227302.49680346576497 ], [ 840481.745937746949494, 2226016.188799328170717 ], [ 841757.851732568000443, 2226034.833310840651393 ] ] ] } },
{ "type": "Feature", "properties": { "label": 1, "month": "11", "year": "2024" }, "geometry": { "type": "Polygon", "coordinates": [ [ [ 841719.999269157648087, 2228607.508773223031312 ], [ 841701.050603383104317, 2229893.896232711151242 ], [ 840425.045914090704173, 2229875.21221581613645 ], [ 840443.960820053005591, 2228588.837922433856875 ], [ 841719.999269157648087, 2228607.508773223031312 ] ] ] } },
{ "type": "Feature", "properties": { "label": 1, "month": "11", "year": "2024" }, "geometry": { "type": "Polygon", "coordinates": [ [ [ 841701.050603383104317, 2229893.896232711151242 ], [ 841682.086978817242198, 2231180.316923836711794 ], [ 840406.116107316687703, 2231161.619743212591857 ], [ 840425.045914090704173, 2229875.21221581613645 ], [ 841701.050603383104317, 2229893.896232711151242 ] ] ] } },
{ "type": "Feature", "properties": { "label": 1, "month": "11", "year": "2024" }, "geometry": { "type": "Polygon", "coordinates": [ [ [ 843071.830746605759487, 2223480.940512674394995 ], [ 843052.908365171053447, 2224767.208866273518652 ], [ 841776.755534319789149, 2224748.545188807416707 ], [ 841795.644385514082387, 2223462.29006015881896 ], [ 843071.830746605759487, 2223480.940512674394995 ] ] ] } },
{ "type": "Feature", "properties": { "label": 1, "month": "11", "year": "2024" }, "geometry": { "type": "Polygon", "coordinates": [ [ [ 843052.908365171053447, 2224767.208866273518652 ], [ 843033.970975237083621, 2226053.510210896842182 ], [ 841757.851732568000443, 2226034.833310840651393 ], [ 841776.755534319789149, 2224748.545188807416707 ], [ 843052.908365171053447, 2224767.208866273518652 ] ] ] } },
{ "type": "Feature", "properties": { "label": 1, "month": "11", "year": "2024" }, "geometry": { "type": "Polygon", "coordinates": [ [ [ 855834.445751881226897, 2223669.221494066994637 ], [ 855815.187943803612143, 2224955.624815964139998 ], [ 854538.897733162855729, 2224936.637616287451237 ], [ 854558.121988361468539, 2223650.248013708740473 ], [ 855834.445751881226897, 2223669.221494066994637 ] ] ] } },
{ "type": "Feature", "properties": { "label": 1, "month": "11", "year": "2024" }, "geometry": { "type": "Polygon", "coordinates": [ [ [ 855815.187943803612143, 2224955.624815964139998 ], [ 855795.914547726977617, 2226242.061104825232178 ], [ 854519.65794792980887, 2226223.060188276693225 ], [ 854538.897733162855729, 2224936.637616287451237 ], [ 855815.187943803612143, 2224955.624815964139998 ] ] ] } },
{ "type": "Feature", "properties": { "label": 1, "month": "11", "year": "2024" }, "geometry": { "type": "Polygon", "coordinates": [ [ [ 858387.135415908880532, 2223707.26540509192273 ], [ 858367.810495216632262, 2224993.69631396792829 ], [ 857091.492180365836248, 2224974.644381048157811 ], [ 857110.783543608617038, 2223688.22729039285332 ], [ 858387.135415908880532, 2223707.26540509192273 ] ] ] } },
{ "type": "Feature", "properties": { "label": 1, "month": "11", "year": "2024" }, "geometry": { "type": "Polygon", "coordinates": [ [ [ 859663.50142115179915, 2223726.33584058471024 ], [ 859644.142940717982128, 2225012.780617138370872 ], [ 858367.810495216632262, 2224993.69631396792829 ], [ 858387.135415908880532, 2223707.26540509192273 ], [ 859663.50142115179915, 2223726.33584058471024 ] ] ] } },
{ "type": "Feature", "properties": { "label": 1, "month": "11", "year": "2024" }, "geometry": { "type": "Polygon", "coordinates": [ [ [ 864808.045331533416174, 2221230.037966461386532 ], [ 864788.584569930448197, 2222516.472987385466695 ], [ 863512.127998175797984, 2222497.287312441505492 ], [ 863531.55530676455237, 2221210.866362036205828 ], [ 864808.045331533416174, 2221230.037966461386532 ] ] ] } },
{ "type": "Feature", "properties": { "label": 1, "month": "11", "year": "2024" }, "geometry": { "type": "Polygon", "coordinates": [ [ [ 864788.584569930448197, 2222516.472987385466695 ], [ 864769.107819078024477, 2223802.940839065238833 ], [ 863492.684758296236396, 2223783.741096097510308 ], [ 863512.127998175797984, 2222497.287312441505492 ], [ 864788.584569930448197, 2222516.472987385466695 ] ] ] } },
{ "type": "Feature", "properties": { "label": 1, "month": "11", "year": "2024" }, "geometry": { "type": "Polygon", "coordinates": [ [ [ 866084.54975575057324, 2221249.241804879624397 ], [ 866065.055538827786222, 2222535.690945803653449 ], [ 864788.584569930448197, 2222516.472987385466695 ], [ 864808.045331533416174, 2221230.037966461386532 ], [ 866084.54975575057324, 2221249.241804879624397 ] ] ] } },
{ "type": "Feature", "properties": { "label": 1, "month": "11", "year": "2024" }, "geometry": { "type": "Polygon", "coordinates": [ [ [ 866065.055538827786222, 2222535.690945803653449 ], [ 866045.545274696312845, 2223822.172914983239025 ], [ 864769.107819078024477, 2223802.940839065238833 ], [ 864788.584569930448197, 2222516.472987385466695 ], [ 866065.055538827786222, 2222535.690945803653449 ] ] ] } },
{ "type": "Feature", "properties": { "label": 1, "month": "11", "year": "2024" }, "geometry": { "type": "Polygon", "coordinates": [ [ [ 873842.110768208745867, 2214932.95750318467617 ], [ 873822.497710473719053, 2216219.32922856323421 ], [ 872545.772491822484881, 2216199.989628028590232 ], [ 872565.352370024076663, 2214913.632332306355238 ], [ 873842.110768208745867, 2214932.95750318467617 ] ] ] } },
{ "type": "Feature", "properties": { "label": 1, "month": "11", "year": "2024" }, "geometry": { "type": "Polygon", "coordinates": [ [ [ 873822.497710473719053, 2216219.32922856323421 ], [ 873802.868269507074729, 2217505.73347024153918 ], [ 872526.176288302522153, 2217486.379442577250302 ], [ 872545.772491822484881, 2216199.989628028590232 ], [ 873822.497710473719053, 2216219.32922856323421 ] ] ] } },
{ "type": "Feature", "properties": { "label": 1, "month": "11", "year": "2024" }, "geometry": { "type": "Polygon", "coordinates": [ [ [ 876415.334877672488801, 2213685.335576591547579 ], [ 876395.671950609888881, 2214971.703858008608222 ], [ 875118.883944259257987, 2214952.31467760168016 ], [ 875138.513745060423389, 2213665.960927480366081 ], [ 876415.334877672488801, 2213685.335576591547579 ] ] ] } },
{ "type": "Feature", "properties": { "label": 1, "month": "11", "year": "2024" }, "geometry": { "type": "Polygon", "coordinates": [ [ [ 876395.671950609888881, 2214971.703858008608222 ], [ 876375.992526857997291, 2216258.104591339826584 ], [ 875099.237704674247652, 2216238.700882187113166 ], [ 875118.883944259257987, 2214952.31467760168016 ], [ 876395.671950609888881, 2214971.703858008608222 ] ] ] } },
{ "type": "Feature", "properties": { "label": 1, "month": "11", "year": "2024" }, "geometry": { "type": "Polygon", "coordinates": [ [ [ 877692.170895335031673, 2213704.742184604983777 ], [ 877672.474839691305533, 2214991.125046876259148 ], [ 876395.671950609888881, 2214971.703858008608222 ], [ 876415.334877672488801, 2213685.335576591547579 ], [ 877692.170895335031673, 2213704.742184604983777 ] ] ] } },
{ "type": "Feature", "properties": { "label": 1, "month": "11", "year": "2024" }, "geometry": { "type": "Polygon", "coordinates": [ [ [ 877672.474839691305533, 2214991.125046876259148 ], [ 877652.76222945516929, 2216277.540358509402722 ], [ 876375.992526857997291, 2216258.104591339826584 ], [ 876395.671950609888881, 2214971.703858008608222 ], [ 877672.474839691305533, 2214991.125046876259148 ] ] ] } },
{ "type": "Feature", "properties": { "label": 1, "month": "11", "year": "2024" }, "geometry": { "type": "Polygon", "coordinates": [ [ [ 878969.021850494900718, 2213724.180753991007805 ], [ 878949.292663948144764, 2215010.578246670309454 ], [ 877672.474839691305533, 2214991.125046876259148 ], [ 877692.170895335031673, 2213704.742184604983777 ], [ 878969.021850494900718, 2213724.180753991007805 ] ] ] } },
{ "type": "Feature", "properties": { "label": 1, "month": "11", "year": "2024" }, "geometry": { "type": "Polygon", "coordinates": [ [ [ 878949.292663948144764, 2215010.578246670309454 ], [ 878929.546864897478372, 2216297.0081861554645 ], [ 877652.76222945516929, 2216277.540358509402722 ], [ 877672.474839691305533, 2214991.125046876259148 ], [ 878949.292663948144764, 2215010.578246670309454 ] ] ] } },
{ "type": "Feature", "properties": { "label": 1, "month": "11", "year": "2024" }, "geometry": { "type": "Polygon", "coordinates": [ [ [ 880245.88779559219256, 2213743.651287201792002 ], [ 880226.12547581421677, 2215030.063459865748882 ], [ 878949.292663948144764, 2215010.578246670309454 ], [ 878969.021850494900718, 2213724.180753991007805 ], [ 880245.88779559219256, 2213743.651287201792002 ] ] ] } },
{ "type": "Feature", "properties": { "label": 1, "month": "11", "year": "2024" }, "geometry": { "type": "Polygon", "coordinates": [ [ [ 880226.12547581421677, 2215030.063459865748882 ], [ 880206.346485621412285, 2216316.508076763246208 ], [ 878929.546864897478372, 2216297.0081861554645 ], [ 878949.292663948144764, 2215010.578246670309454 ], [ 880226.12547581421677, 2215030.063459865748882 ] ] ] } },
{ "type": "Feature", "properties": { "label": 1, "month": "11", "year": "2024" }, "geometry": { "type": "Polygon", "coordinates": [ [ [ 881542.547512498917058, 2212476.759266930166632 ], [ 881522.768783074337989, 2213763.153786727692932 ], [ 880245.88779559219256, 2213743.651287201792002 ], [ 880265.63344735885039, 2212457.27149952063337 ], [ 881542.547512498917058, 2212476.759266930166632 ] ] ] } },
{ "type": "Feature", "properties": { "label": 1, "month": "11", "year": "2024" }, "geometry": { "type": "Polygon", "coordinates": [ [ [ 881522.768783074337989, 2213763.153786727692932 ], [ 881502.973327740328386, 2215049.580688935238868 ], [ 880226.12547581421677, 2215030.063459865748882 ], [ 880245.88779559219256, 2213743.651287201792002 ], [ 881522.768783074337989, 2213763.153786727692932 ] ] ] } },
{ "type": "Feature", "properties": { "label": 1, "month": "11", "year": "2024" }, "geometry": { "type": "Polygon", "coordinates": [ [ [ 881502.973327740328386, 2215049.580688935238868 ], [ 881483.161144072189927, 2216336.040032792836428 ], [ 880206.346485621412285, 2216316.508076763246208 ], [ 880226.12547581421677, 2215030.063459865748882 ], [ 881502.973327740328386, 2215049.580688935238868 ] ] ] } },
{ "type": "Feature", "properties": { "label": 1, "month": "11", "year": "2024" }, "geometry": { "type": "Polygon", "coordinates": [ [ [ 883309.324224921409041, 2180346.396972889546305 ], [ 883289.931228864006698, 2181632.015974487643689 ], [ 882012.225486187031493, 2181612.851815953850746 ], [ 882031.586845860001631, 2180327.247659726534039 ], [ 883309.324224921409041, 2180346.396972889546305 ] ] ] } },
{ "type": "Feature", "properties": { "label": 1, "month": "11", "year": "2024" }, "geometry": { "type": "Polygon", "coordinates": [ [ [ 883289.931228864006698, 2181632.015974487643689 ], [ 883270.521508862497285, 2182917.665881433524191 ], [ 881992.847460167133249, 2182898.486880054697394 ], [ 882012.225486187031493, 2181612.851815953850746 ], [ 883289.931228864006698, 2181632.015974487643689 ] ] ] } },
{ "type": "Feature", "properties": { "label": 1, "month": "11", "year": "2024" }, "geometry": { "type": "Polygon", "coordinates": [ [ [ 883270.521508862497285, 2182917.665881433524191 ], [ 883251.095062555861659, 2184203.346752475015819 ], [ 881973.45276545220986, 2184184.152910762932152 ], [ 881992.847460167133249, 2182898.486880054697394 ], [ 883270.521508862497285, 2182917.665881433524191 ] ] ] } },
{ "type": "Feature", "properties": { "label": 1, "month": "11", "year": "2024" }, "geometry": { "type": "Polygon", "coordinates": [ [ [ 882839.271702824626118, 2211209.901972654741257 ], [ 882819.476674804929644, 2212496.278953549452126 ], [ 881542.547512498917058, 2212476.759266930166632 ], [ 881562.3095184257254, 2211190.397070302627981 ], [ 882839.271702824626118, 2211209.901972654741257 ] ] ] } },
{ "type": "Feature", "properties": { "label": 1, "month": "11", "year": "2024" }, "geometry": { "type": "Polygon", "coordinates": [ [ [ 882819.476674804929644, 2212496.278953549452126 ], [ 882799.66486539458856, 2213782.688255039043725 ], [ 881522.768783074337989, 2213763.153786727692932 ], [ 881542.547512498917058, 2212476.759266930166632 ], [ 882819.476674804929644, 2212496.278953549452126 ] ] ] } },
{ "type": "Feature", "properties": { "label": 1, "month": "11", "year": "2024" }, "geometry": { "type": "Polygon", "coordinates": [ [ [ 882799.66486539458856, 2213782.688255039043725 ], [ 882779.836272166110575, 2215069.129936364013702 ], [ 881502.973327740328386, 2215049.580688935238868 ], [ 881522.768783074337989, 2213763.153786727692932 ], [ 882799.66486539458856, 2213782.688255039043725 ] ] ] } },
{ "type": "Feature", "properties": { "label": 1, "month": "11", "year": "2024" }, "geometry": { "type": "Polygon", "coordinates": [ [ [ 882779.836272166110575, 2215069.129936364013702 ], [ 882759.990892686415464, 2216355.604056757409126 ], [ 881483.161144072189927, 2216336.040032792836428 ], [ 881502.973327740328386, 2215049.580688935238868 ], [ 882779.836272166110575, 2215069.129936364013702 ] ] ] } },
{ "type": "Feature", "properties": { "label": 1, "month": "11", "year": "2024" }, "geometry": { "type": "Polygon", "coordinates": [ [ [ 884587.076811029110104, 2180365.576965757645667 ], [ 884567.652176324510947, 2181651.210862485226244 ], [ 883289.931228864006698, 2181632.015974487643689 ], [ 883309.324224921409041, 2180346.396972889546305 ], [ 884587.076811029110104, 2180365.576965757645667 ] ] ] } },
{ "type": "Feature", "properties": { "label": 1, "month": "11", "year": "2024" }, "geometry": { "type": "Polygon", "coordinates": [ [ [ 884567.652176324510947, 2181651.210862485226244 ], [ 884548.210760075948201, 2182936.875662046484649 ], [ 883270.521508862497285, 2182917.665881433524191 ], [ 883289.931228864006698, 2181632.015974487643689 ], [ 884567.652176324510947, 2181651.210862485226244 ] ] ] } },
{ "type": "Feature", "properties": { "label": 1, "month": "11", "year": "2024" }, "geometry": { "type": "Polygon", "coordinates": [ [ [ 884548.210760075948201, 2182936.875662046484649 ], [ 884528.752559911925346, 2184222.571423166897148 ], [ 883251.095062555861659, 2184203.346752475015819 ], [ 883270.521508862497285, 2182917.665881433524191 ], [ 884548.210760075948201, 2182936.875662046484649 ] ] ] } },
{ "type": "Feature", "properties": { "label": 1, "month": "11", "year": "2024" }, "geometry": { "type": "Polygon", "coordinates": [ [ [ 884528.752559911925346, 2184222.571423166897148 ], [ 884509.277573458501138, 2185508.298204585909843 ], [ 883231.65188758331351, 2185489.05864633852616 ], [ 883251.095062555861659, 2184203.346752475015819 ], [ 884528.752559911925346, 2184222.571423166897148 ] ] ] } },
{ "type": "Feature", "properties": { "label": 1, "month": "11", "year": "2024" }, "geometry": { "type": "Polygon", "coordinates": [ [ [ 884116.249039178714156, 2211229.438747099600732 ], [ 884096.420986730372533, 2212515.830561860464513 ], [ 882819.476674804929644, 2212496.278953549452126 ], [ 882839.271702824626118, 2211209.901972654741257 ], [ 884116.249039178714156, 2211229.438747099600732 ] ] ] } },
{ "type": "Feature", "properties": { "label": 1, "month": "11", "year": "2024" }, "geometry": { "type": "Polygon", "coordinates": [ [ [ 884096.420986730372533, 2212515.830561860464513 ], [ 884076.576095001306385, 2213802.254694624338299 ], [ 882799.66486539458856, 2213782.688255039043725 ], [ 882819.476674804929644, 2212496.278953549452126 ], [ 884096.420986730372533, 2212515.830561860464513 ] ] ] } },
{ "type": "Feature", "properties": { "label": 1, "month": "11", "year": "2024" }, "geometry": { "type": "Polygon", "coordinates": [ [ [ 884076.576095001306385, 2213802.254694624338299 ], [ 884056.714361545396969, 2215088.711204627528787 ], [ 882779.836272166110575, 2215069.129936364013702 ], [ 882799.66486539458856, 2213782.688255039043725 ], [ 884076.576095001306385, 2213802.254694624338299 ] ] ] } },
{ "type": "Feature", "properties": { "label": 1, "month": "11", "year": "2024" }, "geometry": { "type": "Polygon", "coordinates": [ [ [ 885845.38838111422956, 2181670.436482373159379 ], [ 885825.915266350610182, 2182956.116224304307252 ], [ 884548.210760075948201, 2182936.875662046484649 ], [ 884567.652176324510947, 2181651.210862485226244 ], [ 885845.38838111422956, 2181670.436482373159379 ] ] ] } },
{ "type": "Feature", "properties": { "label": 1, "month": "11", "year": "2024" }, "geometry": { "type": "Polygon", "coordinates": [ [ [ 885825.915266350610182, 2182956.116224304307252 ], [ 885806.425310055492446, 2184241.826925275381655 ], [ 884528.752559911925346, 2184222.571423166897148 ], [ 884548.210760075948201, 2182936.875662046484649 ], [ 885825.915266350610182, 2182956.116224304307252 ] ] ] } },
{ "type": "Feature", "properties": { "label": 1, "month": "11", "year": "2024" }, "geometry": { "type": "Polygon", "coordinates": [ [ [ 885806.425310055492446, 2184241.826925275381655 ], [ 885786.918509844341315, 2185527.56864400440827 ], [ 884509.277573458501138, 2185508.298204585909843 ], [ 884528.752559911925346, 2184222.571423166897148 ], [ 885806.425310055492446, 2184241.826925275381655 ] ] ] } },
{ "type": "Feature", "properties": { "label": 1, "month": "11", "year": "2024" }, "geometry": { "type": "Polygon", "coordinates": [ [ [ 885767.394863324705511, 2186813.341439253650606 ], [ 885747.854368100408465, 2188099.145369820296764 ], [ 884470.277232155320235, 2188079.845063409768045 ], [ 884489.78579833288677, 2186794.056065073702484 ], [ 885767.394863324705511, 2186813.341439253650606 ] ] ] } },
{ "type": "Feature", "properties": { "label": 1, "month": "11", "year": "2024" }, "geometry": { "type": "Polygon", "coordinates": [ [ [ 885432.913056612480432, 2208676.290709118824452 ], [ 885413.085764420684427, 2209962.632954119239002 ], [ 884136.060254778712988, 2209943.079191125929356 ], [ 884155.854635971365497, 2208656.751834758557379 ], [ 885432.913056612480432, 2208676.290709118824452 ] ] ] } },
{ "type": "Feature", "properties": { "label": 1, "month": "11", "year": "2024" }, "geometry": { "type": "Polygon", "coordinates": [ [ [ 885413.085764420684427, 2209962.632954119239002 ], [ 885393.241579946829006, 2211249.007396128028631 ], [ 884116.249039178714156, 2211229.438747099600732 ], [ 884136.060254778712988, 2209943.079191125929356 ], [ 885413.085764420684427, 2209962.632954119239002 ] ] ] } },
{ "type": "Feature", "properties": { "label": 1, "month": "11", "year": "2024" }, "geometry": { "type": "Polygon", "coordinates": [ [ [ 885393.241579946829006, 2211249.007396128028631 ], [ 885373.38050074246712, 2212535.414094351232052 ], [ 884096.420986730372533, 2212515.830561860464513 ], [ 884116.249039178714156, 2211229.438747099600732 ], [ 885393.241579946829006, 2211249.007396128028631 ] ] ] } },
{ "type": "Feature", "properties": { "label": 1, "month": "11", "year": "2024" }, "geometry": { "type": "Polygon", "coordinates": [ [ [ 885373.38050074246712, 2212535.414094351232052 ], [ 885353.502524353563786, 2213821.853107973001897 ], [ 884076.576095001306385, 2213802.254694624338299 ], [ 884096.420986730372533, 2212515.830561860464513 ], [ 885373.38050074246712, 2212535.414094351232052 ] ] ] } },
{ "type": "Feature", "properties": { "label": 1, "month": "11", "year": "2024" }, "geometry": { "type": "Polygon", "coordinates": [ [ [ 887123.139895776286721, 2181689.692836561705917 ], [ 887103.635080224135891, 2182975.387570635415614 ], [ 885825.915266350610182, 2182956.116224304307252 ], [ 885845.38838111422956, 2181670.436482373159379 ], [ 887123.139895776286721, 2181689.692836561705917 ] ] ] } },
{ "type": "Feature", "properties": { "label": 1, "month": "11", "year": "2024" }, "geometry": { "type": "Polygon", "coordinates": [ [ [ 887103.635080224135891, 2182975.387570635415614 ], [ 887084.113365521887317, 2184261.113261209800839 ], [ 885806.425310055492446, 2184241.826925275381655 ], [ 885825.915266350610182, 2182956.116224304307252 ], [ 887103.635080224135891, 2182975.387570635415614 ] ] ] } },
{ "type": "Feature", "properties": { "label": 1, "month": "11", "year": "2024" }, "geometry": { "type": "Polygon", "coordinates": [ [ [ 887045.019229081342928, 2186832.657746769487858 ], [ 887025.446802528575063, 2188118.476659298408777 ], [ 885747.854368100408465, 2188099.145369820296764 ], [ 885767.394863324705511, 2186813.341439253650606 ], [ 887045.019229081342928, 2186832.657746769487858 ] ] ] } },
{ "type": "Feature", "properties": { "label": 1, "month": "11", "year": "2024" }, "geometry": { "type": "Polygon", "coordinates": [ [ [ 886709.98673880356364, 2208695.861361334566027 ], [ 886690.126533279661089, 2209982.218544582370669 ], [ 885413.085764420684427, 2209962.632954119239002 ], [ 885432.913056612480432, 2208676.290709118824452 ], [ 886709.98673880356364, 2208695.861361334566027 ] ] ] } },
{ "type": "Feature", "properties": { "label": 1, "month": "11", "year": "2024" }, "geometry": { "type": "Polygon", "coordinates": [ [ [ 886690.126533279661089, 2209982.218544582370669 ], [ 886670.249377599451691, 2211268.607922237366438 ], [ 885393.241579946829006, 2211249.007396128028631 ], [ 885413.085764420684427, 2209962.632954119239002 ], [ 886690.126533279661089, 2209982.218544582370669 ] ] ] } },
{ "type": "Feature", "properties": { "label": 1, "month": "11", "year": "2024" }, "geometry": { "type": "Polygon", "coordinates": [ [ [ 886670.249377599451691, 2211268.607922237366438 ], [ 886650.355269295163453, 2212555.029553506057709 ], [ 885373.38050074246712, 2212535.414094351232052 ], [ 885393.241579946829006, 2211249.007396128028631 ], [ 886670.249377599451691, 2211268.607922237366438 ] ] ] } },
{ "type": "Feature", "properties": { "label": 1, "month": "11", "year": "2024" }, "geometry": { "type": "Polygon", "coordinates": [ [ [ 886650.355269295163453, 2212555.029553506057709 ], [ 886630.444205908104777, 2213841.483497571200132 ], [ 885353.502524353563786, 2213821.853107973001897 ], [ 885373.38050074246712, 2212535.414094351232052 ], [ 886650.355269295163453, 2212555.029553506057709 ] ] ] } },
{ "type": "Feature", "properties": { "label": 1, "month": "11", "year": "2024" }, "geometry": { "type": "Polygon", "coordinates": [ [ [ 888381.37025424069725, 2182994.689703467767686 ], [ 888361.816778855049051, 2184280.430433403234929 ], [ 887084.113365521887317, 2184261.113261209800839 ], [ 887103.635080224135891, 2182975.387570635415614 ], [ 888381.37025424069725, 2182994.689703467767686 ] ] ] } },
{ "type": "Feature", "properties": { "label": 1, "month": "11", "year": "2024" }, "geometry": { "type": "Polygon", "coordinates": [ [ [ 888361.816778855049051, 2184280.430433403234929 ], [ 888342.246344292536378, 2185566.20217600883916 ], [ 887064.574749277206138, 2185546.869966994039714 ], [ 887084.113365521887317, 2184261.113261209800839 ], [ 888361.816778855049051, 2184280.430433403234929 ] ] ] } },
{ "type": "Feature", "properties": { "label": 1, "month": "11", "year": "2024" }, "geometry": { "type": "Polygon", "coordinates": [ [ [ 888006.951850641286001, 2207429.123755463864654 ], [ 887987.075735019985586, 2208715.463793905451894 ], [ 886709.98673880356364, 2208695.861361334566027 ], [ 886729.829996624030173, 2207409.536313355434686 ], [ 888006.951850641286001, 2207429.123755463864654 ] ] ] } },
{ "type": "Feature", "properties": { "label": 1, "month": "11", "year": "2024" }, "geometry": { "type": "Polygon", "coordinates": [ [ [ 887987.075735019985586, 2208715.463793905451894 ], [ 887967.182613829150796, 2210001.835964998230338 ], [ 886690.126533279661089, 2209982.218544582370669 ], [ 886709.98673880356364, 2208695.861361334566027 ], [ 887987.075735019985586, 2208715.463793905451894 ] ] ] } },
{ "type": "Feature", "properties": { "label": 1, "month": "11", "year": "2024" }, "geometry": { "type": "Polygon", "coordinates": [ [ [ 887967.182613829150796, 2210001.835964998230338 ], [ 887947.272484601358883, 2211288.240327911451459 ], [ 886670.249377599451691, 2211268.607922237366438 ], [ 886690.126533279661089, 2209982.218544582370669 ], [ 887967.182613829150796, 2210001.835964998230338 ] ] ] } },
{ "type": "Feature", "properties": { "label": 1, "month": "11", "year": "2024" }, "geometry": { "type": "Polygon", "coordinates": [ [ [ 887947.272484601358883, 2211288.240327911451459 ], [ 887927.345344859175384, 2212574.676941815298051 ], [ 886650.355269295163453, 2212555.029553506057709 ], [ 886670.249377599451691, 2211268.607922237366438 ], [ 887947.272484601358883, 2211288.240327911451459 ] ] ] } },
{ "type": "Feature", "properties": { "label": 1, "month": "11", "year": "2024" }, "geometry": { "type": "Polygon", "coordinates": [ [ [ 889659.120840949006379, 2183014.022625215351582 ], [ 889639.53560259914957, 2184299.77844428922981 ], [ 888361.816778855049051, 2184280.430433403234929 ], [ 888381.37025424069725, 2182994.689703467767686 ], [ 889659.120840949006379, 2183014.022625215351582 ] ] ] } },
{ "type": "Feature", "properties": { "label": 1, "month": "11", "year": "2024" }, "geometry": { "type": "Polygon", "coordinates": [ [ [ 889639.53560259914957, 2184299.77844428922981 ], [ 889619.933347434853204, 2185585.565273472573608 ], [ 888342.246344292536378, 2185566.20217600883916 ], [ 888361.816778855049051, 2184280.430433403234929 ], [ 889639.53560259914957, 2184299.77844428922981 ] ] ] } },
{ "type": "Feature", "properties": { "label": 1, "month": "11", "year": "2024" }, "geometry": { "type": "Polygon", "coordinates": [ [ [ 889284.089073500828817, 2207448.742930788546801 ], [ 889264.180097743985243, 2208735.098009307868779 ], [ 887987.075735019985586, 2208715.463793905451894 ], [ 888006.951850641286001, 2207429.123755463864654 ], [ 889284.089073500828817, 2207448.742930788546801 ] ] ] } },
{ "type": "Feature", "properties": { "label": 1, "month": "11", "year": "2024" }, "geometry": { "type": "Polygon", "coordinates": [ [ [ 889264.180097743985243, 2208735.098009307868779 ], [ 889244.254058544756845, 2210021.485217873007059 ], [ 887967.182613829150796, 2210001.835964998230338 ], [ 887987.075735019985586, 2208715.463793905451894 ], [ 889264.180097743985243, 2208735.098009307868779 ] ] ] } },
{ "type": "Feature", "properties": { "label": 1, "month": "11", "year": "2024" }, "geometry": { "type": "Polygon", "coordinates": [ [ [ 889244.254058544756845, 2210021.485217873007059 ], [ 889224.310953428968787, 2211307.90461563738063 ], [ 887947.272484601358883, 2211288.240327911451459 ], [ 887967.182613829150796, 2210001.835964998230338 ], [ 889244.254058544756845, 2210021.485217873007059 ] ] ] } },
{ "type": "Feature", "properties": { "label": 1, "month": "11", "year": "2024" }, "geometry": { "type": "Polygon", "coordinates": [ [ [ 891170.960013116244227, 2167606.532074504997581 ], [ 891151.547713670879602, 2168891.935516880359501 ], [ 889873.436044537462294, 2168872.738500320818275 ], [ 889892.817269428400323, 2167587.350227426271886 ], [ 891170.960013116244227, 2167606.532074504997581 ] ] ] } },
{ "type": "Feature", "properties": { "label": 1, "month": "11", "year": "2024" }, "geometry": { "type": "Polygon", "coordinates": [ [ [ 891151.547713670879602, 2168891.935516880359501 ], [ 891132.118368826224469, 2170177.369263416156173 ], [ 889854.037831736262888, 2170158.157079904805869 ], [ 889873.436044537462294, 2168872.738500320818275 ], [ 891151.547713670879602, 2168891.935516880359501 ] ] ] } },
{ "type": "Feature", "properties": { "label": 1, "month": "11", "year": "2024" }, "geometry": { "type": "Polygon", "coordinates": [ [ [ 891054.230487316614017, 2175319.408461538143456 ], [ 891034.715879343450069, 2176604.994606831111014 ], [ 889756.79186527011916, 2176585.70662664854899 ], [ 889776.275053557590581, 2175300.135635600890964 ], [ 891054.230487316614017, 2175319.408461538143456 ] ] ] } },
{ "type": "Feature", "properties": { "label": 1, "month": "11", "year": "2024" }, "geometry": { "type": "Polygon", "coordinates": [ [ [ 890936.886892901849933, 2183033.386338323820382 ], [ 890917.269889298710041, 2184319.157296304125339 ], [ 889639.53560259914957, 2184299.77844428922981 ], [ 889659.120840949006379, 2183014.022625215351582 ], [ 890936.886892901849933, 2183033.386338323820382 ] ] ] } },
{ "type": "Feature", "properties": { "label": 1, "month": "11", "year": "2024" }, "geometry": { "type": "Polygon", "coordinates": [ [ [ 890917.269889298710041, 2184319.157296304125339 ], [ 890897.635811243439093, 2185604.959261829499155 ], [ 889619.933347434853204, 2185585.565273472573608 ], [ 889639.53560259914957, 2184299.77844428922981 ], [ 890917.269889298710041, 2184319.157296304125339 ] ] ] } },
{ "type": "Feature", "properties": { "label": 1, "month": "11", "year": "2024" }, "geometry": { "type": "Polygon", "coordinates": [ [ [ 890561.241717689670622, 2207468.393841814715415 ], [ 890541.299879451282322, 2208754.76401003729552 ], [ 889264.180097743985243, 2208735.098009307868779 ], [ 889284.089073500828817, 2207448.742930788546801 ], [ 890561.241717689670622, 2207468.393841814715415 ] ] ] } },
{ "type": "Feature", "properties": { "label": 1, "month": "11", "year": "2024" }, "geometry": { "type": "Polygon", "coordinates": [ [ [ 890541.299879451282322, 2208754.76401003729552 ], [ 890521.340919906273484, 2210041.166305688675493 ], [ 889244.254058544756845, 2210021.485217873007059 ], [ 889264.180097743985243, 2208735.098009307868779 ], [ 890541.299879451282322, 2208754.76401003729552 ] ] ] } },
{ "type": "Feature", "properties": { "label": 1, "month": "11", "year": "2024" }, "geometry": { "type": "Polygon", "coordinates": [ [ [ 890521.340919906273484, 2210041.166305688675493 ], [ 890501.364836553111672, 2211327.600787923205644 ], [ 889224.310953428968787, 2211307.90461563738063 ], [ 889244.254058544756845, 2210021.485217873007059 ], [ 890521.340919906273484, 2210041.166305688675493 ] ] ] } },
{ "type": "Feature", "properties": { "label": 1, "month": "11", "year": "2024" }, "geometry": { "type": "Polygon", "coordinates": [ [ [ 892487.953755322378129, 2165054.997465046588331 ], [ 892468.544577613705769, 2166340.355698936153203 ], [ 891190.355269566178322, 2166321.15887781791389 ], [ 891209.733485420001671, 2165035.815868344623595 ], [ 892487.953755322378129, 2165054.997465046588331 ] ] ] } },
{ "type": "Feature", "properties": { "label": 1, "month": "11", "year": "2024" }, "geometry": { "type": "Polygon", "coordinates": [ [ [ 892449.118301839800552, 2167625.744117514695972 ], [ 892429.67492558574304, 2168911.16277924226597 ], [ 891151.547713670879602, 2168891.935516880359501 ], [ 891170.960013116244227, 2167606.532074504997581 ], [ 892449.118301839800552, 2167625.744117514695972 ] ] ] } },
{ "type": "Feature", "properties": { "label": 1, "month": "11", "year": "2024" }, "geometry": { "type": "Polygon", "coordinates": [ [ [ 892429.67492558574304, 2168911.16277924226597 ], [ 892410.214446440106258, 2170196.61174259101972 ], [ 891132.118368826224469, 2170177.369263416156173 ], [ 891151.547713670879602, 2168891.935516880359501 ], [ 892429.67492558574304, 2168911.16277924226597 ] ] ] } },
{ "type": "Feature", "properties": { "label": 1, "month": "11", "year": "2024" }, "geometry": { "type": "Polygon", "coordinates": [ [ [ 892410.214446440106258, 2170196.61174259101972 ], [ 892390.73686198447831, 2171482.091066058725119 ], [ 891112.67197617678903, 2171462.833372620400041 ], [ 891132.118368826224469, 2170177.369263416156173 ], [ 892410.214446440106258, 2170196.61174259101972 ] ] ] } },
{ "type": "Feature", "properties": { "label": 1, "month": "11", "year": "2024" }, "geometry": { "type": "Polygon", "coordinates": [ [ [ 892390.73686198447831, 2171482.091066058725119 ], [ 892371.242169798933901, 2172767.600808167364448 ], [ 891093.208533318014815, 2172748.327903014142066 ], [ 891112.67197617678903, 2171462.833372620400041 ], [ 892390.73686198447831, 2171482.091066058725119 ] ] ] } },
{ "type": "Feature", "properties": { "label": 1, "month": "11", "year": "2024" }, "geometry": { "type": "Polygon", "coordinates": [ [ [ 892371.242169798933901, 2172767.600808167364448 ], [ 892351.7303674594732, 2174053.14102744916454 ], [ 891073.72803783416748, 2174033.852913125418127 ], [ 891093.208533318014815, 2172748.327903014142066 ], [ 892371.242169798933901, 2172767.600808167364448 ] ] ] } },
{ "type": "Feature", "properties": { "label": 1, "month": "11", "year": "2024" }, "geometry": { "type": "Polygon", "coordinates": [ [ [ 892351.7303674594732, 2174053.14102744916454 ], [ 892332.201452541863546, 2175338.71178248571232 ], [ 891054.230487316614017, 2175319.408461538143456 ], [ 891073.72803783416748, 2174033.852913125418127 ], [ 892351.7303674594732, 2174053.14102744916454 ] ] ] } },
{ "type": "Feature", "properties": { "label": 1, "month": "11", "year": "2024" }, "geometry": { "type": "Polygon", "coordinates": [ [ [ 892332.201452541863546, 2175338.71178248571232 ], [ 892312.655422614887357, 2176624.313131831586361 ], [ 891034.715879343450069, 2176604.994606831111014 ], [ 891054.230487316614017, 2175319.408461538143456 ], [ 892332.201452541863546, 2175338.71178248571232 ] ] ] } },
{ "type": "Feature", "properties": { "label": 1, "month": "11", "year": "2024" }, "geometry": { "type": "Polygon", "coordinates": [ [ [ 892293.092275248141959, 2177909.945134110748768 ], [ 892273.512008006451651, 2179195.60784793831408 ], [ 890995.635481359553523, 2179176.258922480978072 ], [ 891015.184211498592049, 2177890.611407605465502 ], [ 892293.092275248141959, 2177909.945134110748768 ] ] ] } },
{ "type": "Feature", "properties": { "label": 1, "month": "11", "year": "2024" }, "geometry": { "type": "Polygon", "coordinates": [ [ [ 892195.019691503839567, 2184338.566991883795708 ], [ 892175.35378826840315, 2185624.384143522009254 ], [ 890897.635811243439093, 2185604.959261829499155 ], [ 890917.269889298710041, 2184319.157296304125339 ], [ 892195.019691503839567, 2184338.566991883795708 ] ] ] } },
{ "type": "Feature", "properties": { "label": 1, "month": "11", "year": "2024" }, "geometry": { "type": "Polygon", "coordinates": [ [ [ 892175.35378826840315, 2185624.384143522009254 ], [ 892155.670750489924103, 2186910.232358881738037 ], [ 890877.984656298533082, 2186890.792293658014387 ], [ 890897.635811243439093, 2185604.959261829499155 ], [ 892175.35378826840315, 2185624.384143522009254 ] ] ] } },
{ "type": "Feature", "properties": { "label": 1, "month": "11", "year": "2024" }, "geometry": { "type": "Polygon", "coordinates": [ [ [ 892155.670750489924103, 2186910.232358881738037 ], [ 892135.970575712271966, 2188196.111696724314243 ], [ 890858.316422021365725, 2188176.656450547277927 ], [ 890877.984656298533082, 2186890.792293658014387 ], [ 892155.670750489924103, 2186910.232358881738037 ] ] ] } },
{ "type": "Feature", "properties": { "label": 1, "month": "11", "year": "2024" }, "geometry": { "type": "Polygon", "coordinates": [ [ [ 891838.409835690050386, 2207488.076491039711982 ], [ 891818.435132634709589, 2208774.46179859759286 ], [ 890541.299879451282322, 2208754.76401003729552 ], [ 890561.241717689670622, 2207468.393841814715415 ], [ 891838.409835690050386, 2207488.076491039711982 ] ] ] } },
{ "type": "Feature", "properties": { "label": 1, "month": "11", "year": "2024" }, "geometry": { "type": "Polygon", "coordinates": [ [ [ 891818.435132634709589, 2208774.46179859759286 ], [ 891798.443250392214395, 2210060.879230958875269 ], [ 890521.340919906273484, 2210041.166305688675493 ], [ 890541.299879451282322, 2208754.76401003729552 ], [ 891818.435132634709589, 2208774.46179859759286 ] ] ] } },
{ "type": "Feature", "properties": { "label": 1, "month": "11", "year": "2024" }, "geometry": { "type": "Polygon", "coordinates": [ [ [ 891798.443250392214395, 2210060.879230958875269 ], [ 891778.434186452999711, 2211347.328847272321582 ], [ 890501.364836553111672, 2211327.600787923205644 ], [ 890521.340919906273484, 2210041.166305688675493 ], [ 891798.443250392214395, 2210060.879230958875269 ] ] ] } },
{ "type": "Feature", "properties": { "label": 1, "month": "11", "year": "2024" }, "geometry": { "type": "Polygon", "coordinates": [ [ [ 893901.790467904880643, 2156077.434797020629048 ], [ 893882.47034725768026, 2157362.598665243014693 ], [ 892604.049896829179488, 2157343.478669041302055 ], [ 892623.339455344132148, 2156058.330092855729163 ], [ 893901.790467904880643, 2156077.434797020629048 ] ] ] } },
{ "type": "Feature", "properties": { "label": 1, "month": "11", "year": "2024" }, "geometry": { "type": "Polygon", "coordinates": [ [ [ 893882.47034725768026, 2157362.598665243014693 ], [ 893863.133087951922789, 2158647.792306989431381 ], [ 892584.743257047608495, 2158628.657021280378103 ], [ 892604.049896829179488, 2157343.478669041302055 ], [ 893882.47034725768026, 2157362.598665243014693 ] ] ] } },
{ "type": "Feature", "properties": { "label": 1, "month": "11", "year": "2024" }, "geometry": { "type": "Polygon", "coordinates": [ [ [ 893843.778687585494481, 2159933.015780582092702 ], [ 893824.407143754186109, 2161218.269144350197166 ], [ 892546.078724110731855, 2161199.103287207894027 ], [ 892565.419533608015627, 2159913.865207888185978 ], [ 893843.778687585494481, 2159933.015780582092702 ] ] ] } },
{ "type": "Feature", "properties": { "label": 1, "month": "11", "year": "2024" }, "geometry": { "type": "Polygon", "coordinates": [ [ [ 893824.407143754186109, 2161218.269144350197166 ], [ 893805.018454047385603, 2162503.552456642035395 ], [ 892526.720826166216284, 2162484.371317588724196 ], [ 892546.078724110731855, 2161199.103287207894027 ], [ 893824.407143754186109, 2161218.269144350197166 ] ] ] } },
{ "type": "Feature", "properties": { "label": 1, "month": "11", "year": "2024" }, "geometry": { "type": "Polygon", "coordinates": [ [ [ 893805.018454047385603, 2162503.552456642035395 ], [ 893785.612616055062972, 2163788.865775845013559 ], [ 892507.345837369561195, 2163769.669357398990542 ], [ 892526.720826166216284, 2162484.371317588724196 ], [ 893805.018454047385603, 2162503.552456642035395 ] ] ] } },
{ "type": "Feature", "properties": { "label": 1, "month": "11", "year": "2024" }, "geometry": { "type": "Polygon", "coordinates": [ [ [ 893766.189627361018211, 2165074.209160329308361 ], [ 893746.749485546490178, 2166359.582668527495116 ], [ 892468.544577613705769, 2166340.355698936153203 ], [ 892487.953755322378129, 2165054.997465046588331 ], [ 893766.189627361018211, 2165074.209160329308361 ] ] ] } },
{ "type": "Feature", "properties": { "label": 1, "month": "11", "year": "2024" }, "geometry": { "type": "Polygon", "coordinates": [ [ [ 893746.749485546490178, 2166359.582668527495116 ], [ 893727.292188192019239, 2167644.986358871217817 ], [ 892449.118301839800552, 2167625.744117514695972 ], [ 892468.544577613705769, 2166340.355698936153203 ], [ 893746.749485546490178, 2166359.582668527495116 ] ] ] } },
{ "type": "Feature", "properties": { "label": 1, "month": "11", "year": "2024" }, "geometry": { "type": "Polygon", "coordinates": [ [ [ 893727.292188192019239, 2167644.986358871217817 ], [ 893707.817732875468209, 2168930.420289812143892 ], [ 892429.67492558574304, 2168911.16277924226597 ], [ 892449.118301839800552, 2167625.744117514695972 ], [ 893727.292188192019239, 2167644.986358871217817 ] ] ] } },
{ "type": "Feature", "properties": { "label": 1, "month": "11", "year": "2024" }, "geometry": { "type": "Polygon", "coordinates": [ [ [ 893688.32611716655083, 2170215.884519825223833 ], [ 893668.817338642547838, 2171501.379107405431569 ], [ 892390.73686198447831, 2171482.091066058725119 ], [ 892410.214446440106258, 2170196.61174259101972 ], [ 893688.32611716655083, 2170215.884519825223833 ] ] ] } },
{ "type": "Feature", "properties": { "label": 1, "month": "11", "year": "2024" }, "geometry": { "type": "Polygon", "coordinates": [ [ [ 893668.817338642547838, 2171501.379107405431569 ], [ 893649.291394864441827, 2172786.904111072886735 ], [ 892371.242169798933901, 2172767.600808167364448 ], [ 892390.73686198447831, 2171482.091066058725119 ], [ 893668.817338642547838, 2171501.379107405431569 ] ] ] } },
{ "type": "Feature", "properties": { "label": 1, "month": "11", "year": "2024" }, "geometry": { "type": "Polygon", "coordinates": [ [ [ 893649.291394864441827, 2172786.904111072886735 ], [ 893629.748283398570493, 2174072.459589366335422 ], [ 892351.7303674594732, 2174053.14102744916454 ], [ 892371.242169798933901, 2172767.600808167364448 ], [ 893649.291394864441827, 2172786.904111072886735 ] ] ] } },
{ "type": "Feature", "properties": { "label": 1, "month": "11", "year": "2024" }, "geometry": { "type": "Polygon", "coordinates": [ [ [ 893629.748283398570493, 2174072.459589366335422 ], [ 893610.18800181010738, 2175358.045600841753185 ], [ 892332.201452541863546, 2175338.71178248571232 ], [ 892351.7303674594732, 2174053.14102744916454 ], [ 893629.748283398570493, 2174072.459589366335422 ] ] ] } },
{ "type": "Feature", "properties": { "label": 1, "month": "11", "year": "2024" }, "geometry": { "type": "Polygon", "coordinates": [ [ [ 893551.404111865442246, 2179214.987420251592994 ], [ 893531.775125337415375, 2180500.696150451432914 ], [ 892253.914618454407901, 2180481.301331953145564 ], [ 892273.512008006451651, 2179195.60784793831408 ], [ 893551.404111865442246, 2179214.987420251592994 ] ] ] } },
{ "type": "Feature", "properties": { "label": 1, "month": "11", "year": "2024" }, "geometry": { "type": "Polygon", "coordinates": [ [ [ 893472.785061769885942, 2184358.007533490192145 ], [ 893453.087331060436554, 2185643.839921002741903 ], [ 892175.35378826840315, 2185624.384143522009254 ], [ 892195.019691503839567, 2184338.566991883795708 ], [ 893472.785061769885942, 2184358.007533490192145 ] ] ] } },
{ "type": "Feature", "properties": { "label": 1, "month": "11", "year": "2024" }, "geometry": { "type": "Polygon", "coordinates": [ [ [ 893453.087331060436554, 2185643.839921002741903 ], [ 893433.372408148599789, 2186929.703369646333158 ], [ 892155.670750489924103, 2186910.232358881738037 ], [ 892175.35378826840315, 2185624.384143522009254 ], [ 893453.087331060436554, 2185643.839921002741903 ] ] ] } },
{ "type": "Feature", "properties": { "label": 1, "month": "11", "year": "2024" }, "geometry": { "type": "Polygon", "coordinates": [ [ [ 893115.593480000272393, 2207507.790880972053856 ], [ 893095.58590977685526, 2208794.191377489361912 ], [ 891818.435132634709589, 2208774.46179859759286 ], [ 891838.409835690050386, 2207488.076491039711982 ], [ 893115.593480000272393, 2207507.790880972053856 ] ] ] } },
{ "type": "Feature", "properties": { "label": 1, "month": "11", "year": "2024" }, "geometry": { "type": "Polygon", "coordinates": [ [ [ 893095.58590977685526, 2208794.191377489361912 ], [ 893075.561102488078177, 2210080.623996180482209 ], [ 891798.443250392214395, 2210060.879230958875269 ], [ 891818.435132634709589, 2208774.46179859759286 ], [ 893095.58590977685526, 2208794.191377489361912 ] ] ] } },
{ "type": "Feature", "properties": { "label": 1, "month": "11", "year": "2024" }, "geometry": { "type": "Polygon", "coordinates": [ [ [ 893075.561102488078177, 2210080.623996180482209 ], [ 893055.519055614015087, 2211367.088796200696379 ], [ 891778.434186452999711, 2211347.328847272321582 ], [ 891798.443250392214395, 2210060.879230958875269 ], [ 893075.561102488078177, 2210080.623996180482209 ] ] ] } },
{ "type": "Feature", "properties": { "label": 1, "month": "11", "year": "2024" }, "geometry": { "type": "Polygon", "coordinates": [ [ [ 895199.590642290888354, 2154811.419755314476788 ], [ 895180.257150908000767, 2156096.569252786692232 ], [ 893901.790467904880643, 2156077.434797020629048 ], [ 893921.093452299712226, 2154792.30064404103905 ], [ 895199.590642290888354, 2154811.419755314476788 ] ] ] } },
{ "type": "Feature", "properties": { "label": 1, "month": "11", "year": "2024" }, "geometry": { "type": "Polygon", "coordinates": [ [ [ 895180.257150908000767, 2156096.569252786692232 ], [ 895160.906465890468098, 2157381.748462980613112 ], [ 893882.47034725768026, 2157362.598665243014693 ], [ 893901.790467904880643, 2156077.434797020629048 ], [ 895180.257150908000767, 2156096.569252786692232 ] ] ] } },
{ "type": "Feature", "properties": { "label": 1, "month": "11", "year": "2024" }, "geometry": { "type": "Polygon", "coordinates": [ [ [ 895160.906465890468098, 2157381.748462980613112 ], [ 895141.538584824418649, 2158666.957444164901972 ], [ 893863.133087951922789, 2158647.792306989431381 ], [ 893882.47034725768026, 2157362.598665243014693 ], [ 895160.906465890468098, 2157381.748462980613112 ] ] ] } },
{ "type": "Feature", "properties": { "label": 1, "month": "11", "year": "2024" }, "geometry": { "type": "Polygon", "coordinates": [ [ [ 895141.538584824418649, 2158666.957444164901972 ], [ 895122.153505295049399, 2159952.196254654787481 ], [ 893843.778687585494481, 2159933.015780582092702 ], [ 893863.133087951922789, 2158647.792306989431381 ], [ 895141.538584824418649, 2158666.957444164901972 ] ] ] } },
{ "type": "Feature", "properties": { "label": 1, "month": "11", "year": "2024" }, "geometry": { "type": "Polygon", "coordinates": [ [ [ 895122.153505295049399, 2159952.196254654787481 ], [ 895102.751224882551469, 2161237.46495278691873 ], [ 893824.407143754186109, 2161218.269144350197166 ], [ 893843.778687585494481, 2159933.015780582092702 ], [ 895122.153505295049399, 2159952.196254654787481 ] ] ] } },
{ "type": "Feature", "properties": { "label": 1, "month": "11", "year": "2024" }, "geometry": { "type": "Polygon", "coordinates": [ [ [ 895102.751224882551469, 2161237.46495278691873 ], [ 895083.331741171423346, 2162522.763596909120679 ], [ 893805.018454047385603, 2162503.552456642035395 ], [ 893824.407143754186109, 2161218.269144350197166 ], [ 895102.751224882551469, 2161237.46495278691873 ] ] ] } },
{ "type": "Feature", "properties": { "label": 1, "month": "11", "year": "2024" }, "geometry": { "type": "Polygon", "coordinates": [ [ [ 895083.331741171423346, 2162522.763596909120679 ], [ 895063.895051730796695, 2163808.092245380859822 ], [ 893785.612616055062972, 2163788.865775845013559 ], [ 893805.018454047385603, 2162503.552456642035395 ], [ 895083.331741171423346, 2162522.763596909120679 ] ] ] } },
{ "type": "Feature", "properties": { "label": 1, "month": "11", "year": "2024" }, "geometry": { "type": "Polygon", "coordinates": [ [ [ 895063.895051730796695, 2163808.092245380859822 ], [ 895044.441154139349237, 2165093.450956613291055 ], [ 893766.189627361018211, 2165074.209160329308361 ], [ 893785.612616055062972, 2163788.865775845013559 ], [ 895063.895051730796695, 2163808.092245380859822 ] ] ] } },
{ "type": "Feature", "properties": { "label": 1, "month": "11", "year": "2024" }, "geometry": { "type": "Polygon", "coordinates": [ [ [ 895024.970045965630561, 2166378.839789000339806 ], [ 895005.481724774464965, 2167664.258800972718745 ], [ 893727.292188192019239, 2167644.986358871217817 ], [ 893746.749485546490178, 2166359.582668527495116 ], [ 895024.970045965630561, 2166378.839789000339806 ] ] ] } },
{ "type": "Feature", "properties": { "label": 1, "month": "11", "year": "2024" }, "geometry": { "type": "Polygon", "coordinates": [ [ [ 895005.481724774464965, 2167664.258800972718745 ], [ 894985.976188131142408, 2168949.70805099606514 ], [ 893707.817732875468209, 2168930.420289812143892 ], [ 893727.292188192019239, 2167644.986358871217817 ], [ 895005.481724774464965, 2167664.258800972718745 ] ] ] } },
{ "type": "Feature", "properties": { "label": 1, "month": "11", "year": "2024" }, "geometry": { "type": "Polygon", "coordinates": [ [ [ 894966.45343359943945, 2170235.187597541604191 ], [ 894946.913458736729808, 2171520.697499092202634 ], [ 893668.817338642547838, 2171501.379107405431569 ], [ 893688.32611716655083, 2170215.884519825223833 ], [ 894966.45343359943945, 2170235.187597541604191 ] ] ] } },
{ "type": "Feature", "properties": { "label": 1, "month": "11", "year": "2024" }, "geometry": { "type": "Polygon", "coordinates": [ [ [ 894946.913458736729808, 2171520.697499092202634 ], [ 894927.356261098524556, 2172806.237814169377089 ], [ 893649.291394864441827, 2172786.904111072886735 ], [ 893668.817338642547838, 2171501.379107405431569 ], [ 894946.913458736729808, 2171520.697499092202634 ] ] ] } },
{ "type": "Feature", "properties": { "label": 1, "month": "11", "year": "2024" }, "geometry": { "type": "Polygon", "coordinates": [ [ [ 894927.356261098524556, 2172806.237814169377089 ], [ 894907.78183823521249, 2174091.808601308614016 ], [ 893629.748283398570493, 2174072.459589366335422 ], [ 893649.291394864441827, 2172786.904111072886735 ], [ 894927.356261098524556, 2172806.237814169377089 ] ] ] } },
{ "type": "Feature", "properties": { "label": 1, "month": "11", "year": "2024" }, "geometry": { "type": "Polygon", "coordinates": [ [ [ 894907.78183823521249, 2174091.808601308614016 ], [ 894888.190187699859962, 2175377.409919058904052 ], [ 893610.18800181010738, 2175358.045600841753185 ], [ 893629.748283398570493, 2174072.459589366335422 ], [ 894907.78183823521249, 2174091.808601308614016 ] ] ] } },
{ "type": "Feature", "properties": { "label": 1, "month": "11", "year": "2024" }, "geometry": { "type": "Polygon", "coordinates": [ [ [ 894829.311845505144447, 2179234.397641875781119 ], [ 894809.651259715668857, 2180520.121668053325266 ], [ 893531.775125337415375, 2180500.696150451432914 ], [ 893551.404111865442246, 2179214.987420251592994 ], [ 894829.311845505144447, 2179234.397641875781119 ] ] ] } },
{ "type": "Feature", "properties": { "label": 1, "month": "11", "year": "2024" }, "geometry": { "type": "Polygon", "coordinates": [ [ [ 894809.651259715668857, 2180520.121668053325266 ], [ 894789.973433955339715, 2181805.87651793891564 ], [ 893512.128956450731494, 2181786.435706930235028 ], [ 893531.775125337415375, 2180500.696150451432914 ], [ 894809.651259715668857, 2180520.121668053325266 ] ] ] } },
{ "type": "Feature", "properties": { "label": 1, "month": "11", "year": "2024" }, "geometry": { "type": "Polygon", "coordinates": [ [ [ 894412.815850437385961, 2206241.153339387848973 ], [ 894392.792703110957518, 2207527.537014097906649 ], [ 893115.593480000272393, 2207507.790880972053856 ], [ 893135.583815677557141, 2206221.422447495162487 ], [ 894412.815850437385961, 2206241.153339387848973 ] ] ] } },
{ "type": "Feature", "properties": { "label": 1, "month": "11", "year": "2024" }, "geometry": { "type": "Polygon", "coordinates": [ [ [ 894392.792703110957518, 2207527.537014097906649 ], [ 894372.752263368456624, 2208813.952749217860401 ], [ 893095.58590977685526, 2208794.191377489361912 ], [ 893115.593480000272393, 2207507.790880972053856 ], [ 894392.792703110957518, 2207527.537014097906649 ] ] ] } },
{ "type": "Feature", "properties": { "label": 1, "month": "11", "year": "2024" }, "geometry": { "type": "Polygon", "coordinates": [ [ [ 896478.103557590860873, 2154830.568570620380342 ], [ 896458.739556981949136, 2156115.733462537638843 ], [ 895180.257150908000767, 2156096.569252786692232 ], [ 895199.590642290888354, 2154811.419755314476788 ], [ 896478.103557590860873, 2154830.568570620380342 ] ] ] } },
{ "type": "Feature", "properties": { "label": 1, "month": "11", "year": "2024" }, "geometry": { "type": "Polygon", "coordinates": [ [ [ 896458.739556981949136, 2156115.733462537638843 ], [ 896439.358305358677171, 2157400.928064640145749 ], [ 895160.906465890468098, 2157381.748462980613112 ], [ 895180.257150908000767, 2156096.569252786692232 ], [ 896458.739556981949136, 2156115.733462537638843 ] ] ] } },
{ "type": "Feature", "properties": { "label": 1, "month": "11", "year": "2024" }, "geometry": { "type": "Polygon", "coordinates": [ [ [ 896439.358305358677171, 2157400.928064640145749 ], [ 896419.959800291340798, 2158686.152435191906989 ], [ 895141.538584824418649, 2158666.957444164901972 ], [ 895160.906465890468098, 2157381.748462980613112 ], [ 896439.358305358677171, 2157400.928064640145749 ] ] ] } },
{ "type": "Feature", "properties": { "label": 1, "month": "11", "year": "2024" }, "geometry": { "type": "Polygon", "coordinates": [ [ [ 896419.959800291340798, 2158686.152435191906989 ], [ 896400.544039352796972, 2159971.406632505357265 ], [ 895122.153505295049399, 2159952.196254654787481 ], [ 895141.538584824418649, 2158666.957444164901972 ], [ 896419.959800291340798, 2158686.152435191906989 ] ] ] } },
{ "type": "Feature", "properties": { "label": 1, "month": "11", "year": "2024" }, "geometry": { "type": "Polygon", "coordinates": [ [ [ 896400.544039352796972, 2159971.406632505357265 ], [ 896381.111020117532462, 2161256.690714921336621 ], [ 895102.751224882551469, 2161237.46495278691873 ], [ 895122.153505295049399, 2159952.196254654787481 ], [ 896400.544039352796972, 2159971.406632505357265 ] ] ] } },
{ "type": "Feature", "properties": { "label": 1, "month": "11", "year": "2024" }, "geometry": { "type": "Polygon", "coordinates": [ [ [ 896381.111020117532462, 2161256.690714921336621 ], [ 896361.660740149905905, 2162542.004740766715258 ], [ 895083.331741171423346, 2162522.763596909120679 ], [ 895102.751224882551469, 2161237.46495278691873 ], [ 896381.111020117532462, 2161256.690714921336621 ] ] ] } },
{ "type": "Feature", "properties": { "label": 1, "month": "11", "year": "2024" }, "geometry": { "type": "Polygon", "coordinates": [ [ [ 896361.660740149905905, 2162542.004740766715258 ], [ 896342.193197013693862, 2163827.348768429365009 ], [ 895063.895051730796695, 2163808.092245380859822 ], [ 895083.331741171423346, 2162522.763596909120679 ], [ 896361.660740149905905, 2162542.004740766715258 ] ] ] } },
{ "type": "Feature", "properties": { "label": 1, "month": "11", "year": "2024" }, "geometry": { "type": "Polygon", "coordinates": [ [ [ 896342.193197013693862, 2163827.348768429365009 ], [ 896322.708388269529678, 2165112.722856289241463 ], [ 895044.441154139349237, 2165093.450956613291055 ], [ 895063.895051730796695, 2163808.092245380859822 ], [ 896342.193197013693862, 2163827.348768429365009 ] ] ] } },
{ "type": "Feature", "properties": { "label": 1, "month": "11", "year": "2024" }, "geometry": { "type": "Polygon", "coordinates": [ [ [ 896322.708388269529678, 2165112.722856289241463 ], [ 896303.206311475601979, 2166398.127062748651952 ], [ 895024.970045965630561, 2166378.839789000339806 ], [ 895044.441154139349237, 2165093.450956613291055 ], [ 896322.708388269529678, 2165112.722856289241463 ] ] ] } },
{ "type": "Feature", "properties": { "label": 1, "month": "11", "year": "2024" }, "geometry": { "type": "Polygon", "coordinates": [ [ [ 896303.206311475601979, 2166398.127062748651952 ], [ 896283.686964186374098, 2167683.561446242965758 ], [ 895005.481724774464965, 2167664.258800972718745 ], [ 895024.970045965630561, 2166378.839789000339806 ], [ 896303.206311475601979, 2166398.127062748651952 ] ] ] } },
{ "type": "Feature", "properties": { "label": 1, "month": "11", "year": "2024" }, "geometry": { "type": "Polygon", "coordinates": [ [ [ 896283.686964186374098, 2167683.561446242965758 ], [ 896264.150343956658617, 2168969.026065225247294 ], [ 894985.976188131142408, 2168949.70805099606514 ], [ 895005.481724774464965, 2167664.258800972718745 ], [ 896283.686964186374098, 2167683.561446242965758 ] ] ] } },
{ "type": "Feature", "properties": { "label": 1, "month": "11", "year": "2024" }, "geometry": { "type": "Polygon", "coordinates": [ [ [ 896264.150343956658617, 2168969.026065225247294 ], [ 896244.596448333235458, 2170254.520978157874197 ], [ 894966.45343359943945, 2170235.187597541604191 ], [ 894985.976188131142408, 2168949.70805099606514 ], [ 896264.150343956658617, 2168969.026065225247294 ] ] ] } },
{ "type": "Feature", "properties": { "label": 1, "month": "11", "year": "2024" }, "geometry": { "type": "Polygon", "coordinates": [ [ [ 896244.596448333235458, 2170254.520978157874197 ], [ 896225.025274864165112, 2171540.046243537217379 ], [ 894946.913458736729808, 2171520.697499092202634 ], [ 894966.45343359943945, 2170235.187597541604191 ], [ 896244.596448333235458, 2170254.520978157874197 ] ] ] } },
{ "type": "Feature", "properties": { "label": 1, "month": "11", "year": "2024" }, "geometry": { "type": "Polygon", "coordinates": [ [ [ 896225.025274864165112, 2171540.046243537217379 ], [ 896205.436821090290323, 2172825.601919869892299 ], [ 894927.356261098524556, 2172806.237814169377089 ], [ 894946.913458736729808, 2171520.697499092202634 ], [ 896225.025274864165112, 2171540.046243537217379 ] ] ] } },
{ "type": "Feature", "properties": { "label": 1, "month": "11", "year": "2024" }, "geometry": { "type": "Polygon", "coordinates": [ [ [ 896205.436821090290323, 2172825.601919869892299 ], [ 896185.831084556644782, 2174111.188065696507692 ], [ 894907.78183823521249, 2174091.808601308614016 ], [ 894927.356261098524556, 2172806.237814169377089 ], [ 896205.436821090290323, 2172825.601919869892299 ] ] ] } },
{ "type": "Feature", "properties": { "label": 1, "month": "11", "year": "2024" }, "geometry": { "type": "Polygon", "coordinates": [ [ [ 896185.831084556644782, 2174111.188065696507692 ], [ 896166.20806279568933, 2175396.804739557672292 ], [ 894888.190187699859962, 2175377.409919058904052 ], [ 894907.78183823521249, 2174091.808601308614016 ], [ 896185.831084556644782, 2174111.188065696507692 ] ] ] } },
{ "type": "Feature", "properties": { "label": 1, "month": "11", "year": "2024" }, "geometry": { "type": "Polygon", "coordinates": [ [ [ 896107.235261497087777, 2179253.838515244890004 ], [ 896087.543074153596535, 2180539.577887204941362 ], [ 894809.651259715668857, 2180520.121668053325266 ], [ 894829.311845505144447, 2179234.397641875781119 ], [ 896107.235261497087777, 2179253.838515244890004 ] ] ] } },
{ "type": "Feature", "properties": { "label": 1, "month": "11", "year": "2024" }, "geometry": { "type": "Polygon", "coordinates": [ [ [ 896087.543074153596535, 2180539.577887204941362 ], [ 896067.83358922903426, 2181825.348080293275416 ], [ 894789.973433955339715, 2181805.87651793891564 ], [ 894809.651259715668857, 2180520.121668053325266 ], [ 896087.543074153596535, 2180539.577887204941362 ] ] ] } },
{ "type": "Feature", "properties": { "label": 1, "month": "11", "year": "2024" }, "geometry": { "type": "Polygon", "coordinates": [ [ [ 895690.063518847920932, 2206260.915927350521088 ], [ 895670.007557521574199, 2207547.314892942085862 ], [ 894392.792703110957518, 2207527.537014097906649 ], [ 894412.815850437385961, 2206241.153339387848973 ], [ 895690.063518847920932, 2206260.915927350521088 ] ] ] } },
{ "type": "Feature", "properties": { "label": 1, "month": "11", "year": "2024" }, "geometry": { "type": "Polygon", "coordinates": [ [ [ 897756.632250832393765, 2154849.747092373669147 ], [ 897737.23773876321502, 2156134.927428677678108 ], [ 896458.739556981949136, 2156115.733462537638843 ], [ 896478.103557590860873, 2154830.568570620380342 ], [ 897756.632250832393765, 2154849.747092373669147 ] ] ] } },
{ "type": "Feature", "properties": { "label": 1, "month": "11", "year": "2024" }, "geometry": { "type": "Polygon", "coordinates": [ [ [ 897737.23773876321502, 2156134.927428677678108 ], [ 897717.825918291229755, 2157420.137472623493522 ], [ 896439.358305358677171, 2157400.928064640145749 ], [ 896458.739556981949136, 2156115.733462537638843 ], [ 897737.23773876321502, 2156134.927428677678108 ] ] ] } },
{ "type": "Feature", "properties": { "label": 1, "month": "11", "year": "2024" }, "geometry": { "type": "Polygon", "coordinates": [ [ [ 897717.825918291229755, 2157420.137472623493522 ], [ 897698.396786979748867, 2158705.377282470930368 ], [ 896419.959800291340798, 2158686.152435191906989 ], [ 896439.358305358677171, 2157400.928064640145749 ], [ 897717.825918291229755, 2157420.137472623493522 ] ] ] } },
{ "type": "Feature", "properties": { "label": 1, "month": "11", "year": "2024" }, "geometry": { "type": "Polygon", "coordinates": [ [ [ 897698.396786979748867, 2158705.377282470930368 ], [ 897678.950342388125136, 2159990.646916538476944 ], [ 896400.544039352796972, 2159971.406632505357265 ], [ 896419.959800291340798, 2158686.152435191906989 ], [ 897698.396786979748867, 2158705.377282470930368 ] ] ] } },
{ "type": "Feature", "properties": { "label": 1, "month": "11", "year": "2024" }, "geometry": { "type": "Polygon", "coordinates": [ [ [ 897678.950342388125136, 2159990.646916538476944 ], [ 897659.486582078738138, 2161275.94643314788118 ], [ 896381.111020117532462, 2161256.690714921336621 ], [ 896400.544039352796972, 2159971.406632505357265 ], [ 897678.950342388125136, 2159990.646916538476944 ] ] ] } },
{ "type": "Feature", "properties": { "label": 1, "month": "11", "year": "2024" }, "geometry": { "type": "Polygon", "coordinates": [ [ [ 897659.486582078738138, 2161275.94643314788118 ], [ 897640.005503602325916, 2162561.275890644174069 ], [ 896361.660740149905905, 2162542.004740766715258 ], [ 896381.111020117532462, 2161256.690714921336621 ], [ 897659.486582078738138, 2161275.94643314788118 ] ] ] } },
{ "type": "Feature", "properties": { "label": 1, "month": "11", "year": "2024" }, "geometry": { "type": "Polygon", "coordinates": [ [ [ 897640.005503602325916, 2162561.275890644174069 ], [ 897620.50710451300256, 2163846.635347390547395 ], [ 896342.193197013693862, 2163827.348768429365009 ], [ 896361.660740149905905, 2162542.004740766715258 ], [ 897640.005503602325916, 2162561.275890644174069 ] ] ] } },
{ "type": "Feature", "properties": { "label": 1, "month": "11", "year": "2024" }, "geometry": { "type": "Polygon", "coordinates": [ [ [ 897620.50710451300256, 2163846.635347390547395 ], [ 897600.991382358246483, 2165132.024861773476005 ], [ 896322.708388269529678, 2165112.722856289241463 ], [ 896342.193197013693862, 2163827.348768429365009 ], [ 897620.50710451300256, 2163846.635347390547395 ] ] ] } },
{ "type": "Feature", "properties": { "label": 1, "month": "11", "year": "2024" }, "geometry": { "type": "Polygon", "coordinates": [ [ [ 897600.991382358246483, 2165132.024861773476005 ], [ 897581.45833468309138, 2166417.444492201786488 ], [ 896303.206311475601979, 2166398.127062748651952 ], [ 896322.708388269529678, 2165112.722856289241463 ], [ 897600.991382358246483, 2165132.024861773476005 ] ] ] } },
{ "type": "Feature", "properties": { "label": 1, "month": "11", "year": "2024" }, "geometry": { "type": "Polygon", "coordinates": [ [ [ 897581.45833468309138, 2166417.444492201786488 ], [ 897561.90795903513208, 2167702.894297093153 ], [ 896283.686964186374098, 2167683.561446242965758 ], [ 896303.206311475601979, 2166398.127062748651952 ], [ 897581.45833468309138, 2166417.444492201786488 ] ] ] } },
{ "type": "Feature", "properties": { "label": 1, "month": "11", "year": "2024" }, "geometry": { "type": "Polygon", "coordinates": [ [ [ 897561.90795903513208, 2167702.894297093153 ], [ 897542.340252950438298, 2168988.374334902968258 ], [ 896264.150343956658617, 2168969.026065225247294 ], [ 896283.686964186374098, 2167683.561446242965758 ], [ 897561.90795903513208, 2167702.894297093153 ] ] ] } },
{ "type": "Feature", "properties": { "label": 1, "month": "11", "year": "2024" }, "geometry": { "type": "Polygon", "coordinates": [ [ [ 897542.340252950438298, 2168988.374334902968258 ], [ 897522.755213965079747, 2170273.884664098266512 ], [ 896244.596448333235458, 2170254.520978157874197 ], [ 896264.150343956658617, 2168969.026065225247294 ], [ 897542.340252950438298, 2168988.374334902968258 ] ] ] } },
{ "type": "Feature", "properties": { "label": 1, "month": "11", "year": "2024" }, "geometry": { "type": "Polygon", "coordinates": [ [ [ 897522.755213965079747, 2170273.884664098266512 ], [ 897503.152839617454447, 2171559.425343163311481 ], [ 896225.025274864165112, 2171540.046243537217379 ], [ 896244.596448333235458, 2170254.520978157874197 ], [ 897522.755213965079747, 2170273.884664098266512 ] ] ] } },
{ "type": "Feature", "properties": { "label": 1, "month": "11", "year": "2024" }, "geometry": { "type": "Polygon", "coordinates": [ [ [ 897503.152839617454447, 2171559.425343163311481 ], [ 897483.533127434900962, 2172844.996430613100529 ], [ 896205.436821090290323, 2172825.601919869892299 ], [ 896225.025274864165112, 2171540.046243537217379 ], [ 897503.152839617454447, 2171559.425343163311481 ] ] ] } },
{ "type": "Feature", "properties": { "label": 1, "month": "11", "year": "2024" }, "geometry": { "type": "Polygon", "coordinates": [ [ [ 897483.533127434900962, 2172844.996430613100529 ], [ 897463.896074947668239, 2174130.597984965890646 ], [ 896185.831084556644782, 2174111.188065696507692 ], [ 896205.436821090290323, 2172825.601919869892299 ], [ 897483.533127434900962, 2172844.996430613100529 ] ] ] } },
{ "type": "Feature", "properties": { "label": 1, "month": "11", "year": "2024" }, "geometry": { "type": "Polygon", "coordinates": [ [ [ 897463.896074947668239, 2174130.597984965890646 ], [ 897444.241679682047106, 2175416.230064780451357 ], [ 896166.20806279568933, 2175396.804739557672292 ], [ 896185.831084556644782, 2174111.188065696507692 ], [ 897463.896074947668239, 2174130.597984965890646 ] ] ] } },
{ "type": "Feature", "properties": { "label": 1, "month": "11", "year": "2024" }, "geometry": { "type": "Polygon", "coordinates": [ [ [ 897404.880850898800418, 2177987.586035089567304 ], [ 897385.174412416759878, 2179273.310042792931199 ], [ 896107.235261497087777, 2179253.838515244890004 ], [ 896126.910153737291694, 2177968.129905732814223 ], [ 897404.880850898800418, 2177987.586035089567304 ] ] ] } },
{ "type": "Feature", "properties": { "label": 1, "month": "11", "year": "2024" }, "geometry": { "type": "Polygon", "coordinates": [ [ [ 897385.174412416759878, 2179273.310042792931199 ], [ 897365.450621228665113, 2180559.064810358919203 ], [ 896087.543074153596535, 2180539.577887204941362 ], [ 896107.235261497087777, 2179253.838515244890004 ], [ 897385.174412416759878, 2179273.310042792931199 ] ] ] } },
{ "type": "Feature", "properties": { "label": 1, "month": "11", "year": "2024" }, "geometry": { "type": "Polygon", "coordinates": [ [ [ 899035.176774658844806, 2154868.955322936177254 ], [ 899015.751748883863911, 2156154.151153588667512 ], [ 897737.23773876321502, 2156134.927428677678108 ], [ 897756.632250832393765, 2154849.747092373669147 ], [ 899035.176774658844806, 2154868.955322936177254 ] ] ] } },
{ "type": "Feature", "properties": { "label": 1, "month": "11", "year": "2024" }, "geometry": { "type": "Polygon", "coordinates": [ [ [ 899015.751748883863911, 2156154.151153588667512 ], [ 898996.309357320657, 2157439.37668931344524 ], [ 897717.825918291229755, 2157420.137472623493522 ], [ 897737.23773876321502, 2156134.927428677678108 ], [ 899015.751748883863911, 2156154.151153588667512 ] ] ] } },
{ "type": "Feature", "properties": { "label": 1, "month": "11", "year": "2024" }, "geometry": { "type": "Polygon", "coordinates": [ [ [ 898996.309357320657, 2157439.37668931344524 ], [ 898976.849597519030795, 2158724.631988408509642 ], [ 897698.396786979748867, 2158705.377282470930368 ], [ 897717.825918291229755, 2157420.137472623493522 ], [ 898996.309357320657, 2157439.37668931344524 ] ] ] } },
{ "type": "Feature", "properties": { "label": 1, "month": "11", "year": "2024" }, "geometry": { "type": "Polygon", "coordinates": [ [ [ 898976.849597519030795, 2158724.631988408509642 ], [ 898957.372467026230879, 2160009.917109146714211 ], [ 897678.950342388125136, 2159990.646916538476944 ], [ 897698.396786979748867, 2158705.377282470930368 ], [ 898976.849597519030795, 2158724.631988408509642 ] ] ] } },
{ "type": "Feature", "properties": { "label": 1, "month": "11", "year": "2024" }, "geometry": { "type": "Polygon", "coordinates": [ [ [ 898957.372467026230879, 2160009.917109146714211 ], [ 898937.877963388338685, 2161295.232109880074859 ], [ 897659.486582078738138, 2161275.94643314788118 ], [ 897678.950342388125136, 2159990.646916538476944 ], [ 898957.372467026230879, 2160009.917109146714211 ] ] ] } },
{ "type": "Feature", "properties": { "label": 1, "month": "11", "year": "2024" }, "geometry": { "type": "Polygon", "coordinates": [ [ [ 898937.877963388338685, 2161295.232109880074859 ], [ 898918.366084148874506, 2162580.57704893918708 ], [ 897640.005503602325916, 2162561.275890644174069 ], [ 897659.486582078738138, 2161275.94643314788118 ], [ 898937.877963388338685, 2161295.232109880074859 ] ] ] } },
{ "type": "Feature", "properties": { "label": 1, "month": "11", "year": "2024" }, "geometry": { "type": "Polygon", "coordinates": [ [ [ 898918.366084148874506, 2162580.57704893918708 ], [ 898898.836826849030331, 2163865.95198467746377 ], [ 897620.50710451300256, 2163846.635347390547395 ], [ 897640.005503602325916, 2162561.275890644174069 ], [ 898918.366084148874506, 2162580.57704893918708 ] ] ] } },
{ "type": "Feature", "properties": { "label": 1, "month": "11", "year": "2024" }, "geometry": { "type": "Polygon", "coordinates": [ [ [ 898898.836826849030331, 2163865.95198467746377 ], [ 898879.290189023595303, 2165151.356975488364697 ], [ 897600.991382358246483, 2165132.024861773476005 ], [ 897620.50710451300256, 2163846.635347390547395 ], [ 898898.836826849030331, 2163865.95198467746377 ] ] ] } },
{ "type": "Feature", "properties": { "label": 1, "month": "11", "year": "2024" }, "geometry": { "type": "Polygon", "coordinates": [ [ [ 898879.290189023595303, 2165151.356975488364697 ], [ 898859.726168204215355, 2166436.792079774197191 ], [ 897581.45833468309138, 2166417.444492201786488 ], [ 897600.991382358246483, 2165132.024861773476005 ], [ 898879.290189023595303, 2165151.356975488364697 ] ] ] } },
{ "type": "Feature", "properties": { "label": 1, "month": "11", "year": "2024" }, "geometry": { "type": "Polygon", "coordinates": [ [ [ 898859.726168204215355, 2166436.792079774197191 ], [ 898840.144761925796047, 2167722.257355945184827 ], [ 897561.90795903513208, 2167702.894297093153 ], [ 897581.45833468309138, 2166417.444492201786488 ], [ 898859.726168204215355, 2166436.792079774197191 ] ] ] } },
{ "type": "Feature", "properties": { "label": 1, "month": "11", "year": "2024" }, "geometry": { "type": "Polygon", "coordinates": [ [ [ 898840.144761925796047, 2167722.257355945184827 ], [ 898820.545967717189342, 2169007.752862467896193 ], [ 897542.340252950438298, 2168988.374334902968258 ], [ 897561.90795903513208, 2167702.894297093153 ], [ 898840.144761925796047, 2167722.257355945184827 ] ] ] } },
{ "type": "Feature", "properties": { "label": 1, "month": "11", "year": "2024" }, "geometry": { "type": "Polygon", "coordinates": [ [ [ 898820.545967717189342, 2169007.752862467896193 ], [ 898800.929783097933978, 2170293.278657797724009 ], [ 897522.755213965079747, 2170273.884664098266512 ], [ 897542.340252950438298, 2168988.374334902968258 ], [ 898820.545967717189342, 2169007.752862467896193 ] ] ] } },
{ "type": "Feature", "properties": { "label": 1, "month": "11", "year": "2024" }, "geometry": { "type": "Polygon", "coordinates": [ [ [ 898800.929783097933978, 2170293.278657797724009 ], [ 898781.296205594204366, 2171578.834800410084426 ], [ 897503.152839617454447, 2171559.425343163311481 ], [ 897522.755213965079747, 2170273.884664098266512 ], [ 898800.929783097933978, 2170293.278657797724009 ] ] ] } },
{ "type": "Feature", "properties": { "label": 1, "month": "11", "year": "2024" }, "geometry": { "type": "Polygon", "coordinates": [ [ [ 898781.296205594204366, 2171578.834800410084426 ], [ 898761.64523272565566, 2172864.421348821371794 ], [ 897483.533127434900962, 2172844.996430613100529 ], [ 897503.152839617454447, 2171559.425343163311481 ], [ 898781.296205594204366, 2171578.834800410084426 ] ] ] } },
{ "type": "Feature", "properties": { "label": 1, "month": "11", "year": "2024" }, "geometry": { "type": "Polygon", "coordinates": [ [ [ 898761.64523272565566, 2172864.421348821371794 ], [ 898741.97686200379394, 2174150.038361554034054 ], [ 897463.896074947668239, 2174130.597984965890646 ], [ 897483.533127434900962, 2172844.996430613100529 ], [ 898761.64523272565566, 2172864.421348821371794 ] ] ] } },
{ "type": "Feature", "properties": { "label": 1, "month": "11", "year": "2024" }, "geometry": { "type": "Polygon", "coordinates": [ [ [ 898741.97686200379394, 2174150.038361554034054 ], [ 898722.291090947808698, 2175435.685897163581103 ], [ 897444.241679682047106, 2175416.230064780451357 ], [ 897463.896074947668239, 2174130.597984965890646 ], [ 898741.97686200379394, 2174150.038361554034054 ] ] ] } },
{ "type": "Feature", "properties": { "label": 1, "month": "11", "year": "2024" }, "geometry": { "type": "Polygon", "coordinates": [ [ [ 900313.737181706586853, 2154888.193264714907855 ], [ 900294.281639989465475, 2156173.404639658983797 ], [ 899015.751748883863911, 2156154.151153588667512 ], [ 899035.176774658844806, 2154868.955322936177254 ], [ 900313.737181706586853, 2154888.193264714907855 ] ] ] } },
{ "type": "Feature", "properties": { "label": 1, "month": "11", "year": "2024" }, "geometry": { "type": "Polygon", "coordinates": [ [ [ 900294.281639989465475, 2156173.404639658983797 ], [ 900274.808675087289885, 2157458.645717132370919 ], [ 898996.309357320657, 2157439.37668931344524 ], [ 899015.751748883863911, 2156154.151153588667512 ], [ 900294.281639989465475, 2156173.404639658983797 ] ] ] } },
{ "type": "Feature", "properties": { "label": 1, "month": "11", "year": "2024" }, "geometry": { "type": "Polygon", "coordinates": [ [ [ 900274.808675087289885, 2157458.645717132370919 ], [ 900255.318284545326605, 2158743.916555396281183 ], [ 898976.849597519030795, 2158724.631988408509642 ], [ 898996.309357320657, 2157439.37668931344524 ], [ 900274.808675087289885, 2157458.645717132370919 ] ] ] } },
{ "type": "Feature", "properties": { "label": 1, "month": "11", "year": "2024" }, "geometry": { "type": "Polygon", "coordinates": [ [ [ 900255.318284545326605, 2158743.916555396281183 ], [ 900235.810465897200629, 2160029.217212756164372 ], [ 898957.372467026230879, 2160009.917109146714211 ], [ 898976.849597519030795, 2158724.631988408509642 ], [ 900255.318284545326605, 2158743.916555396281183 ] ] ] } },
{ "type": "Feature", "properties": { "label": 1, "month": "11", "year": "2024" }, "geometry": { "type": "Polygon", "coordinates": [ [ [ 900235.810465897200629, 2160029.217212756164372 ], [ 900216.285216677002609, 2161314.54774753190577 ], [ 898937.877963388338685, 2161295.232109880074859 ], [ 898957.372467026230879, 2160009.917109146714211 ], [ 900235.810465897200629, 2160029.217212756164372 ] ] ] } },
{ "type": "Feature", "properties": { "label": 1, "month": "11", "year": "2024" }, "geometry": { "type": "Polygon", "coordinates": [ [ [ 900216.285216677002609, 2161314.54774753190577 ], [ 900196.742534415679984, 2162599.908218062482774 ], [ 898918.366084148874506, 2162580.57704893918708 ], [ 898937.877963388338685, 2161295.232109880074859 ], [ 900216.285216677002609, 2161314.54774753190577 ] ] ] } },
{ "type": "Feature", "properties": { "label": 1, "month": "11", "year": "2024" }, "geometry": { "type": "Polygon", "coordinates": [ [ [ 900196.742534415679984, 2162599.908218062482774 ], [ 900177.18241664301604, 2163885.298682705499232 ], [ 898898.836826849030331, 2163865.95198467746377 ], [ 898918.366084148874506, 2162580.57704893918708 ], [ 900196.742534415679984, 2162599.908218062482774 ] ] ] } },
{ "type": "Feature", "properties": { "label": 1, "month": "11", "year": "2024" }, "geometry": { "type": "Polygon", "coordinates": [ [ [ 900177.18241664301604, 2163885.298682705499232 ], [ 900157.604860881110653, 2165170.71919985441491 ], [ 898879.290189023595303, 2165151.356975488364697 ], [ 898898.836826849030331, 2163865.95198467746377 ], [ 900177.18241664301604, 2163885.298682705499232 ] ] ] } },
{ "type": "Feature", "properties": { "label": 1, "month": "11", "year": "2024" }, "geometry": { "type": "Polygon", "coordinates": [ [ [ 900157.604860881110653, 2165170.71919985441491 ], [ 900138.009864652296528, 2166456.169827887322754 ], [ 898859.726168204215355, 2166436.792079774197191 ], [ 898879.290189023595303, 2165151.356975488364697 ], [ 900157.604860881110653, 2165170.71919985441491 ] ] ] } },
{ "type": "Feature", "properties": { "label": 1, "month": "11", "year": "2024" }, "geometry": { "type": "Polygon", "coordinates": [ [ [ 900138.009864652296528, 2166456.169827887322754 ], [ 900118.397425475064665, 2167741.650625240523368 ], [ 898840.144761925796047, 2167722.257355945184827 ], [ 898859.726168204215355, 2166436.792079774197191 ], [ 900138.009864652296528, 2166456.169827887322754 ] ] ] } },
{ "type": "Feature", "properties": { "label": 1, "month": "11", "year": "2024" }, "geometry": { "type": "Polygon", "coordinates": [ [ [ 901553.323924229713157, 2157477.944558467250317 ], [ 901533.802900693845004, 2158763.230985856149346 ], [ 900255.318284545326605, 2158743.916555396281183 ], [ 900274.808675087289885, 2157458.645717132370919 ], [ 901553.323924229713157, 2157477.944558467250317 ] ] ] } },
{ "type": "Feature", "properties": { "label": 1, "month": "11", "year": "2024" }, "geometry": { "type": "Polygon", "coordinates": [ [ [ 901533.802900693845004, 2158763.230985856149346 ], [ 901514.264391635311767, 2160048.547229758929461 ], [ 900235.810465897200629, 2160029.217212756164372 ], [ 900255.318284545326605, 2158743.916555396281183 ], [ 901533.802900693845004, 2158763.230985856149346 ] ] ] } },
{ "type": "Feature", "properties": { "label": 1, "month": "11", "year": "2024" }, "geometry": { "type": "Polygon", "coordinates": [ [ [ 901514.264391635311767, 2160048.547229758929461 ], [ 901494.708394574234262, 2161333.893348509911448 ], [ 900216.285216677002609, 2161314.54774753190577 ], [ 900235.810465897200629, 2160029.217212756164372 ], [ 901514.264391635311767, 2160048.547229758929461 ] ] ] } },
{ "type": "Feature", "properties": { "label": 1, "month": "11", "year": "2024" }, "geometry": { "type": "Polygon", "coordinates": [ [ [ 901494.708394574234262, 2161333.893348509911448 ], [ 901475.134907028637826, 2162619.269400439690799 ], [ 900196.742534415679984, 2162599.908218062482774 ], [ 900216.285216677002609, 2161314.54774753190577 ], [ 901494.708394574234262, 2161333.893348509911448 ] ] ] } },
{ "type": "Feature", "properties": { "label": 1, "month": "11", "year": "2024" }, "geometry": { "type": "Polygon", "coordinates": [ [ [ 901475.134907028637826, 2162619.269400439690799 ], [ 901455.543926518177614, 2163904.675443904474378 ], [ 900177.18241664301604, 2163885.298682705499232 ], [ 900196.742534415679984, 2162599.908218062482774 ], [ 901475.134907028637826, 2162619.269400439690799 ] ] ] } },
{ "type": "Feature", "properties": { "label": 1, "month": "11", "year": "2024" }, "geometry": { "type": "Polygon", "coordinates": [ [ [ 901455.543926518177614, 2163904.675443904474378 ], [ 901435.935450550168753, 2165190.111537285149097 ], [ 900157.604860881110653, 2165170.71919985441491 ], [ 900177.18241664301604, 2163885.298682705499232 ], [ 901455.543926518177614, 2163904.675443904474378 ] ] ] } },
{ "type": "Feature", "properties": { "label": 1, "month": "11", "year": "2024" }, "geometry": { "type": "Polygon", "coordinates": [ [ [ 906450.491173079237342, 2171695.929190545808524 ], [ 906430.652588039170951, 2172981.60955189820379 ], [ 905152.444584404118359, 2172962.002137488219887 ], [ 905172.251895013730973, 2171676.337536294013262 ], [ 906450.491173079237342, 2171695.929190545808524 ] ] ] } },
{ "type": "Feature", "properties": { "label": 1, "month": "11", "year": "2024" }, "geometry": { "type": "Polygon", "coordinates": [ [ [ 906430.652588039170951, 2172981.60955189820379 ], [ 906410.796259817434475, 2174267.320361912250519 ], [ 905132.619588176254183, 2174247.697189958766103 ], [ 905152.444584404118359, 2172962.002137488219887 ], [ 906430.652588039170951, 2172981.60955189820379 ] ] ] } },
{ "type": "Feature", "properties": { "label": 1, "month": "11", "year": "2024" }, "geometry": { "type": "Polygon", "coordinates": [ [ [ 907728.746620643301867, 2171715.551219554618001 ], [ 907708.876758872764185, 2173001.247390956152231 ], [ 906430.652588039170951, 2172981.60955189820379 ], [ 906450.491173079237342, 2171695.929190545808524 ], [ 907728.746620643301867, 2171715.551219554618001 ] ] ] } },
{ "type": "Feature", "properties": { "label": 1, "month": "11", "year": "2024" }, "geometry": { "type": "Polygon", "coordinates": [ [ [ 907708.876758872764185, 2173001.247390956152231 ], [ 907688.989096353761852, 2174286.974008371587843 ], [ 906410.796259817434475, 2174267.320361912250519 ], [ 906430.652588039170951, 2172981.60955189820379 ], [ 907708.876758872764185, 2173001.247390956152231 ] ] ] } },
{ "type": "Feature", "properties": { "label": 0, "month": "11", "year": "2024" }, "geometry": { "type": "Polygon", "coordinates": [ [ [ 850948.64687550929375, 2119485.620795796159655 ], [ 850930.789128768490627, 2120769.48040791740641 ], [ 849652.038053656928241, 2120751.753812223672867 ], [ 849669.866911735851318, 2119467.907858947757632 ], [ 850948.64687550929375, 2119485.620795796159655 ] ] ] } },
{ "type": "Feature", "properties": { "label": 0, "month": "11", "year": "2024" }, "geometry": { "type": "Polygon", "coordinates": [ [ [ 840330.247831053566188, 2236307.583385745994747 ], [ 840311.24348940490745, 2237594.15797799360007 ], [ 839035.455952299525961, 2237575.427844789810479 ], [ 839054.426188308047131, 2236288.866355064790696 ], [ 840330.247831053566188, 2236307.583385745994747 ] ] ] } },
{ "type": "Feature", "properties": { "label": 0, "month": "11", "year": "2024" }, "geometry": { "type": "Polygon", "coordinates": [ [ [ 753888.891233375994489, 2309760.255367200355977 ], [ 753871.525438964948989, 2311048.117303415201604 ], [ 752598.584350762190297, 2311031.016313368920237 ], [ 752615.912802708800882, 2309743.164069519843906 ], [ 753888.891233375994489, 2309760.255367200355977 ] ] ] } },
{ "type": "Feature", "properties": { "label": 0, "month": "11", "year": "2024" }, "geometry": { "type": "Polygon", "coordinates": [ [ [ 889501.962327215820551, 2193300.940752634778619 ], [ 889482.240886218729429, 2194586.946298894938082 ], [ 888204.778242094675079, 2194567.477667237166315 ], [ 888224.467458699713461, 2193281.487189576029778 ], [ 889501.962327215820551, 2193300.940752634778619 ] ] ] } },
{ "type": "Feature", "properties": { "label": 0, "month": "11", "year": "2024" }, "geometry": { "type": "Polygon", "coordinates": [ [ [ 848042.995966912712902, 2232560.812196335755289 ], [ 848023.832715565920807, 2233847.36606519902125 ], [ 846747.86195895425044, 2233828.479116005357355 ], [ 846766.991265155142173, 2232541.938652995973825 ], [ 848042.995966912712902, 2232560.812196335755289 ] ] ] } },
{ "type": "Feature", "properties": { "label": 0, "month": "11", "year": "2024" }, "geometry": { "type": "Polygon", "coordinates": [ [ [ 863453.750475601060316, 2226356.747400966472924 ], [ 863434.259428246412426, 2227643.300041134934872 ], [ 862157.951583769870922, 2227624.09058797173202 ], [ 862177.408948518335819, 2226337.551958889700472 ], [ 863453.750475601060316, 2226356.747400966472924 ] ] ] } },
{ "type": "Feature", "properties": { "label": 0, "month": "11", "year": "2024" }, "geometry": { "type": "Polygon", "coordinates": [ [ [ 853416.518527040141635, 2125940.849712236784399 ], [ 853398.526736409403384, 2127224.878490118309855 ], [ 852119.893048829981126, 2127207.026481913402677 ], [ 852137.855661743786186, 2125923.01145179476589 ], [ 853416.518527040141635, 2125940.849712236784399 ] ] ] } },
{ "type": "Feature", "properties": { "label": 0, "month": "11", "year": "2024" }, "geometry": { "type": "Polygon", "coordinates": [ [ [ 904031.967629816383123, 2162658.08181464811787 ], [ 904012.314917022245936, 2163943.519165500532836 ], [ 902733.921409099479206, 2163924.082270698156208 ], [ 902753.54325461667031, 2162638.660598496440798 ], [ 904031.967629816383123, 2162658.08181464811787 ] ] ] } },
{ "type": "Feature", "properties": { "label": 0, "month": "11", "year": "2024" }, "geometry": { "type": "Polygon", "coordinates": [ [ [ 871060.227488504257053, 2144175.365770897828043 ], [ 871041.602004547603428, 2145459.996281622909009 ], [ 869763.181946587865241, 2145441.54193854238838 ], [ 869781.77742358064279, 2144156.925842975266278 ], [ 871060.227488504257053, 2144175.365770897828043 ] ] ] } },
{ "type": "Feature", "properties": { "label": 0, "month": "11", "year": "2024" }, "geometry": { "type": "Polygon", "coordinates": [ [ [ 839092.322103231679648, 2233715.843920070677996 ], [ 839073.381571269128472, 2235002.338400066364557 ], [ 837797.539208381203935, 2234983.667203758843243 ], [ 837816.445753037463874, 2233697.185781677253544 ], [ 839092.322103231679648, 2233715.843920070677996 ] ] ] } },
{ "type": "Feature", "properties": { "label": 0, "month": "11", "year": "2024" }, "geometry": { "type": "Polygon", "coordinates": [ [ [ 627379.463663981878199, 2357178.031673314515501 ], [ 627365.583666251390241, 2358466.634554658550769 ], [ 626094.806983916321769, 2358452.855717473197728 ], [ 626108.647596207913011, 2357164.257669817190617 ], [ 627379.463663981878199, 2357178.031673314515501 ] ] ] } },
{ "type": "Feature", "properties": { "label": 0, "month": "11", "year": "2024" }, "geometry": { "type": "Polygon", "coordinates": [ [ [ 608077.787897501257248, 2380175.090929049532861 ], [ 608064.419051882112399, 2381464.35162781458348 ], [ 606794.42311829875689, 2381451.056350907310843 ], [ 606807.751539654796943, 2380161.799743765965104 ], [ 608077.787897501257248, 2380175.090929049532861 ] ] ] } },
{ "type": "Feature", "properties": { "label": 0, "month": "11", "year": "2024" }, "geometry": { "type": "Polygon", "coordinates": [ [ [ 613266.048484197235666, 2369915.879214319866151 ], [ 613252.555121574550867, 2371204.831957174930722 ], [ 611982.222078188089654, 2371191.418918875977397 ], [ 611995.675483479979448, 2369902.47046840749681 ], [ 613266.048484197235666, 2369915.879214319866151 ] ] ] } },
{ "type": "Feature", "properties": { "label": 0, "month": "11", "year": "2024" }, "geometry": { "type": "Polygon", "coordinates": [ [ [ 890779.472642607986927, 2193320.425505014136434 ], [ 890759.718974915565923, 2194606.446169572882354 ], [ 889482.240886218729429, 2194586.946298894938082 ], [ 889501.962327215820551, 2193300.940752634778619 ], [ 890779.472642607986927, 2193320.425505014136434 ] ] ] } },
{ "type": "Feature", "properties": { "label": 0, "month": "11", "year": "2024" }, "geometry": { "type": "Polygon", "coordinates": [ [ [ 907688.989096353761852, 2174286.974008371587843 ], [ 907669.08363050990738, 2175572.731130325701088 ], [ 906390.922185852541588, 2175553.061679104808718 ], [ 906410.796259817434475, 2174267.320361912250519 ], [ 907688.989096353761852, 2174286.974008371587843 ] ] ] } },
{ "type": "Feature", "properties": { "label": 0, "month": "11", "year": "2024" }, "geometry": { "type": "Polygon", "coordinates": [ [ [ 797232.135729409637861, 2306498.040826810523868 ], [ 797213.538278583087958, 2307786.150149703025818 ], [ 795940.124261300312355, 2307767.874258787371218 ], [ 795958.68447102222126, 2306479.776292524766177 ], [ 797232.135729409637861, 2306498.040826810523868 ] ] ] } },
{ "type": "Feature", "properties": { "label": 0, "month": "11", "year": "2024" }, "geometry": { "type": "Polygon", "coordinates": [ [ [ 905211.813469544285908, 2169105.099453724455088 ], [ 905192.041522545390762, 2170390.703327872324735 ], [ 903913.787146776448935, 2170371.157758831046522 ], [ 903933.527936726808548, 2169085.569600217044353 ], [ 905211.813469544285908, 2169105.099453724455088 ] ] ] } },
{ "type": "Feature", "properties": { "label": 0, "month": "11", "year": "2024" }, "geometry": { "type": "Polygon", "coordinates": [ [ [ 608131.21915715909563, 2375018.455745810177177 ], [ 608117.867961041629314, 2376307.553525235969573 ], [ 606847.710685986094177, 2376294.274620892014354 ], [ 606861.021694846684113, 2375005.180937137920409 ], [ 608131.21915715909563, 2375018.455745810177177 ] ] ] } },
{ "type": "Feature", "properties": { "label": 0, "month": "11", "year": "2024" }, "geometry": { "type": "Polygon", "coordinates": [ [ [ 893354.340745115187019, 2192073.468951283954084 ], [ 893334.539824136067182, 2193359.488587543834001 ], [ 892056.99845740373712, 2193339.941449163015932 ], [ 892076.767204788513482, 2192053.937033237423748 ], [ 893354.340745115187019, 2192073.468951283954084 ] ] ] } },
{ "type": "Feature", "properties": { "label": 0, "month": "11", "year": "2024" }, "geometry": { "type": "Polygon", "coordinates": [ [ [ 833919.836661901092157, 2148789.585639125667512 ], [ 833902.022795381490141, 2150073.936164068523794 ], [ 832624.127710462547839, 2150056.27898379182443 ], [ 832641.911402445519343, 2148771.941418126225471 ], [ 833919.836661901092157, 2148789.585639125667512 ] ] ] } },
{ "type": "Feature", "properties": { "label": 0, "month": "11", "year": "2024" }, "geometry": { "type": "Polygon", "coordinates": [ [ [ 714039.25638026278466, 2340159.347291124984622 ], [ 714022.824170239735395, 2341447.843603130895644 ], [ 712751.072084475425072, 2341431.646818533074111 ], [ 712767.465605512494221, 2340143.158648715820163 ], [ 714039.25638026278466, 2340159.347291124984622 ] ] ] } },
{ "type": "Feature", "properties": { "label": 0, "month": "11", "year": "2024" }, "geometry": { "type": "Polygon", "coordinates": [ [ [ 438787.546053316676989, 2441957.164993177168071 ], [ 438779.712789555895142, 2443248.384092321619391 ], [ 437511.801354989933316, 2443240.245113614480942 ], [ 437519.591462283104192, 2441949.023719951976091 ], [ 438787.546053316676989, 2441957.164993177168071 ] ] ] } },
{ "type": "Feature", "properties": { "label": 0, "month": "11", "year": "2024" }, "geometry": { "type": "Polygon", "coordinates": [ [ [ 895770.113912030123174, 2201115.639460928272456 ], [ 895750.127326485933736, 2202401.91078625433147 ], [ 894472.781563180149533, 2202382.194086788222194 ], [ 894492.735566084855236, 2201095.93806289229542 ], [ 895770.113912030123174, 2201115.639460928272456 ] ] ] } },
{ "type": "Feature", "properties": { "label": 0, "month": "11", "year": "2024" }, "geometry": { "type": "Polygon", "coordinates": [ [ [ 835233.419748040032573, 2146238.620724701788276 ], [ 835215.604684350546449, 2147522.925253004301339 ], [ 833937.636094975052401, 2147505.26464837603271 ], [ 833955.421096422243863, 2146220.973133531399071 ], [ 835233.419748040032573, 2146238.620724701788276 ] ] ] } },
{ "type": "Feature", "properties": { "label": 0, "month": "11", "year": "2024" }, "geometry": { "type": "Polygon", "coordinates": [ [ [ 842958.071289154118858, 2231199.046690582297742 ], [ 842939.058825679589063, 2232485.513883727136999 ], [ 841663.108393391477875, 2232466.770906242541969 ], [ 841682.086978817242198, 2231180.316923836711794 ], [ 842958.071289154118858, 2231199.046690582297742 ] ] ] } },
{ "type": "Feature", "properties": { "label": 0, "month": "11", "year": "2024" }, "geometry": { "type": "Polygon", "coordinates": [ [ [ 788263.167698388453573, 2310235.136043050326407 ], [ 788244.792838410707191, 2311523.278095802292228 ], [ 786971.570100071141496, 2311505.217267074156553 ], [ 786989.907558593666181, 2310217.086222815793008 ], [ 788263.167698388453573, 2310235.136043050326407 ] ] ] } },
{ "type": "Feature", "properties": { "label": 0, "month": "11", "year": "2024" }, "geometry": { "type": "Polygon", "coordinates": [ [ [ 798542.828461919445544, 2303940.210027822759002 ], [ 798524.220064492197707, 2305228.256962615065277 ], [ 797250.720089650247246, 2305209.968433442525566 ], [ 797269.291361069306731, 2303921.932908546179533 ], [ 798542.828461919445544, 2303940.210027822759002 ] ] ] } },
{ "type": "Feature", "properties": { "label": 0, "month": "11", "year": "2024" }, "geometry": { "type": "Polygon", "coordinates": [ [ [ 751256.378664115909487, 2316165.694343490991741 ], [ 751239.032617833232507, 2317453.723800519946963 ], [ 749966.298457855125889, 2317436.64589950023219 ], [ 749983.606872458476573, 2316148.626027777325362 ], [ 751256.378664115909487, 2316165.694343490991741 ] ] ] } },
{ "type": "Feature", "properties": { "label": 0, "month": "11", "year": "2024" }, "geometry": { "type": "Polygon", "coordinates": [ [ [ 852227.440780555130914, 2119503.362007218413055 ], [ 852209.554143100162037, 2120787.235328215174377 ], [ 850930.789128768490627, 2120769.48040791740641 ], [ 850948.64687550929375, 2119485.620795796159655 ], [ 852227.440780555130914, 2119503.362007218413055 ] ] ] } },
{ "type": "Feature", "properties": { "label": 0, "month": "11", "year": "2024" }, "geometry": { "type": "Polygon", "coordinates": [ [ [ 921709.671932847355492, 2177077.075212782248855 ], [ 921689.384121211944148, 2178363.070604610256851 ], [ 920411.104422755073756, 2178343.032522286754102 ], [ 920431.360701650148258, 2177057.053478474728763 ], [ 921709.671932847355492, 2177077.075212782248855 ] ] ] } },
{ "type": "Feature", "properties": { "label": 0, "month": "11", "year": "2024" }, "geometry": { "type": "Polygon", "coordinates": [ [ [ 747386.360095487558283, 2319978.711806915234774 ], [ 747369.094490198185667, 2321266.825521341525018 ], [ 746096.502172767068259, 2321249.826580215711147 ], [ 746113.72997652029153, 2319961.722299351356924 ], [ 747386.360095487558283, 2319978.711806915234774 ] ] ] } },
{ "type": "Feature", "properties": { "label": 0, "month": "11", "year": "2024" }, "geometry": { "type": "Polygon", "coordinates": [ [ [ 882759.990892686415464, 2216355.604056757409126 ], [ 882740.128724524751306, 2217642.110675510019064 ], [ 881463.332229649182409, 2217622.531877608038485 ], [ 881483.161144072189927, 2216336.040032792836428 ], [ 882759.990892686415464, 2216355.604056757409126 ] ] ] } },
{ "type": "Feature", "properties": { "label": 0, "month": "11", "year": "2024" }, "geometry": { "type": "Polygon", "coordinates": [ [ [ 891898.230894781067036, 2203629.112726015970111 ], [ 891878.30771426379215, 2204915.402013852726668 ], [ 890601.074040197534487, 2204895.749651146121323 ], [ 890620.964529446559027, 2203609.475510506425053 ], [ 891898.230894781067036, 2203629.112726015970111 ] ] ] } },
{ "type": "Feature", "properties": { "label": 0, "month": "11", "year": "2024" }, "geometry": { "type": "Polygon", "coordinates": [ [ [ 892096.518805323634297, 2190767.963975080754608 ], [ 892076.767204788513482, 2192053.937033237423748 ], [ 890799.209218709729612, 2192034.436259700451046 ], [ 890818.928705675760284, 2190748.478374749422073 ], [ 892096.518805323634297, 2190767.963975080754608 ] ] ] } },
{ "type": "Feature", "properties": { "label": 0, "month": "11", "year": "2024" }, "geometry": { "type": "Polygon", "coordinates": [ [ [ 801331.605727098649368, 2287235.288164804689586 ], [ 801313.095350755844265, 2288522.884407282806933 ], [ 800039.094026900129393, 2288504.674936049617827 ], [ 800057.568034321069717, 2287217.090230093337595 ], [ 801331.605727098649368, 2287235.288164804689586 ] ] ] } },
{ "type": "Feature", "properties": { "label": 0, "month": "11", "year": "2024" }, "geometry": { "type": "Polygon", "coordinates": [ [ [ 902576.314529122319072, 2174208.542259701061994 ], [ 902556.534616952296346, 2175494.236461764201522 ], [ 901278.437506985850632, 2175474.689093196764588 ], [ 901298.186036491766572, 2174189.010496475268155 ], [ 902576.314529122319072, 2174208.542259701061994 ] ] ] } },
{ "type": "Feature", "properties": { "label": 0, "month": "11", "year": "2024" }, "geometry": { "type": "Polygon", "coordinates": [ [ [ 609361.232809887034819, 2378899.196063886396587 ], [ 609347.828009658376686, 2380188.420079501345754 ], [ 608077.787897501257248, 2380175.090929049532861 ], [ 608091.152331024641171, 2378885.871054167393595 ], [ 609361.232809887034819, 2378899.196063886396587 ] ] ] } },
{ "type": "Feature", "properties": { "label": 0, "month": "11", "year": "2024" }, "geometry": { "type": "Polygon", "coordinates": [ [ [ 887413.68585486675147, 2162407.946725479327142 ], [ 887394.434240437345579, 2163693.184146681800485 ], [ 886116.244957650545985, 2163674.137947810348123 ], [ 886135.465734081109986, 2162388.915556545369327 ], [ 887413.68585486675147, 2162407.946725479327142 ] ] ] } },
{ "type": "Feature", "properties": { "label": 0, "month": "11", "year": "2024" }, "geometry": { "type": "Polygon", "coordinates": [ [ [ 586512.991861099377275, 2377376.029836997855455 ], [ 586500.316808087169193, 2378665.145901844836771 ], [ 585230.296052693389356, 2378652.503157253842801 ], [ 585242.930828397511505, 2377363.390368179418147 ], [ 586512.991861099377275, 2377376.029836997855455 ] ] ] } },
{ "type": "Feature", "properties": { "label": 0, "month": "11", "year": "2024" }, "geometry": { "type": "Polygon", "coordinates": [ [ [ 609388.028995546745136, 2376320.870250407140702 ], [ 609374.633138574659824, 2377610.012808418367058 ], [ 608104.512352268677205, 2377596.691940458957106 ], [ 608117.867961041629314, 2376307.553525235969573 ], [ 609388.028995546745136, 2376320.870250407140702 ] ] ] } },
{ "type": "Feature", "properties": { "label": 0, "month": "11", "year": "2024" }, "geometry": { "type": "Polygon", "coordinates": [ [ [ 445135.325088795449119, 2440707.309231870807707 ], [ 445127.272756320075132, 2441998.473587308544666 ], [ 443859.333411681640428, 2441990.131568643264472 ], [ 443867.34264206525404, 2440698.965156815946102 ], [ 445135.325088795449119, 2440707.309231870807707 ] ] ] } },
{ "type": "Feature", "properties": { "label": 0, "month": "11", "year": "2024" }, "geometry": { "type": "Polygon", "coordinates": [ [ [ 889403.184734551003203, 2199731.283880548086017 ], [ 889383.378087437711656, 2201017.447419889271259 ], [ 888106.077431505545974, 2200997.903483985923231 ], [ 888125.851565440418199, 2199711.75500032491982 ], [ 889403.184734551003203, 2199731.283880548086017 ] ] ] } },
{ "type": "Feature", "properties": { "label": 0, "month": "11", "year": "2024" }, "geometry": { "type": "Polygon", "coordinates": [ [ [ 795977.231648845365271, 2305191.715258009266108 ], [ 795958.68447102222126, 2306479.776292524766177 ], [ 794685.244692404288799, 2306461.547158461995423 ], [ 794703.754690069705248, 2305173.497433971613646 ], [ 795977.231648845365271, 2305191.715258009266108 ] ] ] } },
{ "type": "Feature", "properties": { "label": 0, "month": "11", "year": "2024" }, "geometry": { "type": "Polygon", "coordinates": [ [ [ 447671.281350780162029, 2440724.11769465636462 ], [ 447663.1428107409738, 2442015.278080280404538 ], [ 446395.20920557458885, 2442006.855757570825517 ], [ 446403.304641267168336, 2440715.693410869687796 ], [ 447671.281350780162029, 2440724.11769465636462 ] ] ] } },
{ "type": "Feature", "properties": { "label": 0, "month": "11", "year": "2024" }, "geometry": { "type": "Polygon", "coordinates": [ [ [ 785698.35846859391313, 2311487.192017421126366 ], [ 785680.04584019666072, 2312775.349295671097934 ], [ 784406.882719319546595, 2312757.348713974934071 ], [ 784425.15789201320149, 2311469.202344528865069 ], [ 785698.35846859391313, 2311487.192017421126366 ] ] ] } },
{ "type": "Feature", "properties": { "label": 0, "month": "11", "year": "2024" }, "geometry": { "type": "Polygon", "coordinates": [ [ [ 899662.491319646360353, 2197316.17037264816463 ], [ 899642.459497633739375, 2198602.392813682090491 ], [ 898364.968901578919031, 2198582.627817343920469 ], [ 898384.968307333416305, 2197296.420834739226848 ], [ 899662.491319646360353, 2197316.17037264816463 ] ] ] } },
{ "type": "Feature", "properties": { "label": 0, "month": "11", "year": "2024" }, "geometry": { "type": "Polygon", "coordinates": [ [ [ 717871.216326197376475, 2338919.650345220696181 ], [ 717854.677518611308187, 2340208.132662852760404 ], [ 716582.862285040202551, 2340191.834296132903546 ], [ 716599.362456440692768, 2338903.360267833340913 ], [ 717871.216326197376475, 2338919.650345220696181 ] ] ] } },
{ "type": "Feature", "properties": { "label": 0, "month": "11", "year": "2024" }, "geometry": { "type": "Polygon", "coordinates": [ [ [ 906785.034877435537055, 2149843.965074186213315 ], [ 906765.497537794988602, 2151129.13674380350858 ], [ 905486.765687540173531, 2151109.797607755754143 ], [ 905506.272729471558705, 2149824.641742606647313 ], [ 906785.034877435537055, 2149843.965074186213315 ] ] ] } },
{ "type": "Feature", "properties": { "label": 0, "month": "11", "year": "2024" }, "geometry": { "type": "Polygon", "coordinates": [ [ [ 726757.618234621244483, 2340323.245554929599166 ], [ 726740.799021751270629, 2341611.825954630039632 ], [ 725468.963615077082068, 2341595.262865161988884 ], [ 725485.744118350557983, 2340306.691092364024371 ], [ 726757.618234621244483, 2340323.245554929599166 ] ] ] } },
{ "type": "Feature", "properties": { "label": 0, "month": "11", "year": "2024" }, "geometry": { "type": "Polygon", "coordinates": [ [ [ 436197.4826008368982, 2450980.416008869186044 ], [ 436189.761534422112163, 2452271.949431475251913 ], [ 434922.147399538429454, 2452263.907562816049904 ], [ 434929.824891676194966, 2450972.37175202043727 ], [ 436197.4826008368982, 2450980.416008869186044 ] ] ] } },
{ "type": "Feature", "properties": { "label": 0, "month": "11", "year": "2024" }, "geometry": { "type": "Polygon", "coordinates": [ [ [ 888614.690018183784559, 2167568.198573882691562 ], [ 888595.339865592541173, 2168853.571727141272277 ], [ 887317.259124254225753, 2168834.435194964520633 ], [ 887336.578206789679825, 2167549.077111477497965 ], [ 888614.690018183784559, 2167568.198573882691562 ] ] ] } },
{ "type": "Feature", "properties": { "label": 0, "month": "11", "year": "2024" }, "geometry": { "type": "Polygon", "coordinates": [ [ [ 904051.602734725107439, 2161372.674450143706053 ], [ 904031.967629816383123, 2162658.08181464811787 ], [ 902753.54325461667031, 2162638.660598496440798 ], [ 902773.147549710934982, 2161353.268915242981166 ], [ 904051.602734725107439, 2161372.674450143706053 ] ] ] } },
{ "type": "Feature", "properties": { "label": 0, "month": "11", "year": "2024" }, "geometry": { "type": "Polygon", "coordinates": [ [ [ 606674.271481866948307, 2393056.21329735359177 ], [ 606660.899543180945329, 2394345.881608814001083 ], [ 605391.314799288054928, 2394332.583963656798005 ], [ 605404.645721917506307, 2393042.919685648754239 ], [ 606674.271481866948307, 2393056.21329735359177 ] ] ] } },
{ "type": "Feature", "properties": { "label": 0, "month": "11", "year": "2024" }, "geometry": { "type": "Polygon", "coordinates": [ [ [ 853452.456342311110348, 2123372.877464609686285 ], [ 853434.495061691617593, 2124656.849389702547342 ], [ 852155.803075687261298, 2124639.024879245087504 ], [ 852173.735292599420063, 2123355.066706382669508 ], [ 853452.456342311110348, 2123372.877464609686285 ] ] ] } },
{ "type": "Feature", "properties": { "label": 0, "month": "11", "year": "2024" }, "geometry": { "type": "Polygon", "coordinates": [ [ [ 901040.088028851198032, 2190905.23396975081414 ], [ 901020.111568483174779, 2192191.314632955007255 ], [ 899742.443599313264713, 2192171.595795823726803 ], [ 899762.387929877266288, 2190885.53065400570631 ], [ 901040.088028851198032, 2190905.23396975081414 ] ] ] } },
{ "type": "Feature", "properties": { "label": 0, "month": "11", "year": "2024" }, "geometry": { "type": "Polygon", "coordinates": [ [ [ 807514.439251990988851, 2300204.974576180335134 ], [ 807495.611572498688474, 2301492.992562367580831 ], [ 806221.91815317957662, 2301474.491753086447716 ], [ 806240.708866713219322, 2300186.485525513533503 ], [ 807514.439251990988851, 2300204.974576180335134 ] ] ] } },
{ "type": "Feature", "properties": { "label": 0, "month": "11", "year": "2024" }, "geometry": { "type": "Polygon", "coordinates": [ [ [ 789701.576114231254905, 2298661.506746747996658 ], [ 789683.278481978690252, 2299949.327921203803271 ], [ 788409.710064080078155, 2299931.331104654353112 ], [ 788427.970820573274978, 2298643.521006970200688 ], [ 789701.576114231254905, 2298661.506746747996658 ] ] ] } },
{ "type": "Feature", "properties": { "label": 0, "month": "11", "year": "2024" }, "geometry": { "type": "Polygon", "coordinates": [ [ [ 445207.942882413626648, 2429088.798849024344236 ], [ 445199.861214155564085, 2430379.570207885932177 ], [ 443931.536106762068812, 2430371.20967575116083 ], [ 443939.575211719609797, 2429080.436259028501809 ], [ 445207.942882413626648, 2429088.798849024344236 ] ] ] } },
{ "type": "Feature", "properties": { "label": 0, "month": "11", "year": "2024" }, "geometry": { "type": "Polygon", "coordinates": [ [ [ 862177.408948518335819, 2226337.551958889700472 ], [ 862157.951583769870922, 2227624.09058797173202 ], [ 860881.658022450632416, 2227604.913611262105405 ], [ 860901.081706907134503, 2226318.388943808153272 ], [ 862177.408948518335819, 2226337.551958889700472 ] ] ] } },
{ "type": "Feature", "properties": { "label": 0, "month": "11", "year": "2024" }, "geometry": { "type": "Polygon", "coordinates": [ [ [ 897814.711960949702188, 2150994.383746694773436 ], [ 897795.369359495816752, 2152279.475309614557773 ], [ 896516.779815437970683, 2152260.327684266492724 ], [ 896536.092077510431409, 2150975.251573360990733 ], [ 897814.711960949702188, 2150994.383746694773436 ] ] ] } },
{ "type": "Feature", "properties": { "label": 0, "month": "11", "year": "2024" }, "geometry": { "type": "Polygon", "coordinates": [ [ [ 854749.166469664196484, 2122106.759261859115213 ], [ 854731.191432342398912, 2123390.716651857364923 ], [ 853452.456342311110348, 2123372.877464609686285 ], [ 853470.402370852883905, 2122088.933879090007395 ], [ 854749.166469664196484, 2122106.759261859115213 ] ] ] } },
{ "type": "Feature", "properties": { "label": 0, "month": "11", "year": "2024" }, "geometry": { "type": "Polygon", "coordinates": [ [ [ 608104.512352268677205, 2377596.691940458957106 ], [ 608091.152331024641171, 2378885.871054167393595 ], [ 606821.075608188519254, 2378872.583961519878358 ], [ 606834.395323698525317, 2377583.408941466361284 ], [ 608104.512352268677205, 2377596.691940458957106 ] ] ] } },
{ "type": "Feature", "properties": { "label": 0, "month": "11", "year": "2024" }, "geometry": { "type": "Polygon", "coordinates": [ [ [ 896536.092077510431409, 2150975.251573360990733 ], [ 896516.779815437970683, 2152260.327684266492724 ], [ 895238.206053785397671, 2152241.209665440954268 ], [ 895257.487978708231822, 2150956.148956561461091 ], [ 896536.092077510431409, 2150975.251573360990733 ] ] ] } },
{ "type": "Feature", "properties": { "label": 0, "month": "11", "year": "2024" }, "geometry": { "type": "Polygon", "coordinates": [ [ [ 443915.467832435795572, 2432952.886805112939328 ], [ 443907.438667174370494, 2434243.790645349305123 ], [ 442639.238668629084714, 2434235.476150453556329 ], [ 442647.225092248932924, 2432944.570205109193921 ], [ 443915.467832435795572, 2432952.886805112939328 ] ] ] } },
{ "type": "Feature", "properties": { "label": 0, "month": "11", "year": "2024" }, "geometry": { "type": "Polygon", "coordinates": [ [ [ 609441.567702813306823, 2371164.705739982426167 ], [ 609428.189734438434243, 2372453.686134567018598 ], [ 608157.908310670289211, 2372440.381843867711723 ], [ 608171.246267689741217, 2371151.405596140772104 ], [ 609441.567702813306823, 2371164.705739982426167 ] ] ] } },
{ "type": "Feature", "properties": { "label": 0, "month": "11", "year": "2024" }, "geometry": { "type": "Polygon", "coordinates": [ [ [ 810099.698186750640161, 2297666.08465647418052 ], [ 810080.823902784613892, 2298954.05316352378577 ], [ 808807.032634889241308, 2298935.505614652298391 ], [ 808825.870065586874261, 2297647.548968549352139 ], [ 810099.698186750640161, 2297666.08465647418052 ] ] ] } },
{ "type": "Feature", "properties": { "label": 0, "month": "11", "year": "2024" }, "geometry": { "type": "Polygon", "coordinates": [ [ [ 714088.497184932930395, 2336294.090409385506064 ], [ 714072.09288667421788, 2337582.470756066963077 ], [ 712800.224910732125863, 2337566.298403158318251 ], [ 712816.590696755796671, 2336277.926203795708716 ], [ 714088.497184932930395, 2336294.090409385506064 ] ] ] } },
{ "type": "Feature", "properties": { "label": 0, "month": "11", "year": "2024" }, "geometry": { "type": "Polygon", "coordinates": [ [ [ 605431.294692658586428, 2390463.715430289506912 ], [ 605417.972353110322729, 2391753.296862184535712 ], [ 604148.309272386133671, 2391740.045679443515837 ], [ 604161.590716406353749, 2390450.468234988860786 ], [ 605431.294692658586428, 2390463.715430289506912 ] ] ] } },
{ "type": "Feature", "properties": { "label": 0, "month": "11", "year": "2024" }, "geometry": { "type": "Polygon", "coordinates": [ [ [ 893334.539824136067182, 2193359.488587543834001 ], [ 893314.721696108812466, 2194645.539637867826968 ], [ 892037.212560701416805, 2194625.977281741332263 ], [ 892056.99845740373712, 2193339.941449163015932 ], [ 893334.539824136067182, 2193359.488587543834001 ] ] ] } },
{ "type": "Feature", "properties": { "label": 0, "month": "11", "year": "2024" }, "geometry": { "type": "Polygon", "coordinates": [ [ [ 897067.509728607372381, 2199849.117442274931818 ], [ 897047.507953516440466, 2201135.37235887767747 ], [ 895770.113912030123174, 2201115.639460928272456 ], [ 895790.083159951958805, 2199829.399898083414882 ], [ 897067.509728607372381, 2199849.117442274931818 ] ] ] } },
{ "type": "Feature", "properties": { "label": 0, "month": "11", "year": "2024" }, "geometry": { "type": "Polygon", "coordinates": [ [ [ 715343.968967864755541, 2337598.679584722034633 ], [ 715327.516793440910988, 2338887.106718795374036 ], [ 714055.679285428486764, 2338870.88969604158774 ], [ 714072.09288667421788, 2337582.470756066963077 ], [ 715343.968967864755541, 2337598.679584722034633 ] ] ] } },
{ "type": "Feature", "properties": { "label": 0, "month": "11", "year": "2024" }, "geometry": { "type": "Polygon", "coordinates": [ [ [ 611941.83431726123672, 2375058.5068144868128 ], [ 611928.362549093784764, 2376347.617169721517712 ], [ 610658.193841045722365, 2376334.224798020906746 ], [ 610671.625416814233176, 2375045.118682864587754 ], [ 611941.83431726123672, 2375058.5068144868128 ] ] ] } },
{ "type": "Feature", "properties": { "label": 0, "month": "11", "year": "2024" }, "geometry": { "type": "Polygon", "coordinates": [ [ [ 893275.033808966400102, 2197217.736216262448579 ], [ 893255.164044873556122, 2198503.881862180773169 ], [ 891977.751949940575287, 2198484.273868475109339 ], [ 891997.589309447561391, 2197198.143432477489114 ], [ 893275.033808966400102, 2197217.736216262448579 ] ] ] } },
{ "type": "Feature", "properties": { "label": 0, "month": "11", "year": "2024" }, "geometry": { "type": "Polygon", "coordinates": [ [ [ 871300.895882412558421, 2127477.808410588186234 ], [ 871282.479328133282252, 2128762.063390126917511 ], [ 870003.673639150336385, 2128743.796628126874566 ], [ 870022.060929360683076, 2127459.556094342377037 ], [ 871300.895882412558421, 2127477.808410588186234 ] ] ] } },
{ "type": "Feature", "properties": { "label": 0, "month": "11", "year": "2024" }, "geometry": { "type": "Polygon", "coordinates": [ [ [ 802494.175119075342081, 2294979.709980111103505 ], [ 802475.548544040299021, 2296267.535128192976117 ], [ 801201.754956884775311, 2296249.221465639770031 ], [ 801220.344809500267729, 2294961.407889663707465 ], [ 802494.175119075342081, 2294979.709980111103505 ] ] ] } },
{ "type": "Feature", "properties": { "label": 0, "month": "11", "year": "2024" }, "geometry": { "type": "Polygon", "coordinates": [ [ [ 827048.468425759114325, 2183387.948307947255671 ], [ 827030.422754356521182, 2184673.054359021596611 ], [ 825753.429014550987631, 2184655.202010965906084 ], [ 825771.442973401630297, 2183370.108611581847072 ], [ 827048.468425759114325, 2183387.948307947255671 ] ] ] } },
{ "type": "Feature", "properties": { "label": 0, "month": "11", "year": "2024" }, "geometry": { "type": "Polygon", "coordinates": [ [ [ 446484.435091233346611, 2427806.475112046580762 ], [ 446476.307669004017953, 2429097.201113553252071 ], [ 445207.942882413626648, 2429088.798849024344236 ], [ 445216.027800008887425, 2427798.070837259758264 ], [ 446484.435091233346611, 2427806.475112046580762 ] ] ] } },
{ "type": "Feature", "properties": { "label": 0, "month": "11", "year": "2024" }, "geometry": { "type": "Polygon", "coordinates": [ [ [ 618306.606457463582046, 2373836.922456027008593 ], [ 618292.938587938551791, 2375126.014168879482895 ], [ 617022.709592823055573, 2375112.437133024446666 ], [ 617036.337320502614602, 2373823.349902010057122 ], [ 618306.606457463582046, 2373836.922456027008593 ] ] ] } },
{ "type": "Feature", "properties": { "label": 0, "month": "11", "year": "2024" }, "geometry": { "type": "Polygon", "coordinates": [ [ [ 798505.59851956833154, 2306516.340763655491173 ], [ 798486.963825374259613, 2307804.461491996888071 ], [ 797213.538278583087958, 2307786.150149703025818 ], [ 797232.135729409637861, 2306498.040826810523868 ], [ 798505.59851956833154, 2306516.340763655491173 ] ] ] } },
{ "type": "Feature", "properties": { "label": 0, "month": "11", "year": "2024" }, "geometry": { "type": "Polygon", "coordinates": [ [ [ 749948.979111161781475, 2318724.703328439034522 ], [ 749931.648831089842133, 2320012.798375951591879 ], [ 748658.999696381855756, 2319995.737165058497339 ], [ 748676.29222942260094, 2318707.651650326326489 ], [ 749948.979111161781475, 2318724.703328439034522 ] ] ] } },
{ "type": "Feature", "properties": { "label": 0, "month": "11", "year": "2024" }, "geometry": { "type": "Polygon", "coordinates": [ [ [ 896947.238095731008798, 2207567.124520012643188 ], [ 896927.131909888237715, 2208853.570881252642721 ], [ 895649.934245905373245, 2208833.745916307438165 ], [ 895670.007557521574199, 2207547.314892942085862 ], [ 896947.238095731008798, 2207567.124520012643188 ] ] ] } },
{ "type": "Feature", "properties": { "label": 0, "month": "11", "year": "2024" }, "geometry": { "type": "Polygon", "coordinates": [ [ [ 890640.837907338514924, 2202323.233260883949697 ], [ 890620.964529446559027, 2203609.475510506425053 ], [ 889343.713644941570237, 2203589.869884261395782 ], [ 889363.55439172196202, 2202303.642734785564244 ], [ 890640.837907338514924, 2202323.233260883949697 ] ] ] } },
{ "type": "Feature", "properties": { "label": 0, "month": "11", "year": "2024" }, "geometry": { "type": "Polygon", "coordinates": [ [ [ 802456.908658137428574, 2297555.396709143649787 ], [ 802438.255459558800794, 2298843.29478384880349 ], [ 801164.535493017407134, 2298824.957983813714236 ], [ 801183.151851986767724, 2297537.071476728189737 ], [ 802456.908658137428574, 2297555.396709143649787 ] ] ] } },
{ "type": "Feature", "properties": { "label": 0, "month": "11", "year": "2024" }, "geometry": { "type": "Polygon", "coordinates": [ [ [ 606754.411739291157573, 2385319.071749331429601 ], [ 606741.065908638061956, 2386608.492283795960248 ], [ 605471.235959340119734, 2386595.218854499515146 ], [ 605484.54113021097146, 2385305.802359537687153 ], [ 606754.411739291157573, 2385319.071749331429601 ] ] ] } },
{ "type": "Feature", "properties": { "label": 0, "month": "11", "year": "2024" }, "geometry": { "type": "Polygon", "coordinates": [ [ [ 890858.316422021365725, 2188176.656450547277927 ], [ 890838.631105963257141, 2189462.551791313569993 ], [ 889561.024456768995151, 2189443.112409356050193 ], [ 889580.677776952274144, 2188157.232197224162519 ], [ 890858.316422021365725, 2188176.656450547277927 ] ] ] } },
{ "type": "Feature", "properties": { "label": 0, "month": "11", "year": "2024" }, "geometry": { "type": "Polygon", "coordinates": [ [ [ 617036.337320502614602, 2373823.349902010057122 ], [ 617022.709592823055573, 2375112.437133024446666 ], [ 615752.484719756757841, 2375098.897881304379553 ], [ 615766.072307334048674, 2373809.815083969384432 ], [ 617036.337320502614602, 2373823.349902010057122 ] ] ] } },
{ "type": "Feature", "properties": { "label": 0, "month": "11", "year": "2024" }, "geometry": { "type": "Polygon", "coordinates": [ [ [ 442639.238668629084714, 2434235.476150453556329 ], [ 442631.255622197408229, 2435526.425697781611234 ], [ 441363.095432750473265, 2435518.153219299856573 ], [ 441371.03567880828632, 2434227.201519323978573 ], [ 442639.238668629084714, 2434235.476150453556329 ] ] ] } },
{ "type": "Feature", "properties": { "label": 0, "month": "11", "year": "2024" }, "geometry": { "type": "Polygon", "coordinates": [ [ [ 604121.733687832253054, 2394319.324809007812291 ], [ 604108.439547746675089, 2395609.026620107702911 ], [ 602838.903089304221794, 2395595.802017913199961 ], [ 602852.156157331657596, 2394306.104143263306469 ], [ 604121.733687832253054, 2394319.324809007812291 ] ] ] } },
{ "type": "Feature", "properties": { "label": 0, "month": "11", "year": "2024" }, "geometry": { "type": "Polygon", "coordinates": [ [ [ 887867.461837780661881, 2216434.180881645996124 ], [ 887847.466631195042282, 2217720.747091786935925 ], [ 886570.609260554774664, 2217701.039799012709409 ], [ 886590.571204008418135, 2216414.488561073783785 ], [ 887867.461837780661881, 2216434.180881645996124 ] ] ] } },
{ "type": "Feature", "properties": { "label": 0, "month": "11", "year": "2024" }, "geometry": { "type": "Polygon", "coordinates": [ [ [ 443795.379610417818185, 2452321.05173509940505 ], [ 443787.400421452417504, 2453612.616326914634556 ], [ 442519.84873788326513, 2453604.333387570921332 ], [ 442527.784285893081687, 2452312.766693308018148 ], [ 443795.379610417818185, 2452321.05173509940505 ] ] ] } },
{ "type": "Feature", "properties": { "label": 0, "month": "11", "year": "2024" }, "geometry": { "type": "Polygon", "coordinates": [ [ [ 910265.373812618199736, 2173040.614352838601917 ], [ 910245.423474575160071, 2174326.372734692879021 ], [ 908967.198150398442522, 2174306.658131807576865 ], [ 908987.117149525438435, 2173020.915657110977918 ], [ 910265.373812618199736, 2173040.614352838601917 ] ] ] } },
{ "type": "Feature", "properties": { "label": 0, "month": "11", "year": "2024" }, "geometry": { "type": "Polygon", "coordinates": [ [ [ 447646.875182277115528, 2444597.730874414555728 ], [ 447638.746097885014024, 2445889.023411020170897 ], [ 446370.942165455315262, 2445880.606970633845776 ], [ 446379.027965639426839, 2444589.31247339444235 ], [ 447646.875182277115528, 2444597.730874414555728 ] ] ] } },
{ "type": "Feature", "properties": { "label": 0, "month": "11", "year": "2024" }, "geometry": { "type": "Polygon", "coordinates": [ [ [ 841625.106331695569679, 2235039.778983452823013 ], [ 841606.082851284183562, 2236326.333197611849755 ], [ 840330.247831053566188, 2236307.583385745994747 ], [ 840349.237261607311666, 2235021.042325838468969 ], [ 841625.106331695569679, 2235039.778983452823013 ] ] ] } },
{ "type": "Feature", "properties": { "label": 0, "month": "11", "year": "2024" }, "geometry": { "type": "Polygon", "coordinates": [ [ [ 748658.999696381855756, 2319995.737165058497339 ], [ 748641.696287433383986, 2321283.860361691564322 ], [ 747369.094490198185667, 2321266.825521341525018 ], [ 747386.360095487558283, 2319978.711806915234774 ], [ 748658.999696381855756, 2319995.737165058497339 ] ] ] } },
{ "type": "Feature", "properties": { "label": 0, "month": "11", "year": "2024" }, "geometry": { "type": "Polygon", "coordinates": [ [ [ 855955.836266496800818, 2127260.668245909269899 ], [ 855937.770742205902934, 2128544.753178074490279 ], [ 854659.138172704027966, 2128526.830164031591266 ], [ 854677.174458097200841, 2127242.759077389258891 ], [ 855955.836266496800818, 2127260.668245909269899 ] ] ] } },
{ "type": "Feature", "properties": { "label": 0, "month": "11", "year": "2024" }, "geometry": { "type": "Polygon", "coordinates": [ [ [ 442655.214890994131565, 2431653.707797909155488 ], [ 442647.225092248932924, 2432944.570205109193921 ], [ 441378.979361910372972, 2432936.293421167414635 ], [ 441386.926479970454238, 2431645.428860967978835 ], [ 442655.214890994131565, 2431653.707797909155488 ] ] ] } },
{ "type": "Feature", "properties": { "label": 0, "month": "11", "year": "2024" }, "geometry": { "type": "Polygon", "coordinates": [ [ [ 780894.550704192370176, 2290810.641761631239206 ], [ 780876.585042009712197, 2292098.167788418475538 ], [ 779602.873501377063803, 2292080.48135930346325 ], [ 779620.802654553903267, 2290792.966079942882061 ], [ 780894.550704192370176, 2290810.641761631239206 ] ] ] } },
{ "type": "Feature", "properties": { "label": 0, "month": "11", "year": "2024" }, "geometry": { "type": "Polygon", "coordinates": [ [ [ 889422.974335529142991, 2198445.152057755738497 ], [ 889403.184734551003203, 2199731.283880548086017 ], [ 888125.851565440418199, 2199711.75500032491982 ], [ 888145.608711022417992, 2198425.638235788792372 ], [ 889422.974335529142991, 2198445.152057755738497 ] ] ] } },
{ "type": "Feature", "properties": { "label": 0, "month": "11", "year": "2024" }, "geometry": { "type": "Polygon", "coordinates": [ [ [ 888283.433261364232749, 2189423.704067532438785 ], [ 888263.79496590339113, 2190709.600448593031615 ], [ 886986.251220717444085, 2190690.20811786595732 ], [ 887005.857467212132178, 2189404.326763393823057 ], [ 888283.433261364232749, 2189423.704067532438785 ] ] ] } },
{ "type": "Feature", "properties": { "label": 0, "month": "11", "year": "2024" }, "geometry": { "type": "Polygon", "coordinates": [ [ [ 886749.656309200217947, 2206123.243341481313109 ], [ 886729.829996624030173, 2207409.536313355434686 ], [ 885452.723458967870101, 2207389.980601962655783 ], [ 885472.51697392645292, 2206103.702573518268764 ], [ 886749.656309200217947, 2206123.243341481313109 ] ] ] } },
{ "type": "Feature", "properties": { "label": 0, "month": "11", "year": "2024" }, "geometry": { "type": "Polygon", "coordinates": [ [ [ 857072.185171161545441, 2226261.094436237122864 ], [ 857052.862513789674267, 2227547.577515449374914 ], [ 855776.625561460852623, 2227528.530420170165598 ], [ 855795.914547726977617, 2226242.061104825232178 ], [ 857072.185171161545441, 2226261.094436237122864 ] ] ] } },
{ "type": "Feature", "properties": { "label": 0, "month": "11", "year": "2024" }, "geometry": { "type": "Polygon", "coordinates": [ [ [ 872524.359795424737968, 2131348.98343108035624 ], [ 872505.865621227538213, 2132633.338690361939371 ], [ 871227.133304622024298, 2132614.999794877599925 ], [ 871245.598041364224628, 2131330.659024348948151 ], [ 872524.359795424737968, 2131348.98343108035624 ] ] ] } },
{ "type": "Feature", "properties": { "label": 0, "month": "11", "year": "2024" }, "geometry": { "type": "Polygon", "coordinates": [ [ [ 898324.917743070982397, 2201155.136759226676077 ], [ 898304.865985218901187, 2202441.438836462795734 ], [ 897027.488782993517816, 2202421.65903531620279 ], [ 897047.507953516440466, 2201135.37235887767747 ], [ 898324.917743070982397, 2201155.136759226676077 ] ] ] } },
{ "type": "Feature", "properties": { "label": 0, "month": "11", "year": "2024" }, "geometry": { "type": "Polygon", "coordinates": [ [ [ 798524.220064492197707, 2305228.256962615065277 ], [ 798505.59851956833154, 2306516.340763655491173 ], [ 797232.135729409637861, 2306498.040826810523868 ], [ 797250.720089650247246, 2305209.968433442525566 ], [ 798524.220064492197707, 2305228.256962615065277 ] ] ] } },
{ "type": "Feature", "properties": { "label": 0, "month": "11", "year": "2024" }, "geometry": { "type": "Polygon", "coordinates": [ [ [ 836529.262250671861693, 2144972.009434928186238 ], [ 836511.431666811462492, 2146256.297613261733204 ], [ 835233.419748040032573, 2146238.620724701788276 ], [ 835251.220324754016474, 2144954.345611860975623 ], [ 836529.262250671861693, 2144972.009434928186238 ] ] ] } },
{ "type": "Feature", "properties": { "label": 0, "month": "11", "year": "2024" }, "geometry": { "type": "Polygon", "coordinates": [ [ [ 902397.66238682938274, 2185780.895651882048696 ], [ 902377.724203373072669, 2187066.867127157282084 ], [ 901099.912129888078198, 2187047.179428554140031 ], [ 901119.818412036402151, 2185761.22353499289602 ], [ 902397.66238682938274, 2185780.895651882048696 ] ] ] } },
{ "type": "Feature", "properties": { "label": 0, "month": "11", "year": "2024" }, "geometry": { "type": "Polygon", "coordinates": [ [ [ 887927.345344859175384, 2212574.676941815298051 ], [ 887907.401192129938863, 2213861.14586592046544 ], [ 886630.444205908104777, 2213841.483497571200132 ], [ 886650.355269295163453, 2212555.029553506057709 ], [ 887927.345344859175384, 2212574.676941815298051 ] ] ] } },
{ "type": "Feature", "properties": { "label": 0, "month": "11", "year": "2024" }, "geometry": { "type": "Polygon", "coordinates": [ [ [ 446443.829895758593921, 2434260.539229868445545 ], [ 446435.718441482400522, 2435551.482605546712875 ], [ 445167.567075242754072, 2435543.090390052646399 ], [ 445175.635725778294727, 2434252.145004876889288 ], [ 446443.829895758593921, 2434260.539229868445545 ] ] ] } },
{ "type": "Feature", "properties": { "label": 0, "month": "11", "year": "2024" }, "geometry": { "type": "Polygon", "coordinates": [ [ [ 614387.299928918946534, 2384110.084707657806575 ], [ 614373.714811441255733, 2385399.489418622571975 ], [ 613103.821254011010751, 2385385.991069107316434 ], [ 613117.365760690066963, 2384096.590687076561153 ], [ 614387.299928918946534, 2384110.084707657806575 ] ] ] } },
{ "type": "Feature", "properties": { "label": 0, "month": "11", "year": "2024" }, "geometry": { "type": "Polygon", "coordinates": [ [ [ 808807.032634889241308, 2298935.505614652298391 ], [ 808788.181596606969833, 2300223.498804085887969 ], [ 807514.439251990988851, 2300204.974576180335134 ], [ 807533.253380667534657, 2298916.99319651722908 ], [ 808807.032634889241308, 2298935.505614652298391 ] ] ] } },
{ "type": "Feature", "properties": { "label": 0, "month": "11", "year": "2024" }, "geometry": { "type": "Polygon", "coordinates": [ [ [ 889363.55439172196202, 2202303.642734785564244 ], [ 889343.713644941570237, 2203589.869884261395782 ], [ 888066.478188765002415, 2203570.295844790991396 ], [ 888086.286306763300672, 2202284.083745803218335 ], [ 889363.55439172196202, 2202303.642734785564244 ] ] ] } },
{ "type": "Feature", "properties": { "label": 0, "month": "11", "year": "2024" }, "geometry": { "type": "Polygon", "coordinates": [ [ [ 793411.816341556143016, 2306443.353422270622104 ], [ 793393.330607261043042, 2307731.428821706678718 ], [ 792119.950866513885558, 2307713.259270856622607 ], [ 792138.399366477970034, 2306425.195081620011479 ], [ 793411.816341556143016, 2306443.353422270622104 ] ] ] } },
{ "type": "Feature", "properties": { "label": 0, "month": "11", "year": "2024" }, "geometry": { "type": "Polygon", "coordinates": [ [ [ 854767.126199879683554, 2120822.830151343718171 ], [ 854749.166469664196484, 2122106.759261859115213 ], [ 853470.402370852883905, 2122088.933879090007395 ], [ 853488.333149264450185, 2120805.018575296271592 ], [ 854767.126199879683554, 2120822.830151343718171 ] ] ] } },
{ "type": "Feature", "properties": { "label": 0, "month": "11", "year": "2024" }, "geometry": { "type": "Polygon", "coordinates": [ [ [ 784498.133495508693159, 2306316.98821394238621 ], [ 784479.908354453393258, 2307604.986166807357222 ], [ 783206.606772654224187, 2307587.064661370124668 ], [ 783224.794695034157485, 2306299.077577113173902 ], [ 784498.133495508693159, 2306316.98821394238621 ] ] ] } },
{ "type": "Feature", "properties": { "label": 0, "month": "11", "year": "2024" }, "geometry": { "type": "Polygon", "coordinates": [ [ [ 900079.120208335458301, 2170312.702961676754057 ], [ 900059.455425398657098, 2171598.274617705028504 ], [ 898781.296205594204366, 2171578.834800410084426 ], [ 898800.929783097933978, 2170293.278657797724009 ], [ 900079.120208335458301, 2170312.702961676754057 ] ] ] } },
{ "type": "Feature", "properties": { "label": 0, "month": "11", "year": "2024" }, "geometry": { "type": "Polygon", "coordinates": [ [ [ 441323.445831054472364, 2441973.56798274256289 ], [ 441315.526251047383994, 2443264.782635822426528 ], [ 440047.621071143541485, 2443256.563266115728766 ], [ 440055.497492474329192, 2441965.346413836814463 ], [ 441323.445831054472364, 2441973.56798274256289 ] ] ] } },
{ "type": "Feature", "properties": { "label": 0, "month": "11", "year": "2024" }, "geometry": { "type": "Polygon", "coordinates": [ [ [ 886927.330990019487217, 2194548.040272131562233 ], [ 886907.657074644346721, 2195834.047216787468642 ], [ 885630.257439611945301, 2195814.626089172437787 ], [ 885649.899077476933599, 2194528.634111134335399 ], [ 886927.330990019487217, 2194548.040272131562233 ] ] ] } },
{ "type": "Feature", "properties": { "label": 0, "month": "11", "year": "2024" }, "geometry": { "type": "Polygon", "coordinates": [ [ [ 717887.745653108227998, 2337631.206677525304258 ], [ 717871.216326197376475, 2338919.650345220696181 ], [ 716599.362456440692768, 2338903.360267833340913 ], [ 716615.853206083411351, 2337614.924891191069037 ], [ 717887.745653108227998, 2337631.206677525304258 ] ] ] } },
{ "type": "Feature", "properties": { "label": 0, "month": "11", "year": "2024" }, "geometry": { "type": "Polygon", "coordinates": [ [ [ 790938.510831885272637, 2301255.228817719966173 ], [ 790920.15074253664352, 2302543.134449685458094 ], [ 789646.645025493577123, 2302525.080243961885571 ], [ 789664.9681196246529, 2301237.185733287129551 ], [ 790938.510831885272637, 2301255.228817719966173 ] ] ] } },
{ "type": "Feature", "properties": { "label": 0, "month": "11", "year": "2024" }, "geometry": { "type": "Polygon", "coordinates": [ [ [ 920852.499834818067029, 2150058.470950712449849 ], [ 920832.629071161733009, 2151343.819770346395671 ], [ 919553.71605818439275, 2151324.155168034601957 ], [ 919573.556499204132706, 2150038.822703070007265 ], [ 920852.499834818067029, 2150058.470950712449849 ] ] ] } },
{ "type": "Feature", "properties": { "label": 0, "month": "11", "year": "2024" }, "geometry": { "type": "Polygon", "coordinates": [ [ [ 890680.533338971552439, 2199750.844198564067483 ], [ 890660.694176353979856, 2201037.022843250073493 ], [ 889383.378087437711656, 2201017.447419889271259 ], [ 889403.184734551003203, 2199731.283880548086017 ], [ 890680.533338971552439, 2199750.844198564067483 ] ] ] } },
{ "type": "Feature", "properties": { "label": 0, "month": "11", "year": "2024" }, "geometry": { "type": "Polygon", "coordinates": [ [ [ 749966.298457855125889, 2317436.64589950023219 ], [ 749948.979111161781475, 2318724.703328439034522 ], [ 748676.29222942260094, 2318707.651650326326489 ], [ 748693.573887832695618, 2317419.603756085969508 ], [ 749966.298457855125889, 2317436.64589950023219 ] ] ] } },
{ "type": "Feature", "properties": { "label": 0, "month": "11", "year": "2024" }, "geometry": { "type": "Polygon", "coordinates": [ [ [ 832889.374402174027637, 2130794.290323921013623 ], [ 832871.791814202442765, 2132078.219677275978029 ], [ 831593.492670230800286, 2132060.772867721971124 ], [ 831611.045885254628956, 2130776.856453895103186 ], [ 832889.374402174027637, 2130794.290323921013623 ] ] ] } },
{ "type": "Feature", "properties": { "label": 0, "month": "11", "year": "2024" }, "geometry": { "type": "Polygon", "coordinates": [ [ [ 900000.356349186156876, 2175455.172239151783288 ], [ 899980.621739650145173, 2176740.86585923936218 ], [ 898702.587917065713555, 2176721.364014212042093 ], [ 898722.291090947808698, 2175435.685897163581103 ], [ 900000.356349186156876, 2175455.172239151783288 ] ] ] } },
{ "type": "Feature", "properties": { "label": 0, "month": "11", "year": "2024" }, "geometry": { "type": "Polygon", "coordinates": [ [ [ 611820.423163132276386, 2386661.968056719750166 ], [ 611806.910086955642328, 2387951.446364589501172 ], [ 610537.105777723365463, 2387938.015879042446613 ], [ 610550.578127889195457, 2386648.541801878716797 ], [ 611820.423163132276386, 2386661.968056719750166 ] ] ] } },
{ "type": "Feature", "properties": { "label": 0, "month": "11", "year": "2024" }, "geometry": { "type": "Polygon", "coordinates": [ [ [ 789591.599335643346421, 2306388.984577640891075 ], [ 789573.225297602126375, 2307677.026492876000702 ], [ 788299.879365460015833, 2307658.963261102326214 ], [ 788318.216175903333351, 2306370.932409647852182 ], [ 789591.599335643346421, 2306388.984577640891075 ] ] ] } },
{ "type": "Feature", "properties": { "label": 0, "month": "11", "year": "2024" }, "geometry": { "type": "Polygon", "coordinates": [ [ [ 441283.882468462979887, 2448430.08238374395296 ], [ 441275.980167643283494, 2449721.517925159540027 ], [ 440008.291680738853756, 2449713.309548517223448 ], [ 440016.150522962794639, 2448421.871808888856322 ], [ 441283.882468462979887, 2448430.08238374395296 ] ] ] } },
{ "type": "Feature", "properties": { "label": 0, "month": "11", "year": "2024" }, "geometry": { "type": "Polygon", "coordinates": [ [ [ 605444.612740354146808, 2389174.175326988566667 ], [ 605431.294692658586428, 2390463.715430289506912 ], [ 604161.590716406353749, 2390450.468234988860786 ], [ 604174.867927955230698, 2389160.932120136450976 ], [ 605444.612740354146808, 2389174.175326988566667 ] ] ] } },
{ "type": "Feature", "properties": { "label": 0, "month": "11", "year": "2024" }, "geometry": { "type": "Polygon", "coordinates": [ [ [ 586525.663508693221956, 2376086.954486615024507 ], [ 586512.991861099377275, 2377376.029836997855455 ], [ 585242.930828397511505, 2377363.390368179418147 ], [ 585255.562257910030894, 2376074.318294445052743 ], [ 586525.663508693221956, 2376086.954486615024507 ] ] ] } },
{ "type": "Feature", "properties": { "label": 0, "month": "11", "year": "2024" }, "geometry": { "type": "Polygon", "coordinates": [ [ [ 623498.168460731743835, 2363580.16175700770691 ], [ 623484.380995197338052, 2364868.949647600296885 ], [ 622213.815462654456496, 2364855.258885178249329 ], [ 622227.563252646825276, 2363566.475677924230695 ], [ 623498.168460731743835, 2363580.16175700770691 ] ] ] } },
{ "type": "Feature", "properties": { "label": 0, "month": "11", "year": "2024" }, "geometry": { "type": "Polygon", "coordinates": [ [ [ 605551.002589834621176, 2378859.334784328937531 ], [ 605537.718884583911858, 2380148.546522041782737 ], [ 604267.689880754449405, 2380135.331262276042253 ], [ 604280.933224427746609, 2378846.123520988505334 ], [ 605551.002589834621176, 2378859.334784328937531 ] ] ] } },
{ "type": "Feature", "properties": { "label": 0, "month": "11", "year": "2024" }, "geometry": { "type": "Polygon", "coordinates": [ [ [ 629865.24191894615069, 2362360.380529824644327 ], [ 629851.261468518176116, 2363649.152568330522627 ], [ 628580.633765967562795, 2363635.279678313992918 ], [ 628594.574591136071831, 2362346.512565420474857 ], [ 629865.24191894615069, 2362360.380529824644327 ] ] ] } },
{ "type": "Feature", "properties": { "label": 0, "month": "11", "year": "2024" }, "geometry": { "type": "Polygon", "coordinates": [ [ [ 885903.706700068200007, 2177813.582423619460315 ], [ 885884.284095593029633, 2179099.169640715699643 ], [ 884606.484666563104838, 2179079.973913170397282 ], [ 884625.875745289726183, 2177794.401646029669791 ], [ 885903.706700068200007, 2177813.582423619460315 ] ] ] } },
{ "type": "Feature", "properties": { "label": 0, "month": "11", "year": "2024" }, "geometry": { "type": "Polygon", "coordinates": [ [ [ 608051.0457943524234, 2382753.653213212266564 ], [ 608037.668125097174197, 2384042.995748016983271 ], [ 606767.753217917284928, 2384029.692290910985321 ], [ 606781.090344320400618, 2382740.353845701552927 ], [ 608051.0457943524234, 2382753.653213212266564 ] ] ] } },
{ "type": "Feature", "properties": { "label": 0, "month": "11", "year": "2024" }, "geometry": { "type": "Polygon", "coordinates": [ [ [ 920350.225251009687781, 2182201.153808143921196 ], [ 920329.895406376104802, 2183487.255816908087581 ], [ 919051.759142864728346, 2183467.18322092294693 ], [ 919072.057226453442127, 2182181.09749937383458 ], [ 920350.225251009687781, 2182201.153808143921196 ] ] ] } },
{ "type": "Feature", "properties": { "label": 0, "month": "11", "year": "2024" }, "geometry": { "type": "Polygon", "coordinates": [ [ [ 895988.822624067077413, 2186968.738237652927637 ], [ 895969.026613972848281, 2188254.663416894618422 ], [ 894691.325619142036885, 2188235.115177435800433 ], [ 894711.089681822806597, 2186949.20532841887325 ], [ 895988.822624067077413, 2186968.738237652927637 ] ] ] } },
{ "type": "Feature", "properties": { "label": 0, "month": "11", "year": "2024" }, "geometry": { "type": "Polygon", "coordinates": [ [ [ 830050.639343070448376, 2151305.394344406668097 ], [ 830032.887464819708839, 2152589.765397340524942 ], [ 828755.092198384809308, 2152572.170925160869956 ], [ 828772.813793901586905, 2151287.812677697278559 ], [ 830050.639343070448376, 2151305.394344406668097 ] ] ] } },
{ "type": "Feature", "properties": { "label": 0, "month": "11", "year": "2024" }, "geometry": { "type": "Polygon", "coordinates": [ [ [ 617022.709592823055573, 2375112.437133024446666 ], [ 617009.077037759125233, 2376401.564929887652397 ], [ 615738.892364017781802, 2376388.021245554555207 ], [ 615752.484719756757841, 2375098.897881304379553 ], [ 617022.709592823055573, 2375112.437133024446666 ] ] ] } },
{ "type": "Feature", "properties": { "label": 0, "month": "11", "year": "2024" }, "geometry": { "type": "Polygon", "coordinates": [ [ [ 887432.920608165673912, 2161122.739323784597218 ], [ 887413.68585486675147, 2162407.946725479327142 ], [ 886135.465734081109986, 2162388.915556545369327 ], [ 886154.669706797576509, 2161103.723187286406755 ], [ 887432.920608165673912, 2161122.739323784597218 ] ] ] } },
{ "type": "Feature", "properties": { "label": 0, "month": "11", "year": "2024" }, "geometry": { "type": "Polygon", "coordinates": [ [ [ 854731.191432342398912, 2123390.716651857364923 ], [ 854713.201085948967375, 2124674.702379203401506 ], [ 853434.495061691617593, 2124656.849389702547342 ], [ 853452.456342311110348, 2123372.877464609686285 ], [ 854731.191432342398912, 2123390.716651857364923 ] ] ] } },
{ "type": "Feature", "properties": { "label": 0, "month": "11", "year": "2024" }, "geometry": { "type": "Polygon", "coordinates": [ [ [ 850895.028230601456016, 2123337.284375001210719 ], [ 850877.125075326301157, 2124621.228845648001879 ], [ 849598.461008010199293, 2124603.461286726407707 ], [ 849616.33510370599106, 2123319.530468266922981 ], [ 850895.028230601456016, 2123337.284375001210719 ] ] ] } },
{ "type": "Feature", "properties": { "label": 0, "month": "11", "year": "2024" }, "geometry": { "type": "Polygon", "coordinates": [ [ [ 719192.753558340365998, 2335070.736628652084619 ], [ 719176.204728343291208, 2336359.111524906940758 ], [ 717904.26550031802617, 2336342.801597940735519 ], [ 717920.775868798722513, 2335054.43504472495988 ], [ 719192.753558340365998, 2335070.736628652084619 ] ] ] } },
{ "type": "Feature", "properties": { "label": 0, "month": "11", "year": "2024" }, "geometry": { "type": "Polygon", "coordinates": [ [ [ 857110.783543608617038, 2223688.22729039285332 ], [ 857091.492180365836248, 2224974.644381048157811 ], [ 855815.187943803612143, 2224955.624815964139998 ], [ 855834.445751881226897, 2223669.221494066994637 ], [ 857110.783543608617038, 2223688.22729039285332 ] ] ] } },
{ "type": "Feature", "properties": { "label": 0, "month": "11", "year": "2024" }, "geometry": { "type": "Polygon", "coordinates": [ [ [ 852173.735292599420063, 2123355.066706382669508 ], [ 852155.803075687261298, 2124639.024879245087504 ], [ 850877.125075326301157, 2124621.228845648001879 ], [ 850895.028230601456016, 2123337.284375001210719 ], [ 852173.735292599420063, 2123355.066706382669508 ] ] ] } },
{ "type": "Feature", "properties": { "label": 0, "month": "11", "year": "2024" }, "geometry": { "type": "Polygon", "coordinates": [ [ [ 896497.450309604173526, 2153545.433330615516752 ], [ 896478.103557590860873, 2154830.568570620380342 ], [ 895199.590642290888354, 2154811.419755314476788 ], [ 895218.906942448229529, 2153526.299912280868739 ], [ 896497.450309604173526, 2153545.433330615516752 ] ] ] } },
{ "type": "Feature", "properties": { "label": 0, "month": "11", "year": "2024" }, "geometry": { "type": "Polygon", "coordinates": [ [ [ 788409.710064080078155, 2299931.331104654353112 ], [ 788391.436636091675609, 2301219.177842122968286 ], [ 787117.916329281637445, 2301201.205141928512603 ], [ 787136.152825128287077, 2299913.369430233724415 ], [ 788409.710064080078155, 2299931.331104654353112 ] ] ] } },
{ "type": "Feature", "properties": { "label": 0, "month": "11", "year": "2024" }, "geometry": { "type": "Polygon", "coordinates": [ [ [ 904012.314917022245936, 2163943.519165500532836 ], [ 903992.644593831617385, 2165228.986561088357121 ], [ 902714.282010660273954, 2165209.53399021923542 ], [ 902733.921409099479206, 2163924.082270698156208 ], [ 904012.314917022245936, 2163943.519165500532836 ] ] ] } },
{ "type": "Feature", "properties": { "label": 0, "month": "11", "year": "2024" }, "geometry": { "type": "Polygon", "coordinates": [ [ [ 827263.909720469964668, 2167969.086758515797555 ], [ 827246.034280316205695, 2169253.823169162962586 ], [ 825968.663782483199611, 2169236.122785677667707 ], [ 825986.508199328556657, 2167951.399052886758 ], [ 827263.909720469964668, 2167969.086758515797555 ] ] ] } },
{ "type": "Feature", "properties": { "label": 0, "month": "11", "year": "2024" }, "geometry": { "type": "Polygon", "coordinates": [ [ [ 609334.418738062144257, 2381477.684917994309217 ], [ 609321.004995266208425, 2382766.990642085671425 ], [ 608051.0457943524234, 2382753.653213212266564 ], [ 608064.419051882112399, 2381464.35162781458348 ], [ 609334.418738062144257, 2381477.684917994309217 ] ] ] } },
{ "type": "Feature", "properties": { "label": 0, "month": "11", "year": "2024" }, "geometry": { "type": "Polygon", "coordinates": [ [ [ 604201.409652749774978, 2386581.983627547509968 ], [ 604188.140906811109744, 2387871.437271961476654 ], [ 602918.358907130430453, 2387858.236303349025548 ], [ 602931.586937357438728, 2386568.786601334344596 ], [ 604201.409652749774978, 2386581.983627547509968 ] ] ] } },
{ "type": "Feature", "properties": { "label": 0, "month": "11", "year": "2024" }, "geometry": { "type": "Polygon", "coordinates": [ [ [ 849319.014366838848218, 2232579.718387121334672 ], [ 849299.817168068373576, 2233866.28571122372523 ], [ 848023.832715565920807, 2233847.36606519902125 ], [ 848042.995966912712902, 2232560.812196335755289 ], [ 849319.014366838848218, 2232579.718387121334672 ] ] ] } },
{ "type": "Feature", "properties": { "label": 0, "month": "11", "year": "2024" }, "geometry": { "type": "Polygon", "coordinates": [ [ [ 889462.502408908098005, 2195872.983325888868421 ], [ 889442.746892828727141, 2197159.051892519462854 ], [ 888165.348870694520883, 2197139.553131413180381 ], [ 888185.072046905406751, 2195853.499628205783665 ], [ 889462.502408908098005, 2195872.983325888868421 ] ] ] } },
{ "type": "Feature", "properties": { "label": 0, "month": "11", "year": "2024" }, "geometry": { "type": "Polygon", "coordinates": [ [ [ 436212.935844689840451, 2448397.482399748638272 ], [ 436205.207371645432431, 2449688.927019693888724 ], [ 434937.506148251879495, 2449680.880374420434237 ], [ 434945.191167092008982, 2448389.433365807402879 ], [ 436212.935844689840451, 2448397.482399748638272 ] ] ] } },
{ "type": "Feature", "properties": { "label": 0, "month": "11", "year": "2024" }, "geometry": { "type": "Polygon", "coordinates": [ [ [ 793504.051329477922991, 2300003.529246672522277 ], [ 793485.630150631302968, 2301291.420575664844364 ], [ 792212.064824885455891, 2301273.307097739074379 ], [ 792230.449062665342353, 2299985.426989896222949 ], [ 793504.051329477922991, 2300003.529246672522277 ] ] ] } },
{ "type": "Feature", "properties": { "label": 0, "month": "11", "year": "2024" }, "geometry": { "type": "Polygon", "coordinates": [ [ [ 863500.088759428355843, 2136358.508616553619504 ], [ 863481.737700650002807, 2137642.878760310821235 ], [ 862203.225876890821382, 2137624.684957679826766 ], [ 862221.5472845826298, 2136340.328943375032395 ], [ 863500.088759428355843, 2136358.508616553619504 ] ] ] } },
{ "type": "Feature", "properties": { "label": 0, "month": "11", "year": "2024" }, "geometry": { "type": "Polygon", "coordinates": [ [ [ 605391.314799288054928, 2394332.583963656798005 ], [ 605377.979585431981832, 2395622.289759203791618 ], [ 604108.439547746675089, 2395609.026620107702911 ], [ 604121.733687832253054, 2394319.324809007812291 ], [ 605391.314799288054928, 2394332.583963656798005 ] ] ] } },
{ "type": "Feature", "properties": { "label": 0, "month": "11", "year": "2024" }, "geometry": { "type": "Polygon", "coordinates": [ [ [ 802624.188590762205422, 2285965.948955281637609 ], [ 802605.655141575378366, 2287253.520775831304491 ], [ 801331.605727098649368, 2287235.288164804689586 ], [ 801350.102863613516092, 2285947.727931946050376 ], [ 802624.188590762205422, 2285965.948955281637609 ] ] ] } },
{ "type": "Feature", "properties": { "label": 0, "month": "11", "year": "2024" }, "geometry": { "type": "Polygon", "coordinates": [ [ [ 805116.536933593568392, 2289865.388391283806413 ], [ 805097.890600915299729, 2291153.091725000180304 ], [ 803823.926889380323701, 2291134.754710945300758 ], [ 803842.536729349754751, 2289847.063056111801416 ], [ 805116.536933593568392, 2289865.388391283806413 ] ] ] } },
{ "type": "Feature", "properties": { "label": 0, "month": "11", "year": "2024" }, "geometry": { "type": "Polygon", "coordinates": [ [ [ 862216.276039969874546, 2223764.573683659546077 ], [ 862196.850433166022412, 2225051.046343947760761 ], [ 860920.489569245371968, 2225031.897292989771813 ], [ 860939.881611715303734, 2223745.43859929824248 ], [ 862216.276039969874546, 2223764.573683659546077 ] ] ] } },
{ "type": "Feature", "properties": { "label": 0, "month": "11", "year": "2024" }, "geometry": { "type": "Polygon", "coordinates": [ [ [ 862294.676220572087914, 2131203.193337977398187 ], [ 862276.417486679973081, 2132487.434087585657835 ], [ 860997.801795290317386, 2132469.32561118202284 ], [ 861016.031108644558117, 2131185.098950267303735 ], [ 862294.676220572087914, 2131203.193337977398187 ] ] ] } },
{ "type": "Feature", "properties": { "label": 0, "month": "11", "year": "2024" }, "geometry": { "type": "Polygon", "coordinates": [ [ [ 873728.944826953811571, 2136504.98827345483005 ], [ 873710.356482968782075, 2137789.473252099938691 ], [ 872431.727681010845117, 2137771.047412656713277 ], [ 872450.286356876953505, 2136486.576963318046182 ], [ 873728.944826953811571, 2136504.98827345483005 ] ] ] } },
{ "type": "Feature", "properties": { "label": 0, "month": "11", "year": "2024" }, "geometry": { "type": "Polygon", "coordinates": [ [ [ 609226.98361644463148, 2391793.280783848371357 ], [ 609213.534110171720386, 2393082.915854760911316 ], [ 607943.900927455048077, 2393069.545353185385466 ], [ 607957.309473646339029, 2391779.914412776939571 ], [ 609226.98361644463148, 2391793.280783848371357 ] ] ] } },
{ "type": "Feature", "properties": { "label": 0, "month": "11", "year": "2024" }, "geometry": { "type": "Polygon", "coordinates": [ [ [ 913100.226413305848837, 2155082.207329322583973 ], [ 913080.465588026097976, 2156367.576895418111235 ], [ 911801.773991223424673, 2156348.025664814282209 ], [ 911821.504277948988602, 2155062.672142731025815 ], [ 913100.226413305848837, 2155082.207329322583973 ] ] ] } },
{ "type": "Feature", "properties": { "label": 0, "month": "11", "year": "2024" }, "geometry": { "type": "Polygon", "coordinates": [ [ [ 868595.929903194541112, 2137715.943960394710302 ], [ 868577.444259529002011, 2139000.400071346201003 ], [ 867298.904084287700243, 2138982.07594137173146 ], [ 867317.360011222306639, 2137697.634157439228147 ], [ 868595.929903194541112, 2137715.943960394710302 ] ] ] } },
{ "type": "Feature", "properties": { "label": 0, "month": "11", "year": "2024" }, "geometry": { "type": "Polygon", "coordinates": [ [ [ 790920.15074253664352, 2302543.134449685458094 ], [ 790901.777861098526046, 2303831.076839068438858 ], [ 789628.309197906637564, 2303813.011514234822243 ], [ 789646.645025493577123, 2302525.080243961885571 ], [ 790920.15074253664352, 2302543.134449685458094 ] ] ] } },
{ "type": "Feature", "properties": { "label": 0, "month": "11", "year": "2024" }, "geometry": { "type": "Polygon", "coordinates": [ [ [ 835286.778024547966197, 2142385.883399666752666 ], [ 835269.006416314281523, 2143670.099856257904321 ], [ 833990.947811698773876, 2143652.478298531379551 ], [ 834008.68952915398404, 2142368.27486191270873 ], [ 835286.778024547966197, 2142385.883399666752666 ] ] ] } },
{ "type": "Feature", "properties": { "label": 0, "month": "11", "year": "2024" }, "geometry": { "type": "Polygon", "coordinates": [ [ [ 833990.947811698773876, 2143652.478298531379551 ], [ 833973.191668056882918, 2144936.711036331951618 ], [ 832695.176228064112365, 2144919.10570616228506 ], [ 832712.902425847016275, 2143634.88593630772084 ], [ 833990.947811698773876, 2143652.478298531379551 ] ] ] } },
{ "type": "Feature", "properties": { "label": 0, "month": "11", "year": "2024" }, "geometry": { "type": "Polygon", "coordinates": [ [ [ 620970.665499340044335, 2362264.088383870664984 ], [ 620956.962388647720218, 2363552.826955990865827 ], [ 619686.365817130776122, 2363539.215589527972043 ], [ 619700.029314881656319, 2362250.481605402659625 ], [ 620970.665499340044335, 2362264.088383870664984 ] ] ] } },
{ "type": "Feature", "properties": { "label": 0, "month": "11", "year": "2024" }, "geometry": { "type": "Polygon", "coordinates": [ [ [ 610604.422228368115611, 2381491.056223060470074 ], [ 610590.967998587526381, 2382780.36613393900916 ], [ 609321.004995266208425, 2382766.990642085671425 ], [ 609334.418738062144257, 2381477.684917994309217 ], [ 610604.422228368115611, 2381491.056223060470074 ] ] ] } },
{ "type": "Feature", "properties": { "label": 0, "month": "11", "year": "2024" }, "geometry": { "type": "Polygon", "coordinates": [ [ [ 889303.980988303315826, 2206162.419923177920282 ], [ 889284.089073500828817, 2207448.742930788546801 ], [ 888006.951850641286001, 2207429.123755463864654 ], [ 888026.81096316431649, 2206142.815790539141744 ], [ 889303.980988303315826, 2206162.419923177920282 ] ] ] } },
{ "type": "Feature", "properties": { "label": 0, "month": "11", "year": "2024" }, "geometry": { "type": "Polygon", "coordinates": [ [ [ 627323.911867199465632, 2362332.681918350514024 ], [ 627310.010665515903383, 2363621.44415387371555 ], [ 626039.392115563037805, 2363607.645993296988308 ], [ 626053.253695530234836, 2362318.88858691835776 ], [ 627323.911867199465632, 2362332.681918350514024 ] ] ] } },
{ "type": "Feature", "properties": { "label": 0, "month": "11", "year": "2024" }, "geometry": { "type": "Polygon", "coordinates": [ [ [ 614441.593316373764537, 2378952.875305915717036 ], [ 614428.027032105950639, 2380242.11636556731537 ], [ 613157.971387348021381, 2380228.635338155552745 ], [ 613171.497298013302498, 2378939.398611675016582 ], [ 614441.593316373764537, 2378952.875305915717036 ] ] ] } },
{ "type": "Feature", "properties": { "label": 0, "month": "11", "year": "2024" }, "geometry": { "type": "Polygon", "coordinates": [ [ [ 800002.106461016694084, 2291079.952626307494938 ], [ 799983.592899027862586, 2292367.645732129458338 ], [ 798709.712693687528372, 2292349.436534340493381 ], [ 798728.189713443513028, 2291061.754909477196634 ], [ 800002.106461016694084, 2291079.952626307494938 ] ] ] } },
{ "type": "Feature", "properties": { "label": 0, "month": "11", "year": "2024" }, "geometry": { "type": "Polygon", "coordinates": [ [ [ 882720.249765236629173, 2218928.649851919151843 ], [ 882700.354012385476381, 2220215.221645314712077 ], [ 881423.6241988344118, 2220195.613307288847864 ], [ 881443.486582046141848, 2218909.056282664649189 ], [ 882720.249765236629173, 2218928.649851919151843 ] ] ] } },
{ "type": "Feature", "properties": { "label": 0, "month": "11", "year": "2024" }, "geometry": { "type": "Polygon", "coordinates": [ [ [ 441386.926479970454238, 2431645.428860967978835 ], [ 441378.979361910372972, 2432936.293421167414635 ], [ 440110.730590083985589, 2432928.056452434509993 ], [ 440118.635028576187324, 2431637.189691504929215 ], [ 441386.926479970454238, 2431645.428860967978835 ] ] ] } },
{ "type": "Feature", "properties": { "label": 0, "month": "11", "year": "2024" }, "geometry": { "type": "Polygon", "coordinates": [ [ [ 594185.049768099677749, 2372296.52093757269904 ], [ 594172.148062065127306, 2373585.495206783991307 ], [ 592901.948460638639517, 2373572.639359868131578 ], [ 592914.810116337845102, 2372283.668658737558872 ], [ 594185.049768099677749, 2372296.52093757269904 ] ] ] } },
{ "type": "Feature", "properties": { "label": 0, "month": "11", "year": "2024" }, "geometry": { "type": "Polygon", "coordinates": [ [ [ 902674.950544994673692, 2167780.527804838493466 ], [ 902655.258472753921524, 2169066.070016782730818 ], [ 901377.005025006830692, 2169046.600700975395739 ], [ 901396.666002291720361, 2167761.07410738337785 ], [ 902674.950544994673692, 2167780.527804838493466 ] ] ] } },
{ "type": "Feature", "properties": { "label": 0, "month": "11", "year": "2024" }, "geometry": { "type": "Polygon", "coordinates": [ [ [ 605404.645721917506307, 2393042.919685648754239 ], [ 605391.314799288054928, 2394332.583963656798005 ], [ 604121.733687832253054, 2394319.324809007812291 ], [ 604135.023596120532602, 2393029.664516452234238 ], [ 605404.645721917506307, 2393042.919685648754239 ] ] ] } },
{ "type": "Feature", "properties": { "label": 0, "month": "11", "year": "2024" }, "geometry": { "type": "Polygon", "coordinates": [ [ [ 903575.495325565570965, 2192230.845795373898 ], [ 903555.436932171229273, 2193516.988984748721123 ], [ 902277.769258537329733, 2193497.192203112877905 ], [ 902297.795459712855518, 2192211.064631977118552 ], [ 903575.495325565570965, 2192230.845795373898 ] ] ] } },
{ "type": "Feature", "properties": { "label": 0, "month": "11", "year": "2024" }, "geometry": { "type": "Polygon", "coordinates": [ [ [ 613225.554446108522825, 2373782.858649278059602 ], [ 613212.04713353223633, 2375071.932723678182811 ], [ 611941.83431726123672, 2375058.5068144868128 ], [ 611955.301494931685738, 2373769.437029345426708 ], [ 613225.554446108522825, 2373782.858649278059602 ] ] ] } },
{ "type": "Feature", "properties": { "label": 0, "month": "11", "year": "2024" }, "geometry": { "type": "Polygon", "coordinates": [ [ [ 858513.202353862463497, 2127296.572335527744144 ], [ 858495.07834552670829, 2128580.685108747798949 ], [ 857216.417448942898773, 2128562.70482557779178 ], [ 857234.512214215705171, 2127278.60599788883701 ], [ 858513.202353862463497, 2127296.572335527744144 ] ] ] } },
{ "type": "Feature", "properties": { "label": 0, "month": "11", "year": "2024" }, "geometry": { "type": "Polygon", "coordinates": [ [ [ 843033.970975237083621, 2226053.510210896842182 ], [ 843015.018574740272015, 2227339.844606071710587 ], [ 841738.932978198165074, 2227321.154485793784261 ], [ 841757.851732568000443, 2226034.833310840651393 ], [ 843033.970975237083621, 2226053.510210896842182 ] ] ] } },
{ "type": "Feature", "properties": { "label": 0, "month": "11", "year": "2024" }, "geometry": { "type": "Polygon", "coordinates": [ [ [ 751221.675580723211169, 2318741.790812816936523 ], [ 751204.307551486883312, 2320029.895441758446395 ], [ 749931.648831089842133, 2320012.798375951591879 ], [ 749948.979111161781475, 2318724.703328439034522 ], [ 751221.675580723211169, 2318741.790812816936523 ] ] ] } },
{ "type": "Feature", "properties": { "label": 0, "month": "11", "year": "2024" }, "geometry": { "type": "Polygon", "coordinates": [ [ [ 785789.733107288833708, 2305046.962309039197862 ], [ 785771.483307823073119, 2306334.934230109211057 ], [ 784498.133495508693159, 2306316.98821394238621 ], [ 784516.346132742823102, 2305029.027212420012802 ], [ 785789.733107288833708, 2305046.962309039197862 ] ] ] } },
{ "type": "Feature", "properties": { "label": 0, "month": "11", "year": "2024" }, "geometry": { "type": "Polygon", "coordinates": [ [ [ 442647.225092248932924, 2432944.570205109193921 ], [ 442639.238668629084714, 2434235.476150453556329 ], [ 441371.03567880828632, 2434227.201519323978573 ], [ 441378.979361910372972, 2432936.293421167414635 ], [ 442647.225092248932924, 2432944.570205109193921 ] ] ] } },
{ "type": "Feature", "properties": { "label": 0, "month": "11", "year": "2024" }, "geometry": { "type": "Polygon", "coordinates": [ [ [ 796069.772120682988316, 2298751.961925545707345 ], [ 796051.290076134377159, 2300039.839216681197286 ], [ 794777.664983294554986, 2300021.666654825676233 ], [ 794796.110140905715525, 2298733.800684747286141 ], [ 796069.772120682988316, 2298751.961925545707345 ] ] ] } },
{ "type": "Feature", "properties": { "label": 0, "month": "11", "year": "2024" }, "geometry": { "type": "Polygon", "coordinates": [ [ [ 803823.926889380323701, 2291134.754710945300758 ], [ 803805.303687185863964, 2292422.482553144916892 ], [ 802531.388343721162528, 2292404.168739190325141 ], [ 802549.974996926030144, 2291116.452524705789983 ], [ 803823.926889380323701, 2291134.754710945300758 ] ] ] } },
{ "type": "Feature", "properties": { "label": 0, "month": "11", "year": "2024" }, "geometry": { "type": "Polygon", "coordinates": [ [ [ 866093.988290451932698, 2133826.244330871850252 ], [ 866075.609606906538829, 2135110.585149 ], [ 864797.009600731311366, 2135092.361811845097691 ], [ 864815.358743208809756, 2133808.035227774176747 ], [ 866093.988290451932698, 2133826.244330871850252 ] ] ] } },
{ "type": "Feature", "properties": { "label": 0, "month": "11", "year": "2024" }, "geometry": { "type": "Polygon", "coordinates": [ [ [ 841663.108393391477875, 2232466.770906242541969 ], [ 841644.114845040254295, 2233753.258239562157542 ], [ 840368.211783130886033, 2233734.534738574177027 ], [ 840387.171397681580856, 2232448.060564249288291 ], [ 841663.108393391477875, 2232466.770906242541969 ] ] ] } },
{ "type": "Feature", "properties": { "label": 0, "month": "11", "year": "2024" }, "geometry": { "type": "Polygon", "coordinates": [ [ [ 788373.150534946238622, 2302507.061280353926122 ], [ 788354.85175897704903, 2303794.981480332091451 ], [ 787081.405492310994305, 2303776.986735057085752 ], [ 787099.667218890739605, 2302489.0775565369986 ], [ 788373.150534946238622, 2302507.061280353926122 ] ] ] } },
{ "type": "Feature", "properties": { "label": 0, "month": "11", "year": "2024" }, "geometry": { "type": "Polygon", "coordinates": [ [ [ 903515.267135827802122, 2196089.369601327460259 ], [ 903495.155727707664482, 2197375.607146286405623 ], [ 902217.584977289661765, 2197355.763525913003832 ], [ 902237.664019896881655, 2196069.541591196786612 ], [ 903515.267135827802122, 2196089.369601327460259 ] ] ] } },
{ "type": "Feature", "properties": { "label": 0, "month": "11", "year": "2024" }, "geometry": { "type": "Polygon", "coordinates": [ [ [ 840368.211783130886033, 2233734.534738574177027 ], [ 840349.237261607311666, 2235021.042325838468969 ], [ 839073.381571269128472, 2235002.338400066364557 ], [ 839092.322103231679648, 2233715.843920070677996 ], [ 840368.211783130886033, 2233734.534738574177027 ] ] ] } },
{ "type": "Feature", "properties": { "label": 0, "month": "11", "year": "2024" }, "geometry": { "type": "Polygon", "coordinates": [ [ [ 792230.449062665342353, 2299985.426989896222949 ], [ 792212.064824885455891, 2301273.307097739074379 ], [ 790938.510831885272637, 2301255.228817719966173 ], [ 790956.858130837092176, 2299967.359882180113345 ], [ 792230.449062665342353, 2299985.426989896222949 ] ] ] } },
{ "type": "Feature", "properties": { "label": 0, "month": "11", "year": "2024" }, "geometry": { "type": "Polygon", "coordinates": [ [ [ 877471.459192100679502, 2142983.330245384946465 ], [ 877452.700011485954747, 2144268.004357687663287 ], [ 876174.17570507817436, 2144249.418106401339173 ], [ 876192.904925165115856, 2142964.75866141077131 ], [ 877471.459192100679502, 2142983.330245384946465 ] ] ] } },
{ "type": "Feature", "properties": { "label": 0, "month": "11", "year": "2024" }, "geometry": { "type": "Polygon", "coordinates": [ [ [ 606660.899543180945329, 2394345.881608814001083 ], [ 606647.523253840859979, 2395635.591436818242073 ], [ 605377.979585431981832, 2395622.289759203791618 ], [ 605391.314799288054928, 2394332.583963656798005 ], [ 606660.899543180945329, 2394345.881608814001083 ] ] ] } },
{ "type": "Feature", "properties": { "label": 0, "month": "11", "year": "2024" }, "geometry": { "type": "Polygon", "coordinates": [ [ [ 433692.737767878687009, 2445798.65867485338822 ], [ 433685.088564116798807, 2447090.019574752543122 ], [ 432417.293820790364407, 2447082.048822293523699 ], [ 432424.899692535516806, 2445790.685437982901931 ], [ 433692.737767878687009, 2445798.65867485338822 ] ] ] } },
{ "type": "Feature", "properties": { "label": 0, "month": "11", "year": "2024" }, "geometry": { "type": "Polygon", "coordinates": [ [ [ 890501.364836553111672, 2211327.600787923205644 ], [ 890481.371626895619556, 2212614.067515918053687 ], [ 889204.350779902422801, 2212594.35626178374514 ], [ 889224.310953428968787, 2211307.90461563738063 ], [ 890501.364836553111672, 2211327.600787923205644 ] ] ] } },
{ "type": "Feature", "properties": { "label": 0, "month": "11", "year": "2024" }, "geometry": { "type": "Polygon", "coordinates": [ [ [ 604214.674165543285199, 2385292.571124035865068 ], [ 604201.409652749774978, 2386581.983627547509968 ], [ 602931.586937357438728, 2386568.786601334344596 ], [ 602944.810793779906817, 2385279.378041203599423 ], [ 604214.674165543285199, 2385292.571124035865068 ] ] ] } },
{ "type": "Feature", "properties": { "label": 0, "month": "11", "year": "2024" }, "geometry": { "type": "Polygon", "coordinates": [ [ [ 864815.358743208809756, 2133808.035227774176747 ], [ 864797.009600731311366, 2135092.361811845097691 ], [ 863518.424089543987066, 2135074.167373683769256 ], [ 863536.743693068623543, 2133789.854973678477108 ], [ 864815.358743208809756, 2133808.035227774176747 ] ] ] } },
{ "type": "Feature", "properties": { "label": 0, "month": "11", "year": "2024" }, "geometry": { "type": "Polygon", "coordinates": [ [ [ 901099.912129888078198, 2187047.179428554140031 ], [ 901079.988307007588446, 2188333.16642635455355 ], [ 899802.224121575709432, 2188313.494161291979253 ], [ 899822.115987783763558, 2187027.522692793980241 ], [ 901099.912129888078198, 2187047.179428554140031 ] ] ] } },
{ "type": "Feature", "properties": { "label": 0, "month": "11", "year": "2024" }, "geometry": { "type": "Polygon", "coordinates": [ [ [ 903913.787146776448935, 2170371.157758831046522 ], [ 903894.028733827406541, 2171656.776254340540618 ], [ 902615.821636906359345, 2171637.24534222856164 ], [ 902635.548837562324479, 2170351.642509751021862 ], [ 903913.787146776448935, 2170371.157758831046522 ] ] ] } },
{ "type": "Feature", "properties": { "label": 0, "month": "11", "year": "2024" }, "geometry": { "type": "Polygon", "coordinates": [ [ [ 786971.570100071141496, 2311505.217267074156553 ], [ 786953.22001373663079, 2312793.385502895340323 ], [ 785680.04584019666072, 2312775.349295671097934 ], [ 785698.35846859391313, 2311487.192017421126366 ], [ 786971.570100071141496, 2311505.217267074156553 ] ] ] } },
{ "type": "Feature", "properties": { "label": 0, "month": "11", "year": "2024" }, "geometry": { "type": "Polygon", "coordinates": [ [ [ 893155.556919323513284, 2204935.086017962079495 ], [ 893135.583815677557141, 2206221.422447495162487 ], [ 891858.367362067103386, 2206201.723249160684645 ], [ 891878.30771426379215, 2204915.402013852726668 ], [ 893155.556919323513284, 2204935.086017962079495 ] ] ] } },
{ "type": "Feature", "properties": { "label": 0, "month": "11", "year": "2024" }, "geometry": { "type": "Polygon", "coordinates": [ [ [ 899562.157124526798725, 2203747.599533469881862 ], [ 899542.037747169844806, 2205033.9807473057881 ], [ 898264.710099563235417, 2205014.138498567976058 ], [ 898284.796771567314863, 2203727.77272990019992 ], [ 899562.157124526798725, 2203747.599533469881862 ] ] ] } },
{ "type": "Feature", "properties": { "label": 0, "month": "11", "year": "2024" }, "geometry": { "type": "Polygon", "coordinates": [ [ [ 628622.4401612005895, 2359769.09806996723637 ], [ 628608.510056204628199, 2361057.785383417271078 ], [ 627337.807767873862758, 2361043.959614869672805 ], [ 627351.698367553995922, 2359755.277181078214198 ], [ 628622.4401612005895, 2359769.09806996723637 ] ] ] } },
{ "type": "Feature", "properties": { "label": 0, "month": "11", "year": "2024" }, "geometry": { "type": "Polygon", "coordinates": [ [ [ 784516.346132742823102, 2305029.027212420012802 ], [ 784498.133495508693159, 2306316.98821394238621 ], [ 783224.794695034157485, 2306299.077577113173902 ], [ 783242.970172256464139, 2305011.127446328755468 ], [ 784516.346132742823102, 2305029.027212420012802 ] ] ] } },
{ "type": "Feature", "properties": { "label": 0, "month": "11", "year": "2024" }, "geometry": { "type": "Polygon", "coordinates": [ [ [ 845586.250013445969671, 2226090.961186122149229 ], [ 845567.230313929961994, 2227377.322169976774603 ], [ 844291.117669206461869, 2227358.567166682332754 ], [ 844310.103718083817512, 2226072.219501865562052 ], [ 845586.250013445969671, 2226090.961186122149229 ] ] ] } },
{ "type": "Feature", "properties": { "label": 0, "month": "11", "year": "2024" }, "geometry": { "type": "Polygon", "coordinates": [ [ [ 443875.355200073157903, 2439407.842666775919497 ], [ 443867.34264206525404, 2440698.965156815946102 ], [ 442599.35724977630889, 2440690.661184842698276 ], [ 442607.326766742102336, 2439399.536590564064682 ], [ 443875.355200073157903, 2439407.842666775919497 ] ] ] } },
{ "type": "Feature", "properties": { "label": 0, "month": "11", "year": "2024" }, "geometry": { "type": "Polygon", "coordinates": [ [ [ 889383.378087437711656, 2201017.447419889271259 ], [ 889363.55439172196202, 2202303.642734785564244 ], [ 888086.286306763300672, 2202284.083745803218335 ], [ 888106.077431505545974, 2200997.903483985923231 ], [ 889383.378087437711656, 2201017.447419889271259 ] ] ] } },
{ "type": "Feature", "properties": { "label": 0, "month": "11", "year": "2024" }, "geometry": { "type": "Polygon", "coordinates": [ [ [ 802605.655141575378366, 2287253.520775831304491 ], [ 802587.108394065871835, 2288541.128603777382523 ], [ 801313.095350755844265, 2288522.884407282806933 ], [ 801331.605727098649368, 2287235.288164804689586 ], [ 802605.655141575378366, 2287253.520775831304491 ] ] ] } },
{ "type": "Feature", "properties": { "label": 0, "month": "11", "year": "2024" }, "geometry": { "type": "Polygon", "coordinates": [ [ [ 445216.027800008887425, 2427798.070837259758264 ], [ 445207.942882413626648, 2429088.798849024344236 ], [ 443939.575211719609797, 2429080.436259028501809 ], [ 443947.617625810671598, 2427789.706189250107855 ], [ 445216.027800008887425, 2427798.070837259758264 ] ] ] } },
{ "type": "Feature", "properties": { "label": 0, "month": "11", "year": "2024" }, "geometry": { "type": "Polygon", "coordinates": [ [ [ 611901.405241840984672, 2378925.959841008298099 ], [ 611887.91970304492861, 2380215.192282432690263 ], [ 610617.871927661704831, 2380201.787196757737547 ], [ 610631.317096312413923, 2378912.558992298319936 ], [ 611901.405241840984672, 2378925.959841008298099 ] ] ] } },
{ "type": "Feature", "properties": { "label": 0, "month": "11", "year": "2024" }, "geometry": { "type": "Polygon", "coordinates": [ [ [ 836475.726864806842059, 2148824.962268062867224 ], [ 836457.852642977959476, 2150109.338861071970314 ], [ 835179.931088716490194, 2150091.622789100278169 ], [ 835197.775131850503385, 2148807.259255044162273 ], [ 836475.726864806842059, 2148824.962268062867224 ] ] ] } },
{ "type": "Feature", "properties": { "label": 0, "month": "11", "year": "2024" }, "geometry": { "type": "Polygon", "coordinates": [ [ [ 747369.094490198185667, 2321266.825521341525018 ], [ 747351.818066495237872, 2322554.976980998180807 ], [ 746079.263609370449558, 2322537.968608216848224 ], [ 746096.502172767068259, 2321249.826580215711147 ], [ 747369.094490198185667, 2321266.825521341525018 ] ] ] } },
{ "type": "Feature", "properties": { "label": 0, "month": "11", "year": "2024" }, "geometry": { "type": "Polygon", "coordinates": [ [ [ 797250.720089650247246, 2305209.968433442525566 ], [ 797232.135729409637861, 2306498.040826810523868 ], [ 795958.68447102222126, 2306479.776292524766177 ], [ 795977.231648845365271, 2305191.715258009266108 ], [ 797250.720089650247246, 2305209.968433442525566 ] ] ] } },
{ "type": "Feature", "properties": { "label": 0, "month": "11", "year": "2024" }, "geometry": { "type": "Polygon", "coordinates": [ [ [ 854500.402630477678031, 2227509.515789192635566 ], [ 854481.131778627168387, 2228796.004478548653424 ], [ 853204.956541155581363, 2228777.008646886795759 ], [ 853224.193668489577249, 2227490.533620084635913 ], [ 854500.402630477678031, 2227509.515789192635566 ] ] ] } },
{ "type": "Feature", "properties": { "label": 0, "month": "11", "year": "2024" }, "geometry": { "type": "Polygon", "coordinates": [ [ [ 788318.216175903333351, 2306370.932409647852182 ], [ 788299.879365460015833, 2307658.963261102326214 ], [ 787026.544598874868825, 2307640.935464364476502 ], [ 787044.84418395976536, 2306352.915627910755575 ], [ 788318.216175903333351, 2306370.932409647852182 ] ] ] } },
{ "type": "Feature", "properties": { "label": 0, "month": "11", "year": "2024" }, "geometry": { "type": "Polygon", "coordinates": [ [ [ 445095.096144323353656, 2447163.571509312838316 ], [ 445087.060181037755683, 2448454.95643528457731 ], [ 443819.337246227718424, 2448446.624696108046919 ], [ 443827.329807580448687, 2447155.237714579328895 ], [ 445095.096144323353656, 2447163.571509312838316 ] ] ] } },
{ "type": "Feature", "properties": { "label": 1, "month": "12", "year": "2024" }, "geometry": { "type": "Polygon", "coordinates": [ [ [ 818109.558045913698152, 2183263.715571379754692 ], [ 818091.734317928552628, 2184548.734102598391473 ], [ 816814.829336462425999, 2184531.097127199172974 ], [ 816832.621366685023531, 2183246.090900364331901 ], [ 818109.558045913698152, 2183263.715571379754692 ] ] ] } },
{ "type": "Feature", "properties": { "label": 1, "month": "12", "year": "2024" }, "geometry": { "type": "Polygon", "coordinates": [ [ [ 818091.734317928552628, 2184548.734102598391473 ], [ 818073.8967947633937, 2185833.783834552392364 ], [ 816797.023568563978188, 2185816.134556924458593 ], [ 816814.829336462425999, 2184531.097127199172974 ], [ 818091.734317928552628, 2184548.734102598391473 ] ] ] } },
{ "type": "Feature", "properties": { "label": 1, "month": "12", "year": "2024" }, "geometry": { "type": "Polygon", "coordinates": [ [ [ 819386.507249818183482, 2183281.370953673496842 ], [ 819368.651821964187548, 2184566.401838881894946 ], [ 818091.734317928552628, 2184548.734102598391473 ], [ 818109.558045913698152, 2183263.715571379754692 ], [ 819386.507249818183482, 2183281.370953673496842 ] ] ] } },
{ "type": "Feature", "properties": { "label": 1, "month": "12", "year": "2024" }, "geometry": { "type": "Polygon", "coordinates": [ [ [ 819368.651821964187548, 2184566.401838881894946 ], [ 819350.78254142543301, 2185851.46392267383635 ], [ 818073.8967947633937, 2185833.783834552392364 ], [ 818091.734317928552628, 2184548.734102598391473 ], [ 819368.651821964187548, 2184566.401838881894946 ] ] ] } },
{ "type": "Feature", "properties": { "label": 1, "month": "12", "year": "2024" }, "geometry": { "type": "Polygon", "coordinates": [ [ [ 820681.342252199072391, 2182014.044898200314492 ], [ 820663.469030791195109, 2183299.057049457915127 ], [ 819386.507249818183482, 2183281.370953673496842 ], [ 819404.348826743895188, 2181996.371208174619824 ], [ 820681.342252199072391, 2182014.044898200314492 ] ] ] } },
{ "type": "Feature", "properties": { "label": 1, "month": "12", "year": "2024" }, "geometry": { "type": "Polygon", "coordinates": [ [ [ 823289.092477689031512, 2178194.559154581278563 ], [ 823271.198020531563088, 2179479.503219631500542 ], [ 821994.116154565475881, 2179461.793211772106588 ], [ 822011.979135443689302, 2178176.86165822762996 ], [ 823289.092477689031512, 2178194.559154581278563 ] ] ] } },
{ "type": "Feature", "properties": { "label": 1, "month": "12", "year": "2024" }, "geometry": { "type": "Polygon", "coordinates": [ [ [ 823271.198020531563088, 2179479.503219631500542 ], [ 823253.28954530833289, 2180764.478241380769759 ], [ 821976.239213083405048, 2180746.75572418468073 ], [ 821994.116154565475881, 2179461.793211772106588 ], [ 823271.198020531563088, 2179479.503219631500542 ] ] ] } },
{ "type": "Feature", "properties": { "label": 1, "month": "12", "year": "2024" }, "geometry": { "type": "Polygon", "coordinates": [ [ [ 824619.911934032104909, 2174357.602433359716088 ], [ 824602.02821432473138, 2175642.466548606753349 ], [ 823324.839344934443943, 2175624.763659479096532 ], [ 823342.691758568864316, 2174339.912111885845661 ], [ 824619.911934032104909, 2174357.602433359716088 ] ] ] } },
{ "type": "Feature", "properties": { "label": 1, "month": "12", "year": "2024" }, "geometry": { "type": "Polygon", "coordinates": [ [ [ 824602.02821432473138, 2175642.466548606753349 ], [ 824584.130424459232017, 2176927.361442069988698 ], [ 823306.972918563755229, 2176909.645987463183701 ], [ 823324.839344934443943, 2175624.763659479096532 ], [ 824602.02821432473138, 2175642.466548606753349 ] ] ] } },
{ "type": "Feature", "properties": { "label": 1, "month": "12", "year": "2024" }, "geometry": { "type": "Polygon", "coordinates": [ [ [ 824584.130424459232017, 2176927.361442069988698 ], [ 824566.218562648631632, 2178212.287172514479607 ], [ 823289.092477689031512, 2178194.559154581278563 ], [ 823306.972918563755229, 2176909.645987463183701 ], [ 824584.130424459232017, 2176927.361442069988698 ] ] ] } },
{ "type": "Feature", "properties": { "label": 1, "month": "12", "year": "2024" }, "geometry": { "type": "Polygon", "coordinates": [ [ [ 824566.218562648631632, 2178212.287172514479607 ], [ 824548.292627101996914, 2179497.243798702955246 ], [ 823271.198020531563088, 2179479.503219631500542 ], [ 823289.092477689031512, 2178194.559154581278563 ], [ 824566.218562648631632, 2178212.287172514479607 ] ] ] } },
{ "type": "Feature", "properties": { "label": 1, "month": "12", "year": "2024" }, "geometry": { "type": "Polygon", "coordinates": [ [ [ 824548.292627101996914, 2179497.243798702955246 ], [ 824530.352616030606441, 2180782.231379427481443 ], [ 823253.28954530833289, 2180764.478241380769759 ], [ 823271.198020531563088, 2179479.503219631500542 ], [ 824548.292627101996914, 2179497.243798702955246 ] ] ] } },
{ "type": "Feature", "properties": { "label": 1, "month": "12", "year": "2024" }, "geometry": { "type": "Polygon", "coordinates": [ [ [ 826004.338499331846833, 2166666.705744106322527 ], [ 825986.508199328556657, 2167951.399052886758 ], [ 824709.119542556465603, 2167933.741475739516318 ], [ 824726.918878700817004, 2166649.060797261539847 ], [ 826004.338499331846833, 2166666.705744106322527 ] ] ] } },
{ "type": "Feature", "properties": { "label": 1, "month": "12", "year": "2024" }, "geometry": { "type": "Polygon", "coordinates": [ [ [ 825986.508199328556657, 2167951.399052886758 ], [ 825968.663782483199611, 2169236.122785677667707 ], [ 824691.306146924383938, 2169218.4525803825818 ], [ 824709.119542556465603, 2167933.741475739516318 ], [ 825986.508199328556657, 2167951.399052886758 ] ] ] } },
{ "type": "Feature", "properties": { "label": 1, "month": "12", "year": "2024" }, "geometry": { "type": "Polygon", "coordinates": [ [ [ 825968.663782483199611, 2169236.122785677667707 ], [ 825950.805247010895982, 2170520.877001086249948 ], [ 824673.47869003273081, 2170503.194169805850834 ], [ 824691.306146924383938, 2169218.4525803825818 ], [ 825968.663782483199611, 2169236.122785677667707 ] ] ] } },
{ "type": "Feature", "properties": { "label": 1, "month": "12", "year": "2024" }, "geometry": { "type": "Polygon", "coordinates": [ [ [ 825950.805247010895982, 2170520.877001086249948 ], [ 825932.93259112117812, 2171805.661757765337825 ], [ 824655.637170104193501, 2171787.966302663553506 ], [ 824673.47869003273081, 2170503.194169805850834 ], [ 825950.805247010895982, 2170520.877001086249948 ] ] ] } },
{ "type": "Feature", "properties": { "label": 1, "month": "12", "year": "2024" }, "geometry": { "type": "Polygon", "coordinates": [ [ [ 825879.229883059160784, 2175660.199862172827125 ], [ 825861.300727593479678, 2176945.107370791956782 ], [ 824584.130424459232017, 2176927.361442069988698 ], [ 824602.02821432473138, 2175642.466548606753349 ], [ 825879.229883059160784, 2175660.199862172827125 ] ] ] } },
{ "type": "Feature", "properties": { "label": 1, "month": "12", "year": "2024" }, "geometry": { "type": "Polygon", "coordinates": [ [ [ 825861.300727593479678, 2176945.107370791956782 ], [ 825843.357442740118131, 2178230.045714205130935 ], [ 824566.218562648631632, 2178212.287172514479607 ], [ 824584.130424459232017, 2176927.361442069988698 ], [ 825861.300727593479678, 2176945.107370791956782 ] ] ] } },
{ "type": "Feature", "properties": { "label": 1, "month": "12", "year": "2024" }, "geometry": { "type": "Polygon", "coordinates": [ [ [ 827281.770986419636756, 2166684.380769705865532 ], [ 827263.909720469964668, 2167969.086758515797555 ], [ 825986.508199328556657, 2167951.399052886758 ], [ 826004.338499331846833, 2166666.705744106322527 ], [ 827281.770986419636756, 2166684.380769705865532 ] ] ] } },
{ "type": "Feature", "properties": { "label": 1, "month": "12", "year": "2024" }, "geometry": { "type": "Polygon", "coordinates": [ [ [ 827228.144664168125018, 2170538.590060259681195 ], [ 827210.24087021977175, 2171823.387490457855165 ], [ 825932.93259112117812, 2171805.661757765337825 ], [ 825950.805247010895982, 2170520.877001086249948 ], [ 827228.144664168125018, 2170538.590060259681195 ] ] ] } },
{ "type": "Feature", "properties": { "label": 1, "month": "12", "year": "2024" }, "geometry": { "type": "Polygon", "coordinates": [ [ [ 828612.80772309191525, 2162848.111652663443238 ], [ 828594.958172950195149, 2164132.739463747944683 ], [ 827317.451002898393199, 2164115.059823200106621 ], [ 827335.269757003523409, 2162830.444748373236507 ], [ 828612.80772309191525, 2162848.111652663443238 ] ] ] } },
{ "type": "Feature", "properties": { "label": 1, "month": "12", "year": "2024" }, "geometry": { "type": "Polygon", "coordinates": [ [ [ 830332.730502508580685, 2130759.45127602154389 ], [ 830315.206658401759341, 2132043.354800269473344 ], [ 829036.933726168703288, 2132025.965472764335573 ], [ 829054.428201392525807, 2130742.074788172729313 ], [ 830332.730502508580685, 2130759.45127602154389 ] ] ] } },
{ "type": "Feature", "properties": { "label": 1, "month": "12", "year": "2024" }, "geometry": { "type": "Polygon", "coordinates": [ [ [ 830315.206658401759341, 2132043.354800269473344 ], [ 830297.668575403280556, 2133327.287108975928277 ], [ 829019.425069082062691, 2133309.884943943470716 ], [ 829036.933726168703288, 2132025.965472764335573 ], [ 830315.206658401759341, 2132043.354800269473344 ] ] ] } },
{ "type": "Feature", "properties": { "label": 1, "month": "12", "year": "2024" }, "geometry": { "type": "Polygon", "coordinates": [ [ [ 829943.91402888786979, 2159012.067564874421805 ], [ 829926.076520179631189, 2160296.617787837982178 ], [ 828648.464152130763978, 2160278.946528141852468 ], [ 828666.271034618839622, 2158994.40909769339487 ], [ 829943.91402888786979, 2159012.067564874421805 ] ] ] } },
{ "type": "Feature", "properties": { "label": 1, "month": "12", "year": "2024" }, "geometry": { "type": "Polygon", "coordinates": [ [ [ 829926.076520179631189, 2160296.617787837982178 ], [ 829908.2247334276326, 2161581.198077008593827 ], [ 828630.643048885744065, 2161563.514026960823685 ], [ 828648.464152130763978, 2160278.946528141852468 ], [ 829926.076520179631189, 2160296.617787837982178 ] ] ] } },
{ "type": "Feature", "properties": { "label": 1, "month": "12", "year": "2024" }, "geometry": { "type": "Polygon", "coordinates": [ [ [ 829890.358666824875399, 2162865.808490879833698 ], [ 829872.478318559005857, 2164150.449087973684072 ], [ 828594.958172950195149, 2164132.739463747944683 ], [ 828612.80772309191525, 2162848.111652663443238 ], [ 829890.358666824875399, 2162865.808490879833698 ] ] ] } },
{ "type": "Feature", "properties": { "label": 1, "month": "12", "year": "2024" }, "geometry": { "type": "Polygon", "coordinates": [ [ [ 831663.619772462174296, 2126925.279326250310987 ], [ 831646.109434608835727, 2128209.109741151332855 ], [ 830367.735481071518734, 2128191.730348829645663 ], [ 830385.216619022889063, 2126907.912829876411706 ], [ 831663.619772462174296, 2126925.279326250310987 ] ] ] } },
{ "type": "Feature", "properties": { "label": 1, "month": "12", "year": "2024" }, "geometry": { "type": "Polygon", "coordinates": [ [ [ 831611.045885254628956, 2130776.856453895103186 ], [ 831593.492670230800286, 2132060.772867721971124 ], [ 830315.206658401759341, 2132043.354800269473344 ], [ 830332.730502508580685, 2130759.45127602154389 ], [ 831611.045885254628956, 2130776.856453895103186 ] ] ] } },
{ "type": "Feature", "properties": { "label": 1, "month": "12", "year": "2024" }, "geometry": { "type": "Polygon", "coordinates": [ [ [ 831593.492670230800286, 2132060.772867721971124 ], [ 831575.925159292295575, 2133344.718063889537007 ], [ 830297.668575403280556, 2133327.287108975928277 ], [ 830315.206658401759341, 2132043.354800269473344 ], [ 831593.492670230800286, 2132060.772867721971124 ] ] ] } },
{ "type": "Feature", "properties": { "label": 1, "month": "12", "year": "2024" }, "geometry": { "type": "Polygon", "coordinates": [ [ [ 831575.925159292295575, 2133344.718063889537007 ], [ 831558.34335066867061, 2134628.69210044387728 ], [ 830280.116251766565256, 2134611.248260197229683 ], [ 830297.668575403280556, 2133327.287108975928277 ], [ 831575.925159292295575, 2133344.718063889537007 ] ] ] } },
{ "type": "Feature", "properties": { "label": 1, "month": "12", "year": "2024" }, "geometry": { "type": "Polygon", "coordinates": [ [ [ 831558.34335066867061, 2134628.69210044387728 ], [ 831540.747242592740804, 2135912.695035450626165 ], [ 830262.549685725942254, 2135895.238312010653317 ], [ 830280.116251766565256, 2134611.248260197229683 ], [ 831558.34335066867061, 2134628.69210044387728 ] ] ] } },
{ "type": "Feature", "properties": { "label": 1, "month": "12", "year": "2024" }, "geometry": { "type": "Polygon", "coordinates": [ [ [ 831540.747242592740804, 2135912.695035450626165 ], [ 831523.136833292199299, 2137196.726927009411156 ], [ 830244.968875527381897, 2137179.257322510238737 ], [ 830262.549685725942254, 2135895.238312010653317 ], [ 831540.747242592740804, 2135912.695035450626165 ] ] ] } },
{ "type": "Feature", "properties": { "label": 1, "month": "12", "year": "2024" }, "geometry": { "type": "Polygon", "coordinates": [ [ [ 831523.136833292199299, 2137196.726927009411156 ], [ 831505.512120992178097, 2138480.787833217531443 ], [ 830227.373819403583184, 2138463.305349783040583 ], [ 830244.968875527381897, 2137179.257322510238737 ], [ 831523.136833292199299, 2137196.726927009411156 ] ] ] } },
{ "type": "Feature", "properties": { "label": 1, "month": "12", "year": "2024" }, "geometry": { "type": "Polygon", "coordinates": [ [ [ 831505.512120992178097, 2138480.787833217531443 ], [ 831487.873103918507695, 2139764.877812196500599 ], [ 830209.764515595510602, 2139747.382451974786818 ], [ 830227.373819403583184, 2138463.305349783040583 ], [ 831505.512120992178097, 2138480.787833217531443 ] ] ] } },
{ "type": "Feature", "properties": { "label": 1, "month": "12", "year": "2024" }, "geometry": { "type": "Polygon", "coordinates": [ [ [ 831487.873103918507695, 2139764.877812196500599 ], [ 831470.21978028898593, 2141048.996922108810395 ], [ 830192.140962331090122, 2141031.488687238655984 ], [ 830209.764515595510602, 2139747.382451974786818 ], [ 831487.873103918507695, 2139764.877812196500599 ] ] ] } },
{ "type": "Feature", "properties": { "label": 1, "month": "12", "year": "2024" }, "geometry": { "type": "Polygon", "coordinates": [ [ [ 831470.21978028898593, 2141048.996922108810395 ], [ 831452.552148324437439, 2142333.145221111364663 ], [ 830174.503157843835652, 2142315.62411374039948 ], [ 830192.140962331090122, 2141031.488687238655984 ], [ 831470.21978028898593, 2141048.996922108810395 ] ] ] } },
{ "type": "Feature", "properties": { "label": 1, "month": "12", "year": "2024" }, "geometry": { "type": "Polygon", "coordinates": [ [ [ 831452.552148324437439, 2142333.145221111364663 ], [ 831434.870206243125722, 2143617.32276740623638 ], [ 830156.851100362371653, 2143599.788789671380073 ], [ 830174.503157843835652, 2142315.62411374039948 ], [ 831452.552148324437439, 2142333.145221111364663 ] ] ] } },
{ "type": "Feature", "properties": { "label": 1, "month": "12", "year": "2024" }, "geometry": { "type": "Polygon", "coordinates": [ [ [ 831434.870206243125722, 2143617.32276740623638 ], [ 831417.173952255863696, 2144901.529619188047945 ], [ 830139.184788110433146, 2144883.982773234136403 ], [ 830156.851100362371653, 2143599.788789671380073 ], [ 831434.870206243125722, 2143617.32276740623638 ] ] ] } },
{ "type": "Feature", "properties": { "label": 1, "month": "12", "year": "2024" }, "geometry": { "type": "Polygon", "coordinates": [ [ [ 831417.173952255863696, 2144901.529619188047945 ], [ 831399.463384573929943, 2146185.765834690537304 ], [ 830121.504219314316288, 2146168.206122672185302 ], [ 830139.184788110433146, 2144883.982773234136403 ], [ 831417.173952255863696, 2144901.529619188047945 ] ] ] } },
{ "type": "Feature", "properties": { "label": 1, "month": "12", "year": "2024" }, "geometry": { "type": "Polygon", "coordinates": [ [ [ 831381.738501411164179, 2147470.031472156289965 ], [ 831363.999300971045159, 2148754.326589861884713 ], [ 830086.100304970284924, 2148736.741152164526284 ], [ 830103.80939219542779, 2147452.45889622438699 ], [ 831381.738501411164179, 2147470.031472156289965 ] ] ] } },
{ "type": "Feature", "properties": { "label": 1, "month": "12", "year": "2024" }, "geometry": { "type": "Polygon", "coordinates": [ [ [ 831363.999300971045159, 2148754.326589861884713 ], [ 831346.245781457284465, 2150038.651246095541865 ], [ 830068.376955858082511, 2150021.052948787808418 ], [ 830086.100304970284924, 2148736.741152164526284 ], [ 831363.999300971045159, 2148754.326589861884713 ] ] ] } },
{ "type": "Feature", "properties": { "label": 1, "month": "12", "year": "2024" }, "geometry": { "type": "Polygon", "coordinates": [ [ [ 831346.245781457284465, 2150038.651246095541865 ], [ 831328.477941074525006, 2151323.005499157123268 ], [ 830050.639343070448376, 2151305.394344406668097 ], [ 830068.376955858082511, 2150021.052948787808418 ], [ 831346.245781457284465, 2150038.651246095541865 ] ] ] } },
{ "type": "Feature", "properties": { "label": 1, "month": "12", "year": "2024" }, "geometry": { "type": "Polygon", "coordinates": [ [ [ 832994.568617437616922, 2123091.315340028144419 ], [ 832977.072109924862161, 2124375.073230016976595 ], [ 831698.597583307651803, 2124357.704089508391917 ], [ 831716.065059811342508, 2123073.9591517993249 ], [ 832994.568617437616922, 2123091.315340028144419 ] ] ] } },
{ "type": "Feature", "properties": { "label": 1, "month": "12", "year": "2024" }, "geometry": { "type": "Polygon", "coordinates": [ [ [ 832977.072109924862161, 2124375.073230016976595 ], [ 832959.561260087648407, 2125658.859552346169949 ], [ 831681.115821442450397, 2125641.477461682166904 ], [ 831698.597583307651803, 2124357.704089508391917 ], [ 832977.072109924862161, 2124375.073230016976595 ] ] ] } },
{ "type": "Feature", "properties": { "label": 1, "month": "12", "year": "2024" }, "geometry": { "type": "Polygon", "coordinates": [ [ [ 832836.583577636629343, 2134646.164782620966434 ], [ 832818.957925481954589, 2135930.180650738999248 ], [ 831540.747242592740804, 2135912.695035450626165 ], [ 831558.34335066867061, 2134628.69210044387728 ], [ 832836.583577636629343, 2134646.164782620966434 ] ] ] } },
{ "type": "Feature", "properties": { "label": 1, "month": "12", "year": "2024" }, "geometry": { "type": "Polygon", "coordinates": [ [ [ 832801.317915035993792, 2137214.225473267491907 ], [ 832783.663544514449313, 2138498.299308290239424 ], [ 831505.512120992178097, 2138480.787833217531443 ], [ 831523.136833292199299, 2137196.726927009411156 ], [ 832801.317915035993792, 2137214.225473267491907 ] ] ] } },
{ "type": "Feature", "properties": { "label": 1, "month": "12", "year": "2024" }, "geometry": { "type": "Polygon", "coordinates": [ [ [ 832783.663544514449313, 2138498.299308290239424 ], [ 832765.994812126969919, 2139782.402213952504098 ], [ 831487.873103918507695, 2139764.877812196500599 ], [ 831505.512120992178097, 2138480.787833217531443 ], [ 832783.663544514449313, 2138498.299308290239424 ] ] ] } },
{ "type": "Feature", "properties": { "label": 1, "month": "12", "year": "2024" }, "geometry": { "type": "Polygon", "coordinates": [ [ [ 832765.994812126969919, 2139782.402213952504098 ], [ 832748.311716081690975, 2141066.534248398151249 ], [ 831470.21978028898593, 2141048.996922108810395 ], [ 831487.873103918507695, 2139764.877812196500599 ], [ 832765.994812126969919, 2139782.402213952504098 ] ] ] } },
{ "type": "Feature", "properties": { "label": 1, "month": "12", "year": "2024" }, "geometry": { "type": "Polygon", "coordinates": [ [ [ 832748.311716081690975, 2141066.534248398151249 ], [ 832730.614254586398602, 2142350.695469787344337 ], [ 831452.552148324437439, 2142333.145221111364663 ], [ 831470.21978028898593, 2141048.996922108810395 ], [ 832748.311716081690975, 2141066.534248398151249 ] ] ] } },
{ "type": "Feature", "properties": { "label": 1, "month": "12", "year": "2024" }, "geometry": { "type": "Polygon", "coordinates": [ [ [ 832730.614254586398602, 2142350.695469787344337 ], [ 832712.902425847016275, 2143634.88593630772084 ], [ 831434.870206243125722, 2143617.32276740623638 ], [ 831452.552148324437439, 2142333.145221111364663 ], [ 832730.614254586398602, 2142350.695469787344337 ] ] ] } },
{ "type": "Feature", "properties": { "label": 1, "month": "12", "year": "2024" }, "geometry": { "type": "Polygon", "coordinates": [ [ [ 832695.176228064112365, 2144919.10570616228506 ], [ 832677.435659438371658, 2146203.354837586171925 ], [ 831399.463384573929943, 2146185.765834690537304 ], [ 831417.173952255863696, 2144901.529619188047945 ], [ 832695.176228064112365, 2144919.10570616228506 ] ] ] } },
{ "type": "Feature", "properties": { "label": 1, "month": "12", "year": "2024" }, "geometry": { "type": "Polygon", "coordinates": [ [ [ 832659.680718168616295, 2147487.633388817775995 ], [ 832641.911402445519343, 2148771.941418126225471 ], [ 831363.999300971045159, 2148754.326589861884713 ], [ 831381.738501411164179, 2147470.031472156289965 ], [ 832659.680718168616295, 2147487.633388817775995 ] ] ] } },
{ "type": "Feature", "properties": { "label": 1, "month": "12", "year": "2024" }, "geometry": { "type": "Polygon", "coordinates": [ [ [ 832624.127710462547839, 2150056.27898379182443 ], [ 832606.32964041410014, 2151340.646144127938896 ], [ 831328.477941074525006, 2151323.005499157123268 ], [ 831346.245781457284465, 2150038.651246095541865 ], [ 832624.127710462547839, 2150056.27898379182443 ] ] ] } },
{ "type": "Feature", "properties": { "label": 1, "month": "12", "year": "2024" }, "geometry": { "type": "Polygon", "coordinates": [ [ [ 832606.32964041410014, 2151340.646144127938896 ], [ 832588.517190483165905, 2152625.042957467027009 ], [ 831310.695778021588922, 2152607.389407380484045 ], [ 831328.477941074525006, 2151323.005499157123268 ], [ 832606.32964041410014, 2151340.646144127938896 ] ] ] } },
{ "type": "Feature", "properties": { "label": 1, "month": "12", "year": "2024" }, "geometry": { "type": "Polygon", "coordinates": [ [ [ 832552.849143721628934, 2155193.925776528660208 ], [ 832534.993543253978714, 2156478.411899016238749 ], [ 831257.263334804330952, 2156460.719646636862308 ], [ 831275.088476691860706, 2155176.246422743890435 ], [ 832552.849143721628934, 2155193.925776528660208 ] ] ] } },
{ "type": "Feature", "properties": { "label": 1, "month": "12", "year": "2024" }, "geometry": { "type": "Polygon", "coordinates": [ [ [ 832534.993543253978714, 2156478.411899016238749 ], [ 832517.12355563021265, 2157762.927908010780811 ], [ 831239.423863021656871, 2157745.222759212367237 ], [ 831257.263334804330952, 2156460.719646636862308 ], [ 832534.993543253978714, 2156478.411899016238749 ] ] ] } },
{ "type": "Feature", "properties": { "label": 1, "month": "12", "year": "2024" }, "geometry": { "type": "Polygon", "coordinates": [ [ [ 834308.093264289316721, 2120541.24319735262543 ], [ 834290.596516995457932, 2121824.957402868196368 ], [ 833012.050784392049536, 2121807.585824477020651 ], [ 833029.518612544285133, 2120523.884625462349504 ], [ 834308.093264289316721, 2120541.24319735262543 ] ] ] } },
{ "type": "Feature", "properties": { "label": 1, "month": "12", "year": "2024" }, "geometry": { "type": "Polygon", "coordinates": [ [ [ 834290.596516995457932, 2121824.957402868196368 ], [ 834273.085373959271237, 2123108.699922798201442 ], [ 832994.568617437616922, 2123091.315340028144419 ], [ 833012.050784392049536, 2121807.585824477020651 ], [ 834290.596516995457932, 2121824.957402868196368 ] ] ] } },
{ "type": "Feature", "properties": { "label": 1, "month": "12", "year": "2024" }, "geometry": { "type": "Polygon", "coordinates": [ [ [ 834273.085373959271237, 2123108.699922798201442 ], [ 834255.55983341159299, 2124392.470815046690404 ], [ 832977.072109924862161, 2124375.073230016976595 ], [ 832994.568617437616922, 2123091.315340028144419 ], [ 834273.085373959271237, 2123108.699922798201442 ] ] ] } },
{ "type": "Feature", "properties": { "label": 1, "month": "12", "year": "2024" }, "geometry": { "type": "Polygon", "coordinates": [ [ [ 833884.194493589107879, 2151358.31628151005134 ], [ 833866.351754705538042, 2152642.726049771066755 ], [ 832588.517190483165905, 2152625.042957467027009 ], [ 832606.32964041410014, 2151340.646144127938896 ], [ 833884.194493589107879, 2151358.31628151005134 ] ] ] } },
{ "type": "Feature", "properties": { "label": 1, "month": "12", "year": "2024" }, "geometry": { "type": "Polygon", "coordinates": [ [ [ 833866.351754705538042, 2152642.726049771066755 ], [ 833848.494576901663095, 2153927.165527200326324 ], [ 832570.690358859486878, 2153909.469482141546905 ], [ 832588.517190483165905, 2152625.042957467027009 ], [ 833866.351754705538042, 2152642.726049771066755 ] ] ] } },
{ "type": "Feature", "properties": { "label": 1, "month": "12", "year": "2024" }, "geometry": { "type": "Polygon", "coordinates": [ [ [ 833848.494576901663095, 2153927.165527200326324 ], [ 833830.622958348831162, 2155211.634772158227861 ], [ 832552.849143721628934, 2155193.925776528660208 ], [ 832570.690358859486878, 2153909.469482141546905 ], [ 833848.494576901663095, 2153927.165527200326324 ] ] ] } },
{ "type": "Feature", "properties": { "label": 1, "month": "12", "year": "2024" }, "geometry": { "type": "Polygon", "coordinates": [ [ [ 835621.689157539396547, 2117991.260247319936752 ], [ 835604.192389101604931, 2119274.931058335117996 ], [ 834325.575617614900693, 2119257.557248383760452 ], [ 834343.043578738812357, 2117973.899498127866536 ], [ 835621.689157539396547, 2117991.260247319936752 ] ] ] } },
{ "type": "Feature", "properties": { "label": 1, "month": "12", "year": "2024" }, "geometry": { "type": "Polygon", "coordinates": [ [ [ 835604.192389101604931, 2119274.931058335117996 ], [ 835586.681171541684307, 2120558.630065926350653 ], [ 834308.093264289316721, 2120541.24319735262543 ], [ 834325.575617614900693, 2119257.557248383760452 ], [ 835604.192389101604931, 2119274.931058335117996 ] ] ] } },
{ "type": "Feature", "properties": { "label": 1, "month": "12", "year": "2024" }, "geometry": { "type": "Polygon", "coordinates": [ [ [ 835586.681171541684307, 2120558.630065926350653 ], [ 835569.155503083253279, 2121842.357327933888882 ], [ 834290.596516995457932, 2121824.957402868196368 ], [ 834308.093264289316721, 2120541.24319735262543 ], [ 835586.681171541684307, 2120558.630065926350653 ] ] ] } },
{ "type": "Feature", "properties": { "label": 1, "month": "12", "year": "2024" }, "geometry": { "type": "Polygon", "coordinates": [ [ [ 835569.155503083253279, 2121842.357327933888882 ], [ 835551.615381942247041, 2123126.112902238033712 ], [ 834273.085373959271237, 2123108.699922798201442 ], [ 834290.596516995457932, 2121824.957402868196368 ], [ 835569.155503083253279, 2121842.357327933888882 ] ] ] } },
{ "type": "Feature", "properties": { "label": 1, "month": "12", "year": "2024" }, "geometry": { "type": "Polygon", "coordinates": [ [ [ 835551.615381942247041, 2123126.112902238033712 ], [ 835534.060806334717199, 2124409.896846718620509 ], [ 834255.55983341159299, 2124392.470815046690404 ], [ 834273.085373959271237, 2123108.699922798201442 ], [ 835551.615381942247041, 2123126.112902238033712 ] ] ] } },
{ "type": "Feature", "properties": { "label": 1, "month": "12", "year": "2024" }, "geometry": { "type": "Polygon", "coordinates": [ [ [ 836900.348048459971324, 2118008.649195316713303 ], [ 836882.822470688144676, 2119292.33311708830297 ], [ 835604.192389101604931, 2119274.931058335117996 ], [ 835621.689157539396547, 2117991.260247319936752 ], [ 836900.348048459971324, 2118008.649195316713303 ] ] ] } },
{ "type": "Feature", "properties": { "label": 1, "month": "12", "year": "2024" }, "geometry": { "type": "Polygon", "coordinates": [ [ [ 836882.822470688144676, 2119292.33311708830297 ], [ 836865.282386874081567, 2120576.045233315322548 ], [ 835586.681171541684307, 2120558.630065926350653 ], [ 835604.192389101604931, 2119274.931058335117996 ], [ 836882.822470688144676, 2119292.33311708830297 ] ] ] } },
{ "type": "Feature", "properties": { "label": 1, "month": "12", "year": "2024" }, "geometry": { "type": "Polygon", "coordinates": [ [ [ 851002.12932939035818, 2115634.21075135609135 ], [ 850984.316973903449252, 2116917.986025301273912 ], [ 849705.479403641074896, 2116900.300412762910128 ], [ 849723.263041278813034, 2115616.538804280105978 ], [ 851002.12932939035818, 2115634.21075135609135 ] ] ] } },
{ "type": "Feature", "properties": { "label": 1, "month": "12", "year": "2024" }, "geometry": { "type": "Polygon", "coordinates": [ [ [ 850984.316973903449252, 2116917.986025301273912 ], [ 850966.489489913452417, 2118201.789354195818305 ], [ 849687.680694428971037, 2118184.090078393928707 ], [ 849705.479403641074896, 2116900.300412762910128 ], [ 850984.316973903449252, 2116917.986025301273912 ] ] ] } },
{ "type": "Feature", "properties": { "label": 1, "month": "12", "year": "2024" }, "geometry": { "type": "Polygon", "coordinates": [ [ [ 852281.009564925683662, 2115651.910822854377329 ], [ 852263.168489542324096, 2116935.699812323320657 ], [ 850984.316973903449252, 2116917.986025301273912 ], [ 851002.12932939035818, 2115634.21075135609135 ], [ 852281.009564925683662, 2115651.910822854377329 ] ] ] } },
{ "type": "Feature", "properties": { "label": 1, "month": "12", "year": "2024" }, "geometry": { "type": "Polygon", "coordinates": [ [ [ 852263.168489542324096, 2116935.699812323320657 ], [ 852245.312228727620095, 2118219.516854520887136 ], [ 850966.489489913452417, 2118201.789354195818305 ], [ 850984.316973903449252, 2116917.986025301273912 ], [ 852263.168489542324096, 2116935.699812323320657 ] ] ] } },
{ "type": "Feature", "properties": { "label": 1, "month": "12", "year": "2024" }, "geometry": { "type": "Polygon", "coordinates": [ [ [ 853559.903800505679101, 2115669.639020941685885 ], [ 853542.034003174165264, 2116953.441775989253074 ], [ 852263.168489542324096, 2116935.699812323320657 ], [ 852281.009564925683662, 2115651.910822854377329 ], [ 853559.903800505679101, 2115669.639020941685885 ] ] ] } },
{ "type": "Feature", "properties": { "label": 1, "month": "12", "year": "2024" }, "geometry": { "type": "Polygon", "coordinates": [ [ [ 853542.034003174165264, 2116953.441775989253074 ], [ 853524.14896348293405, 2118237.272581551223993 ], [ 852245.312228727620095, 2118219.516854520887136 ], [ 852263.168489542324096, 2116935.699812323320657 ], [ 853542.034003174165264, 2116953.441775989253074 ] ] ] } },
{ "type": "Feature", "properties": { "label": 1, "month": "12", "year": "2024" }, "geometry": { "type": "Polygon", "coordinates": [ [ [ 854820.913567428477108, 2116971.211918483953923 ], [ 854802.999746807152405, 2118255.056537457741797 ], [ 853524.14896348293405, 2118237.272581551223993 ], [ 853542.034003174165264, 2116953.441775989253074 ], [ 854820.913567428477108, 2116971.211918483953923 ] ] ] } },
{ "type": "Feature", "properties": { "label": 1, "month": "12", "year": "2024" }, "geometry": { "type": "Polygon", "coordinates": [ [ [ 854802.999746807152405, 2118255.056537457741797 ], [ 854785.070624940795824, 2119538.929262480232865 ], [ 853506.248679495649412, 2119521.131495383568108 ], [ 853524.14896348293405, 2118237.272581551223993 ], [ 854802.999746807152405, 2118255.056537457741797 ] ] ] } },
{ "type": "Feature", "properties": { "label": 1, "month": "12", "year": "2024" }, "geometry": { "type": "Polygon", "coordinates": [ [ [ 856099.807234929874539, 2116989.010241965763271 ], [ 856081.864631320117041, 2118272.868724412750453 ], [ 854802.999746807152405, 2118255.056537457741797 ], [ 854820.913567428477108, 2116971.211918483953923 ], [ 856099.807234929874539, 2116989.010241965763271 ] ] ] } },
{ "type": "Feature", "properties": { "label": 1, "month": "12", "year": "2024" }, "geometry": { "type": "Polygon", "coordinates": [ [ [ 856081.864631320117041, 2118272.868724412750453 ], [ 856063.906669516232796, 2119556.755310672335327 ], [ 854785.070624940795824, 2119538.929262480232865 ], [ 854802.999746807152405, 2118255.056537457741797 ], [ 856081.864631320117041, 2118272.868724412750453 ] ] ] } },
{ "type": "Feature", "properties": { "label": 1, "month": "12", "year": "2024" }, "geometry": { "type": "Polygon", "coordinates": [ [ [ 856063.906669516232796, 2119556.755310672335327 ], [ 856045.933347559068352, 2120840.670058529358357 ], [ 854767.126199879683554, 2120822.830151343718171 ], [ 854785.070624940795824, 2119538.929262480232865 ], [ 856063.906669516232796, 2119556.755310672335327 ] ] ] } },
{ "type": "Feature", "properties": { "label": 1, "month": "12", "year": "2024" }, "geometry": { "type": "Polygon", "coordinates": [ [ [ 857360.743669646908529, 2118290.709144597873092 ], [ 857342.756865845294669, 2119574.609642142895609 ], [ 856063.906669516232796, 2119556.755310672335327 ], [ 856081.864631320117041, 2118272.868724412750453 ], [ 857360.743669646908529, 2118290.709144597873092 ] ] ] } },
{ "type": "Feature", "properties": { "label": 1, "month": "12", "year": "2024" }, "geometry": { "type": "Polygon", "coordinates": [ [ [ 857342.756865845294669, 2119574.609642142895609 ], [ 857324.75464492617175, 2120858.538299051113427 ], [ 856045.933347559068352, 2120840.670058529358357 ], [ 856063.906669516232796, 2119556.755310672335327 ], [ 857342.756865845294669, 2119574.609642142895609 ] ] ] } },
{ "type": "Feature", "properties": { "label": 1, "month": "12", "year": "2024" }, "geometry": { "type": "Polygon", "coordinates": [ [ [ 857324.75464492617175, 2120858.538299051113427 ], [ 857306.73700491245836, 2122142.49517311854288 ], [ 856027.944663478410803, 2122124.613025809172541 ], [ 856045.933347559068352, 2120840.670058529358357 ], [ 857324.75464492617175, 2120858.538299051113427 ] ] ] } },
{ "type": "Feature", "properties": { "label": 1, "month": "12", "year": "2024" }, "geometry": { "type": "Polygon", "coordinates": [ [ [ 857306.73700491245836, 2122142.49517311854288 ], [ 857288.703943819040433, 2123426.480322184972465 ], [ 856009.94061530509498, 2123408.584270323626697 ], [ 856027.944663478410803, 2122124.613025809172541 ], [ 857306.73700491245836, 2122142.49517311854288 ] ] ] } },
{ "type": "Feature", "properties": { "label": 1, "month": "12", "year": "2024" }, "geometry": { "type": "Polygon", "coordinates": [ [ [ 857288.703943819040433, 2123426.480322184972465 ], [ 857270.65545966103673, 2124710.493804092053324 ], [ 855991.921201069024391, 2124692.583849930670112 ], [ 856009.94061530509498, 2123408.584270323626697 ], [ 857288.703943819040433, 2123426.480322184972465 ] ] ] } },
{ "type": "Feature", "properties": { "label": 1, "month": "12", "year": "2024" }, "geometry": { "type": "Polygon", "coordinates": [ [ [ 857270.65545966103673, 2124710.493804092053324 ], [ 857252.591550459386781, 2125994.535676697269082 ], [ 855973.88641879032366, 2125976.611822498496622 ], [ 855991.921201069024391, 2124692.583849930670112 ], [ 857270.65545966103673, 2124710.493804092053324 ] ] ] } },
{ "type": "Feature", "properties": { "label": 1, "month": "12", "year": "2024" }, "geometry": { "type": "Polygon", "coordinates": [ [ [ 858603.590144604910165, 2120876.434875089675188 ], [ 858585.543546584667638, 2122160.405705997254699 ], [ 857306.73700491245836, 2122142.49517311854288 ], [ 857324.75464492617175, 2120858.538299051113427 ], [ 858603.590144604910165, 2120876.434875089675188 ] ] ] } },
{ "type": "Feature", "properties": { "label": 1, "month": "12", "year": "2024" }, "geometry": { "type": "Polygon", "coordinates": [ [ [ 858585.543546584667638, 2122160.405705997254699 ], [ 858567.481470495695248, 2123444.404809644911438 ], [ 857288.703943819040433, 2123426.480322184972465 ], [ 857306.73700491245836, 2122142.49517311854288 ], [ 858585.543546584667638, 2122160.405705997254699 ] ] ] } },
{ "type": "Feature", "properties": { "label": 1, "month": "12", "year": "2024" }, "geometry": { "type": "Polygon", "coordinates": [ [ [ 858567.481470495695248, 2123444.404809644911438 ], [ 858549.403914345661178, 2124728.432243871036917 ], [ 857270.65545966103673, 2124710.493804092053324 ], [ 857288.703943819040433, 2123426.480322184972465 ], [ 858567.481470495695248, 2123444.404809644911438 ] ] ] } },
{ "type": "Feature", "properties": { "label": 1, "month": "12", "year": "2024" }, "geometry": { "type": "Polygon", "coordinates": [ [ [ 858549.403914345661178, 2124728.432243871036917 ], [ 858531.310876134666614, 2126012.488066535908729 ], [ 857252.591550459386781, 2125994.535676697269082 ], [ 857270.65545966103673, 2124710.493804092053324 ], [ 858549.403914345661178, 2124728.432243871036917 ] ] ] } },
{ "type": "Feature", "properties": { "label": 1, "month": "12", "year": "2024" }, "geometry": { "type": "Polygon", "coordinates": [ [ [ 858531.310876134666614, 2126012.488066535908729 ], [ 858513.202353862463497, 2127296.572335527744144 ], [ 857234.512214215705171, 2127278.60599788883701 ], [ 857252.591550459386781, 2125994.535676697269082 ], [ 858531.310876134666614, 2126012.488066535908729 ] ] ] } },
{ "type": "Feature", "properties": { "label": 1, "month": "12", "year": "2024" }, "geometry": { "type": "Polygon", "coordinates": [ [ [ 859828.166617735405453, 2124746.399171475786716 ], [ 859810.044448437052779, 2126030.468994229100645 ], [ 858531.310876134666614, 2126012.488066535908729 ], [ 858549.403914345661178, 2124728.432243871036917 ], [ 859828.166617735405453, 2124746.399171475786716 ] ] ] } },
{ "type": "Feature", "properties": { "label": 1, "month": "12", "year": "2024" }, "geometry": { "type": "Polygon", "coordinates": [ [ [ 859810.044448437052779, 2126030.468994229100645 ], [ 859791.906738050631247, 2127314.567261031828821 ], [ 858513.202353862463497, 2127296.572335527744144 ], [ 858531.310876134666614, 2126012.488066535908729 ], [ 859810.044448437052779, 2126030.468994229100645 ] ] ] } },
{ "type": "Feature", "properties": { "label": 1, "month": "12", "year": "2024" }, "geometry": { "type": "Polygon", "coordinates": [ [ [ 859791.906738050631247, 2127314.567261031828821 ], [ 859773.753484560642391, 2128598.694029797799885 ], [ 858495.07834552670829, 2128580.685108747798949 ], [ 858513.202353862463497, 2127296.572335527744144 ], [ 859791.906738050631247, 2127314.567261031828821 ] ] ] } },
{ "type": "Feature", "properties": { "label": 1, "month": "12", "year": "2024" }, "geometry": { "type": "Polygon", "coordinates": [ [ [ 859773.753484560642391, 2128598.694029797799885 ], [ 859755.584685952402651, 2129882.849358430597931 ], [ 858476.938849119353108, 2129864.826444120611995 ], [ 858495.07834552670829, 2128580.685108747798949 ], [ 859773.753484560642391, 2128598.694029797799885 ] ] ] } },
{ "type": "Feature", "properties": { "label": 1, "month": "12", "year": "2024" }, "geometry": { "type": "Polygon", "coordinates": [ [ [ 861106.9436224559322, 2124764.394589110277593 ], [ 861088.79231998254545, 2126048.478461973834783 ], [ 859810.044448437052779, 2126030.468994229100645 ], [ 859828.166617735405453, 2124746.399171475786716 ], [ 861106.9436224559322, 2124764.394589110277593 ] ] ] } },
{ "type": "Feature", "properties": { "label": 1, "month": "12", "year": "2024" }, "geometry": { "type": "Polygon", "coordinates": [ [ [ 861088.79231998254545, 2126048.478461973834783 ], [ 861070.625419393763877, 2127332.590776617173105 ], [ 859791.906738050631247, 2127314.567261031828821 ], [ 859810.044448437052779, 2126030.468994229100645 ], [ 861088.79231998254545, 2126048.478461973834783 ] ] ] } },
{ "type": "Feature", "properties": { "label": 1, "month": "12", "year": "2024" }, "geometry": { "type": "Polygon", "coordinates": [ [ [ 861070.625419393763877, 2127332.590776617173105 ], [ 861052.442918661981821, 2128616.731590929441154 ], [ 859773.753484560642391, 2128598.694029797799885 ], [ 859791.906738050631247, 2127314.567261031828821 ], [ 861070.625419393763877, 2127332.590776617173105 ] ] ] } },
{ "type": "Feature", "properties": { "label": 1, "month": "12", "year": "2024" }, "geometry": { "type": "Polygon", "coordinates": [ [ [ 861052.442918661981821, 2128616.731590929441154 ], [ 861034.244815756566823, 2129900.900962833780795 ], [ 859755.584685952402651, 2129882.849358430597931 ], [ 859773.753484560642391, 2128598.694029797799885 ], [ 861052.442918661981821, 2128616.731590929441154 ] ] ] } },
{ "type": "Feature", "properties": { "label": 1, "month": "12", "year": "2024" }, "geometry": { "type": "Polygon", "coordinates": [ [ [ 862367.554543389589526, 2126066.516471997834742 ], [ 862349.358450508792885, 2127350.642884493339807 ], [ 861070.625419393763877, 2127332.590776617173105 ], [ 861088.79231998254545, 2126048.478461973834783 ], [ 862367.554543389589526, 2126066.516471997834742 ] ] ] } },
{ "type": "Feature", "properties": { "label": 1, "month": "12", "year": "2024" }, "geometry": { "type": "Polygon", "coordinates": [ [ [ 862349.358450508792885, 2127350.642884493339807 ], [ 862331.146700439509004, 2128634.797794375568628 ], [ 861052.442918661981821, 2128616.731590929441154 ], [ 861070.625419393763877, 2127332.590776617173105 ], [ 862349.358450508792885, 2127350.642884493339807 ] ] ] } },
{ "type": "Feature", "properties": { "label": 1, "month": "12", "year": "2024" }, "geometry": { "type": "Polygon", "coordinates": [ [ [ 862331.146700439509004, 2128634.797794375568628 ], [ 862312.919291141675785, 2129918.981259557418525 ], [ 861034.244815756566823, 2129900.900962833780795 ], [ 861052.442918661981821, 2128616.731590929441154 ], [ 862331.146700439509004, 2128634.797794375568628 ] ] ] } },
{ "type": "Feature", "properties": { "label": 1, "month": "12", "year": "2024" }, "geometry": { "type": "Polygon", "coordinates": [ [ [ 863628.105884017655626, 2127368.723586870823056 ], [ 863609.864882516209036, 2128652.892642345279455 ], [ 862331.146700439509004, 2128634.797794375568628 ], [ 862349.358450508792885, 2127350.642884493339807 ], [ 863628.105884017655626, 2127368.723586870823056 ] ] ] } },
{ "type": "Feature", "properties": { "label": 1, "month": "12", "year": "2024" }, "geometry": { "type": "Polygon", "coordinates": [ [ [ 863609.864882516209036, 2128652.892642345279455 ], [ 863591.608164728386328, 2129937.090250817593187 ], [ 862312.919291141675785, 2129918.981259557418525 ], [ 862331.146700439509004, 2128634.797794375568628 ], [ 863609.864882516209036, 2128652.892642345279455 ] ] ] } },
{ "type": "Feature", "properties": { "label": 1, "month": "12", "year": "2024" }, "geometry": { "type": "Polygon", "coordinates": [ [ [ 864888.597517509013414, 2128671.016137070488185 ], [ 864870.311489126645029, 2129955.227938843891025 ], [ 863591.608164728386328, 2129937.090250817593187 ], [ 863609.864882516209036, 2128652.892642345279455 ], [ 864888.597517509013414, 2128671.016137070488185 ] ] ] } },
{ "type": "Feature", "properties": { "label": 1, "month": "12", "year": "2024" }, "geometry": { "type": "Polygon", "coordinates": [ [ [ 864870.311489126645029, 2129955.227938843891025 ], [ 864852.009685331373475, 2131239.468349252827466 ], [ 863573.335728595964611, 2131221.316470223944634 ], [ 863591.608164728386328, 2129937.090250817593187 ], [ 864870.311489126645029, 2129955.227938843891025 ] ] ] } },
{ "type": "Feature", "properties": { "label": 1, "month": "12", "year": "2024" }, "geometry": { "type": "Polygon", "coordinates": [ [ [ 866130.698143394780345, 2131257.64897728851065 ], [ 866112.351135252509266, 2132541.932292967569083 ], [ 864833.692104049958289, 2132523.737426241394132 ], [ 864852.009685331373475, 2131239.468349252827466 ], [ 866130.698143394780345, 2131257.64897728851065 ] ] ] } },
{ "type": "Feature", "properties": { "label": 1, "month": "12", "year": "2024" }, "geometry": { "type": "Polygon", "coordinates": [ [ [ 867409.401155404862948, 2131275.858356569893658 ], [ 867391.024718289729208, 2132560.155960947275162 ], [ 866112.351135252509266, 2132541.932292967569083 ], [ 866130.698143394780345, 2131257.64897728851065 ], [ 867409.401155404862948, 2131275.858356569893658 ] ] ] } },
{ "type": "Feature", "properties": { "label": 1, "month": "12", "year": "2024" }, "geometry": { "type": "Polygon", "coordinates": [ [ [ 867391.024718289729208, 2132560.155960947275162 ], [ 867372.632387414923869, 2133844.482285233680159 ], [ 866093.988290451932698, 2133826.244330871850252 ], [ 866112.351135252509266, 2132541.932292967569083 ], [ 867391.024718289729208, 2132560.155960947275162 ] ] ] } },
{ "type": "Feature", "properties": { "label": 1, "month": "12", "year": "2024" }, "geometry": { "type": "Polygon", "coordinates": [ [ [ 868669.712905781227164, 2132578.408432426396757 ], [ 868651.291086713084951, 2133862.749093082733452 ], [ 867372.632387414923869, 2133844.482285233680159 ], [ 867391.024718289729208, 2132560.155960947275162 ], [ 868669.712905781227164, 2132578.408432426396757 ] ] ] } },
{ "type": "Feature", "properties": { "label": 1, "month": "12", "year": "2024" }, "geometry": { "type": "Polygon", "coordinates": [ [ [ 868651.291086713084951, 2133862.749093082733452 ], [ 868632.853314669569954, 2135147.118529288098216 ], [ 867354.224160679150373, 2135128.837387392763048 ], [ 867372.632387414923869, 2133844.482285233680159 ], [ 868651.291086713084951, 2133862.749093082733452 ] ] ] } },
{ "type": "Feature", "properties": { "label": 1, "month": "12", "year": "2024" }, "geometry": { "type": "Polygon", "coordinates": [ [ [ 868632.853314669569954, 2135147.118529288098216 ], [ 868614.399587534135208, 2136431.516799049451947 ], [ 867335.800035985652357, 2136413.221325457561761 ], [ 867354.224160679150373, 2135128.837387392763048 ], [ 868632.853314669569954, 2135147.118529288098216 ] ] ] } },
{ "type": "Feature", "properties": { "label": 1, "month": "12", "year": "2024" }, "geometry": { "type": "Polygon", "coordinates": [ [ [ 868614.399587534135208, 2136431.516799049451947 ], [ 868595.929903194541112, 2137715.943960394710302 ], [ 867317.360011222306639, 2137697.634157439228147 ], [ 867335.800035985652357, 2136413.221325457561761 ], [ 868614.399587534135208, 2136431.516799049451947 ] ] ] } },
{ "type": "Feature", "properties": { "label": 1, "month": "12", "year": "2024" }, "geometry": { "type": "Polygon", "coordinates": [ [ [ 868577.444259529002011, 2139000.400071346201003 ], [ 868558.942654417594895, 2140284.885189979337156 ], [ 867280.432253069244325, 2140266.546735334675759 ], [ 867298.904084287700243, 2138982.07594137173146 ], [ 868577.444259529002011, 2139000.400071346201003 ] ] ] } },
{ "type": "Feature", "properties": { "label": 1, "month": "12", "year": "2024" }, "geometry": { "type": "Polygon", "coordinates": [ [ [ 868558.942654417594895, 2140284.885189979337156 ], [ 868540.425085732480511, 2141569.399374372791499 ], [ 867261.944515455048531, 2141551.046597396489233 ], [ 867280.432253069244325, 2140266.546735334675759 ], [ 868558.942654417594895, 2140284.885189979337156 ] ] ] } },
{ "type": "Feature", "properties": { "label": 1, "month": "12", "year": "2024" }, "geometry": { "type": "Polygon", "coordinates": [ [ [ 869929.964440966024995, 2133881.044756689574569 ], [ 869911.497121488442644, 2135165.428576925769448 ], [ 868632.853314669569954, 2135147.118529288098216 ], [ 868651.291086713084951, 2133862.749093082733452 ], [ 869929.964440966024995, 2133881.044756689574569 ] ] ] } },
{ "type": "Feature", "properties": { "label": 1, "month": "12", "year": "2024" }, "geometry": { "type": "Polygon", "coordinates": [ [ [ 869911.497121488442644, 2135165.428576925769448 ], [ 869893.013789788936265, 2136449.841228384058923 ], [ 868614.399587534135208, 2136431.516799049451947 ], [ 868632.853314669569954, 2135147.118529288098216 ], [ 869911.497121488442644, 2135165.428576925769448 ] ] ] } },
{ "type": "Feature", "properties": { "label": 1, "month": "12", "year": "2024" }, "geometry": { "type": "Polygon", "coordinates": [ [ [ 869893.013789788936265, 2136449.841228384058923 ], [ 869874.514443740714341, 2137734.282769070006907 ], [ 868595.929903194541112, 2137715.943960394710302 ], [ 868614.399587534135208, 2136431.516799049451947 ], [ 869893.013789788936265, 2136449.841228384058923 ] ] ] } },
{ "type": "Feature", "properties": { "label": 1, "month": "12", "year": "2024" }, "geometry": { "type": "Polygon", "coordinates": [ [ [ 869855.999081211630255, 2139018.753257025033236 ], [ 869837.467700069071725, 2140303.252750304061919 ], [ 868558.942654417594895, 2140284.885189979337156 ], [ 868577.444259529002011, 2139000.400071346201003 ], [ 869855.999081211630255, 2139018.753257025033236 ] ] ] } },
{ "type": "Feature", "properties": { "label": 1, "month": "12", "year": "2024" }, "geometry": { "type": "Polygon", "coordinates": [ [ [ 869837.467700069071725, 2140303.252750304061919 ], [ 869818.920298178098164, 2141587.781306982506067 ], [ 868540.425085732480511, 2141569.399374372791499 ], [ 868558.942654417594895, 2140284.885189979337156 ], [ 869837.467700069071725, 2140303.252750304061919 ] ] ] } },
{ "type": "Feature", "properties": { "label": 1, "month": "12", "year": "2024" }, "geometry": { "type": "Polygon", "coordinates": [ [ [ 869818.920298178098164, 2141587.781306982506067 ], [ 869800.356873392593116, 2142872.338985172566026 ], [ 868521.891551348846406, 2142853.942682626191527 ], [ 868540.425085732480511, 2141569.399374372791499 ], [ 869818.920298178098164, 2141587.781306982506067 ] ] ] } },
{ "type": "Feature", "properties": { "label": 1, "month": "12", "year": "2024" }, "geometry": { "type": "Polygon", "coordinates": [ [ [ 871097.430205394048244, 2141606.192397490143776 ], [ 871078.836888066725805, 2142890.764495568349957 ], [ 869800.356873392593116, 2142872.338985172566026 ], [ 869818.920298178098164, 2141587.781306982506067 ], [ 871097.430205394048244, 2141606.192397490143776 ] ] ] } },
{ "type": "Feature", "properties": { "label": 1, "month": "12", "year": "2024" }, "geometry": { "type": "Polygon", "coordinates": [ [ [ 871078.836888066725805, 2142890.764495568349957 ], [ 871060.227488504257053, 2144175.365770897828043 ], [ 869781.77742358064279, 2144156.925842975266278 ], [ 869800.356873392593116, 2142872.338985172566026 ], [ 871078.836888066725805, 2142890.764495568349957 ] ] ] } },
{ "type": "Feature", "properties": { "label": 1, "month": "12", "year": "2024" }, "geometry": { "type": "Polygon", "coordinates": [ [ [ 872375.954859987716191, 2141624.632648180238903 ], [ 872357.33164797083009, 2142909.219216103199869 ], [ 871078.836888066725805, 2142890.764495568349957 ], [ 871097.430205394048244, 2141606.192397490143776 ], [ 872375.954859987716191, 2141624.632648180238903 ] ] ] } },
{ "type": "Feature", "properties": { "label": 1, "month": "12", "year": "2024" }, "geometry": { "type": "Polygon", "coordinates": [ [ [ 872357.33164797083009, 2142909.219216103199869 ], [ 872338.692296509630978, 2144193.834958916064352 ], [ 871060.227488504257053, 2144175.365770897828043 ], [ 871078.836888066725805, 2142890.764495568349957 ], [ 872357.33164797083009, 2142909.219216103199869 ] ] ] } },
{ "type": "Feature", "properties": { "label": 1, "month": "12", "year": "2024" }, "geometry": { "type": "Polygon", "coordinates": [ [ [ 873617.171900203684345, 2144212.33340931031853 ], [ 873598.486395854619332, 2145496.992900183424354 ], [ 872320.0368034359999, 2145478.479934744536877 ], [ 872338.692296509630978, 2144193.834958916064352 ], [ 873617.171900203684345, 2144212.33340931031853 ] ] ] } },
{ "type": "Feature", "properties": { "label": 1, "month": "12", "year": "2024" }, "geometry": { "type": "Polygon", "coordinates": [ [ [ 888788.079914049012586, 2156001.194466158282012 ], [ 888768.882028565974906, 2157286.297465823590755 ], [ 887490.523724756436422, 2157267.296651961281896 ], [ 887509.691057008341886, 2155982.208744612522423 ], [ 888788.079914049012586, 2156001.194466158282012 ] ] ] } },
{ "type": "Feature", "properties": { "label": 1, "month": "12", "year": "2024" }, "geometry": { "type": "Polygon", "coordinates": [ [ [ 890066.484231038251892, 2156020.209929793607444 ], [ 890047.255790105555207, 2157305.328071717172861 ], [ 888768.882028565974906, 2157286.297465823590755 ], [ 888788.079914049012586, 2156001.194466158282012 ], [ 890066.484231038251892, 2156020.209929793607444 ] ] ] } },
{ "type": "Feature", "properties": { "label": 1, "month": "12", "year": "2024" }, "geometry": { "type": "Polygon", "coordinates": [ [ [ 893863.133087951922789, 2158647.792306989431381 ], [ 893843.778687585494481, 2159933.015780582092702 ], [ 892565.419533608015627, 2159913.865207888185978 ], [ 892584.743257047608495, 2158628.657021280378103 ], [ 893863.133087951922789, 2158647.792306989431381 ] ] ] } },
{ "type": "Feature", "properties": { "label": 1, "month": "12", "year": "2024" }, "geometry": { "type": "Polygon", "coordinates": [ [ [ 893843.778687585494481, 2159933.015780582092702 ], [ 893824.407143754186109, 2161218.269144350197166 ], [ 892546.078724110731855, 2161199.103287207894027 ], [ 892565.419533608015627, 2159913.865207888185978 ], [ 893843.778687585494481, 2159933.015780582092702 ] ] ] } },
{ "type": "Feature", "properties": { "label": 1, "month": "12", "year": "2024" }, "geometry": { "type": "Polygon", "coordinates": [ [ [ 895141.538584824418649, 2158666.957444164901972 ], [ 895122.153505295049399, 2159952.196254654787481 ], [ 893843.778687585494481, 2159933.015780582092702 ], [ 893863.133087951922789, 2158647.792306989431381 ], [ 895141.538584824418649, 2158666.957444164901972 ] ] ] } },
{ "type": "Feature", "properties": { "label": 1, "month": "12", "year": "2024" }, "geometry": { "type": "Polygon", "coordinates": [ [ [ 895122.153505295049399, 2159952.196254654787481 ], [ 895102.751224882551469, 2161237.46495278691873 ], [ 893824.407143754186109, 2161218.269144350197166 ], [ 893843.778687585494481, 2159933.015780582092702 ], [ 895122.153505295049399, 2159952.196254654787481 ] ] ] } },
{ "type": "Feature", "properties": { "label": 1, "month": "12", "year": "2024" }, "geometry": { "type": "Polygon", "coordinates": [ [ [ 896342.193197013693862, 2163827.348768429365009 ], [ 896322.708388269529678, 2165112.722856289241463 ], [ 895044.441154139349237, 2165093.450956613291055 ], [ 895063.895051730796695, 2163808.092245380859822 ], [ 896342.193197013693862, 2163827.348768429365009 ] ] ] } },
{ "type": "Feature", "properties": { "label": 1, "month": "12", "year": "2024" }, "geometry": { "type": "Polygon", "coordinates": [ [ [ 897620.50710451300256, 2163846.635347390547395 ], [ 897600.991382358246483, 2165132.024861773476005 ], [ 896322.708388269529678, 2165112.722856289241463 ], [ 896342.193197013693862, 2163827.348768429365009 ], [ 897620.50710451300256, 2163846.635347390547395 ] ] ] } },
{ "type": "Feature", "properties": { "label": 1, "month": "12", "year": "2024" }, "geometry": { "type": "Polygon", "coordinates": [ [ [ 897600.991382358246483, 2165132.024861773476005 ], [ 897581.45833468309138, 2166417.444492201786488 ], [ 896303.206311475601979, 2166398.127062748651952 ], [ 896322.708388269529678, 2165112.722856289241463 ], [ 897600.991382358246483, 2165132.024861773476005 ] ] ] } },
{ "type": "Feature", "properties": { "label": 1, "month": "12", "year": "2024" }, "geometry": { "type": "Polygon", "coordinates": [ [ [ 898898.836826849030331, 2163865.95198467746377 ], [ 898879.290189023595303, 2165151.356975488364697 ], [ 897600.991382358246483, 2165132.024861773476005 ], [ 897620.50710451300256, 2163846.635347390547395 ], [ 898898.836826849030331, 2163865.95198467746377 ] ] ] } },
{ "type": "Feature", "properties": { "label": 1, "month": "12", "year": "2024" }, "geometry": { "type": "Polygon", "coordinates": [ [ [ 898879.290189023595303, 2165151.356975488364697 ], [ 898859.726168204215355, 2166436.792079774197191 ], [ 897581.45833468309138, 2166417.444492201786488 ], [ 897600.991382358246483, 2165132.024861773476005 ], [ 898879.290189023595303, 2165151.356975488364697 ] ] ] } },
{ "type": "Feature", "properties": { "label": 0, "month": "12", "year": "2024" }, "geometry": { "type": "Polygon", "coordinates": [ [ [ 900039.773189558065496, 2172883.876676949672401 ], [ 900020.07349832134787, 2174169.509197913575917 ], [ 898741.97686200379394, 2174150.038361554034054 ], [ 898761.64523272565566, 2172864.421348821371794 ], [ 900039.773189558065496, 2172883.876676949672401 ] ] ] } },
{ "type": "Feature", "properties": { "label": 0, "month": "12", "year": "2024" }, "geometry": { "type": "Polygon", "coordinates": [ [ [ 606847.710685986094177, 2376294.274620892014354 ], [ 606834.395323698525317, 2377583.408941466361284 ], [ 605564.282001321786083, 2377570.163809804711491 ], [ 605577.557118829106912, 2376281.033535769209266 ], [ 606847.710685986094177, 2376294.274620892014354 ] ] ] } },
{ "type": "Feature", "properties": { "label": 0, "month": "12", "year": "2024" }, "geometry": { "type": "Polygon", "coordinates": [ [ [ 899642.459497633739375, 2198602.392813682090491 ], [ 899622.410169674549252, 2199888.646891312673688 ], [ 898344.952047672588378, 2199868.866439183242619 ], [ 898364.968901578919031, 2198582.627817343920469 ], [ 899642.459497633739375, 2198602.392813682090491 ] ] ] } },
{ "type": "Feature", "properties": { "label": 0, "month": "12", "year": "2024" }, "geometry": { "type": "Polygon", "coordinates": [ [ [ 749966.298457855125889, 2317436.64589950023219 ], [ 749948.979111161781475, 2318724.703328439034522 ], [ 748676.29222942260094, 2318707.651650326326489 ], [ 748693.573887832695618, 2317419.603756085969508 ], [ 749966.298457855125889, 2317436.64589950023219 ] ] ] } },
{ "type": "Feature", "properties": { "label": 0, "month": "12", "year": "2024" }, "geometry": { "type": "Polygon", "coordinates": [ [ [ 869914.149949040263891, 2221307.046748558059335 ], [ 869894.555352299939841, 2222593.538546416908503 ], [ 868618.040877617662773, 2222574.223722870927304 ], [ 868637.602012106217444, 2221287.746193487197161 ], [ 869914.149949040263891, 2221307.046748558059335 ] ] ] } },
{ "type": "Feature", "properties": { "label": 0, "month": "12", "year": "2024" }, "geometry": { "type": "Polygon", "coordinates": [ [ [ 828701.842144496156834, 2156425.424208045937121 ], [ 828684.063698144047521, 2157709.901677148416638 ], [ 827406.403120912844315, 2157692.285739503800869 ], [ 827424.151057667797431, 2156407.821017464622855 ], [ 828701.842144496156834, 2156425.424208045937121 ] ] ] } },
{ "type": "Feature", "properties": { "label": 0, "month": "12", "year": "2024" }, "geometry": { "type": "Polygon", "coordinates": [ [ [ 844176.884820335078984, 2235077.350503732450306 ], [ 844157.793233406264335, 2236363.931174453813583 ], [ 842881.931301301927306, 2236345.115793047938496 ], [ 842900.98883383651264, 2235058.548375287093222 ], [ 844176.884820335078984, 2235077.350503732450306 ] ] ] } },
{ "type": "Feature", "properties": { "label": 0, "month": "12", "year": "2024" }, "geometry": { "type": "Polygon", "coordinates": [ [ [ 790809.721513197058812, 2310271.342283695470542 ], [ 790791.271843578200787, 2311559.506499772425741 ], [ 789518.026735591469333, 2311541.374505927786231 ], [ 789536.438999265083112, 2310253.221395901404321 ], [ 790809.721513197058812, 2310271.342283695470542 ] ] ] } },
{ "type": "Feature", "properties": { "label": 0, "month": "12", "year": "2024" }, "geometry": { "type": "Polygon", "coordinates": [ [ [ 888106.077431505545974, 2200997.903483985923231 ], [ 888086.286306763300672, 2202284.083745803218335 ], [ 886809.033599964692257, 2202264.556291460990906 ], [ 886828.792156054172665, 2200978.391033068764955 ], [ 888106.077431505545974, 2200997.903483985923231 ] ] ] } },
{ "type": "Feature", "properties": { "label": 0, "month": "12", "year": "2024" }, "geometry": { "type": "Polygon", "coordinates": [ [ [ 445095.096144323353656, 2447163.571509312838316 ], [ 445087.060181037755683, 2448454.95643528457731 ], [ 443819.337246227718424, 2448446.624696108046919 ], [ 443827.329807580448687, 2447155.237714579328895 ], [ 445095.096144323353656, 2447163.571509312838316 ] ] ] } },
{ "type": "Feature", "properties": { "label": 0, "month": "12", "year": "2024" }, "geometry": { "type": "Polygon", "coordinates": [ [ [ 834044.129692748887464, 2139799.955659407190979 ], [ 834026.416822234983556, 2141084.100668263621628 ], [ 832748.311716081690975, 2141066.534248398151249 ], [ 832765.994812126969919, 2139782.402213952504098 ], [ 834044.129692748887464, 2139799.955659407190979 ] ] ] } },
{ "type": "Feature", "properties": { "label": 0, "month": "12", "year": "2024" }, "geometry": { "type": "Polygon", "coordinates": [ [ [ 894472.781563180149533, 2202382.194086788222194 ], [ 894452.810277950484306, 2203668.481934804003686 ], [ 893175.512793448520824, 2203648.781533283181489 ], [ 893195.451440560864285, 2202362.50893439957872 ], [ 894472.781563180149533, 2202382.194086788222194 ] ] ] } },
{ "type": "Feature", "properties": { "label": 0, "month": "12", "year": "2024" }, "geometry": { "type": "Polygon", "coordinates": [ [ [ 832677.435659438371658, 2146203.354837586171925 ], [ 832659.680718168616295, 2147487.633388817775995 ], [ 831381.738501411164179, 2147470.031472156289965 ], [ 831399.463384573929943, 2146185.765834690537304 ], [ 832677.435659438371658, 2146203.354837586171925 ] ] ] } },
{ "type": "Feature", "properties": { "label": 0, "month": "12", "year": "2024" }, "geometry": { "type": "Polygon", "coordinates": [ [ [ 605457.926495985244401, 2387884.676489361096174 ], [ 605444.612740354146808, 2389174.175326988566667 ], [ 604174.867927955230698, 2389160.932120136450976 ], [ 604188.140906811109744, 2387871.437271961476654 ], [ 605457.926495985244401, 2387884.676489361096174 ] ] ] } },
{ "type": "Feature", "properties": { "label": 0, "month": "12", "year": "2024" }, "geometry": { "type": "Polygon", "coordinates": [ [ [ 797213.538278583087958, 2307786.150149703025818 ], [ 797194.927735403180122, 2309074.296463207341731 ], [ 795921.551017923862673, 2309056.009217884857208 ], [ 795940.124261300312355, 2307767.874258787371218 ], [ 797213.538278583087958, 2307786.150149703025818 ] ] ] } },
{ "type": "Feature", "properties": { "label": 0, "month": "12", "year": "2024" }, "geometry": { "type": "Polygon", "coordinates": [ [ [ 437457.37240609433502, 2452280.031826956663281 ], [ 437449.611410800076555, 2453571.607406848110259 ], [ 436182.044174554524943, 2453563.5273517225869 ], [ 436189.761534422112163, 2452271.949431475251913 ], [ 437457.37240609433502, 2452280.031826956663281 ] ] ] } },
{ "type": "Feature", "properties": { "label": 0, "month": "12", "year": "2024" }, "geometry": { "type": "Polygon", "coordinates": [ [ [ 587757.6216472244123, 2379966.986701913177967 ], [ 587744.899387197801843, 2381256.187705982476473 ], [ 586474.956487502437085, 2381243.500425803940743 ], [ 586487.638350078952499, 2379954.3027438740246 ], [ 587757.6216472244123, 2379966.986701913177967 ] ] ] } },
{ "type": "Feature", "properties": { "label": 0, "month": "12", "year": "2024" }, "geometry": { "type": "Polygon", "coordinates": [ [ [ 890877.984656298533082, 2186890.792293658014387 ], [ 890858.316422021365725, 2188176.656450547277927 ], [ 889580.677776952274144, 2188157.232197224162519 ], [ 889600.31407302909065, 2186871.38317153044045 ], [ 890877.984656298533082, 2186890.792293658014387 ] ] ] } },
{ "type": "Feature", "properties": { "label": 0, "month": "12", "year": "2024" }, "geometry": { "type": "Polygon", "coordinates": [ [ [ 802400.9091171619948, 2301419.200658155139536 ], [ 802382.215969729470089, 2302707.208579637575895 ], [ 801108.606873751617968, 2302688.837090171407908 ], [ 801127.263005694025196, 2301400.840729596093297 ], [ 802400.9091171619948, 2301419.200658155139536 ] ] ] } },
{ "type": "Feature", "properties": { "label": 0, "month": "12", "year": "2024" }, "geometry": { "type": "Polygon", "coordinates": [ [ [ 786953.22001373663079, 2312793.385502895340323 ], [ 786934.857297922950238, 2314081.590991463512182 ], [ 785661.72064105886966, 2314063.543828836176544 ], [ 785680.04584019666072, 2312775.349295671097934 ], [ 786953.22001373663079, 2312793.385502895340323 ] ] ] } },
{ "type": "Feature", "properties": { "label": 0, "month": "12", "year": "2024" }, "geometry": { "type": "Polygon", "coordinates": [ [ [ 823306.972918563755229, 2176909.645987463183701 ], [ 823289.092477689031512, 2178194.559154581278563 ], [ 822011.979135443689302, 2178176.86165822762996 ], [ 822029.828157487791032, 2176891.961004759185016 ], [ 823306.972918563755229, 2176909.645987463183701 ] ] ] } },
{ "type": "Feature", "properties": { "label": 0, "month": "12", "year": "2024" }, "geometry": { "type": "Polygon", "coordinates": [ [ [ 608157.908310670289211, 2372440.381843867711723 ], [ 608144.56594043050427, 2373729.398539558053017 ], [ 606874.32835007738322, 2373716.127827570773661 ], [ 606887.630651480401866, 2372427.115229569375515 ], [ 608157.908310670289211, 2372440.381843867711723 ] ] ] } },
{ "type": "Feature", "properties": { "label": 0, "month": "12", "year": "2024" }, "geometry": { "type": "Polygon", "coordinates": [ [ [ 755161.879422496655025, 2309777.38213682314381 ], [ 755144.47628349380102, 2311065.253814118448645 ], [ 753871.525438964948989, 2311048.117303415201604 ], [ 753888.891233375994489, 2309760.255367200355977 ], [ 755161.879422496655025, 2309777.38213682314381 ] ] ] } },
{ "type": "Feature", "properties": { "label": 0, "month": "12", "year": "2024" }, "geometry": { "type": "Polygon", "coordinates": [ [ [ 442639.238668629084714, 2434235.476150453556329 ], [ 442631.255622197408229, 2435526.425697781611234 ], [ 441363.095432750473265, 2435518.153219299856573 ], [ 441371.03567880828632, 2434227.201519323978573 ], [ 442639.238668629084714, 2434235.476150453556329 ] ] ] } },
{ "type": "Feature", "properties": { "label": 0, "month": "12", "year": "2024" }, "geometry": { "type": "Polygon", "coordinates": [ [ [ 797306.394644495798275, 2301345.972220106050372 ], [ 797287.849545432021841, 2302633.934191102627665 ], [ 796014.286915796576068, 2302615.70374002866447 ], [ 796032.79500841954723, 2301327.753134513273835 ], [ 797306.394644495798275, 2301345.972220106050372 ] ] ] } },
{ "type": "Feature", "properties": { "label": 0, "month": "12", "year": "2024" }, "geometry": { "type": "Polygon", "coordinates": [ [ [ 711512.028527260292321, 2338838.565221215132624 ], [ 711495.682880166103132, 2340127.006576974410564 ], [ 710223.908152454532683, 2340110.891073859296739 ], [ 710240.215173562173732, 2338822.45776506094262 ], [ 711512.028527260292321, 2338838.565221215132624 ] ] ] } },
{ "type": "Feature", "properties": { "label": 0, "month": "12", "year": "2024" }, "geometry": { "type": "Polygon", "coordinates": [ [ [ 586525.663508693221956, 2376086.954486615024507 ], [ 586512.991861099377275, 2377376.029836997855455 ], [ 585242.930828397511505, 2377363.390368179418147 ], [ 585255.562257910030894, 2376074.318294445052743 ], [ 586525.663508693221956, 2376086.954486615024507 ] ] ] } },
{ "type": "Feature", "properties": { "label": 0, "month": "12", "year": "2024" }, "geometry": { "type": "Polygon", "coordinates": [ [ [ 833973.191668056882918, 2144936.711036331951618 ], [ 833955.421096422243863, 2146220.973133531399071 ], [ 832677.435659438371658, 2146203.354837586171925 ], [ 832695.176228064112365, 2144919.10570616228506 ], [ 833973.191668056882918, 2144936.711036331951618 ] ] ] } },
{ "type": "Feature", "properties": { "label": 0, "month": "12", "year": "2024" }, "geometry": { "type": "Polygon", "coordinates": [ [ [ 589027.607874204521067, 2379979.708599990233779 ], [ 589014.845215083332732, 2381268.912974298000336 ], [ 587744.899387197801843, 2381256.187705982476473 ], [ 587757.6216472244123, 2379966.986701913177967 ], [ 589027.607874204521067, 2379979.708599990233779 ] ] ] } },
{ "type": "Feature", "properties": { "label": 0, "month": "12", "year": "2024" }, "geometry": { "type": "Polygon", "coordinates": [ [ [ 803823.926889380323701, 2291134.754710945300758 ], [ 803805.303687185863964, 2292422.482553144916892 ], [ 802531.388343721162528, 2292404.168739190325141 ], [ 802549.974996926030144, 2291116.452524705789983 ], [ 803823.926889380323701, 2291134.754710945300758 ] ] ] } },
{ "type": "Feature", "properties": { "label": 0, "month": "12", "year": "2024" }, "geometry": { "type": "Polygon", "coordinates": [ [ [ 906628.240416024345905, 2160126.166480191517621 ], [ 906608.561404947773553, 2161411.575434192083776 ], [ 905330.074002254288644, 2161392.109955651219934 ], [ 905349.722256425535306, 2160106.716785377357155 ], [ 906628.240416024345905, 2160126.166480191517621 ] ] ] } },
{ "type": "Feature", "properties": { "label": 0, "month": "12", "year": "2024" }, "geometry": { "type": "Polygon", "coordinates": [ [ [ 431202.516023125208449, 2438035.482439200393856 ], [ 431194.929901154711843, 2439326.584261467214674 ], [ 429926.869201443216298, 2439318.678694126196206 ], [ 429934.41235324065201, 2438027.57429056847468 ], [ 431202.516023125208449, 2438035.482439200393856 ] ] ] } },
{ "type": "Feature", "properties": { "label": 0, "month": "12", "year": "2024" }, "geometry": { "type": "Polygon", "coordinates": [ [ [ 894750.566052653477527, 2184377.478923553600907 ], [ 894730.836492167785764, 2185663.326596712693572 ], [ 893453.087331060436554, 2185643.839921002741903 ], [ 893472.785061769885942, 2184358.007533490192145 ], [ 894750.566052653477527, 2184377.478923553600907 ] ] ] } },
{ "type": "Feature", "properties": { "label": 0, "month": "12", "year": "2024" }, "geometry": { "type": "Polygon", "coordinates": [ [ [ 714055.679285428486764, 2338870.88969604158774 ], [ 714039.25638026278466, 2340159.347291124984622 ], [ 712767.465605512494221, 2340143.158648715820163 ], [ 712783.849880624562502, 2338854.709197536576539 ], [ 714055.679285428486764, 2338870.88969604158774 ] ] ] } },
{ "type": "Feature", "properties": { "label": 0, "month": "12", "year": "2024" }, "geometry": { "type": "Polygon", "coordinates": [ [ [ 441275.980167643283494, 2449721.517925159540027 ], [ 441268.081328942149412, 2451012.997836648020893 ], [ 440000.436360666411929, 2451004.791658019647002 ], [ 440008.291680738853756, 2449713.309548517223448 ], [ 441275.980167643283494, 2449721.517925159540027 ] ] ] } },
{ "type": "Feature", "properties": { "label": 0, "month": "12", "year": "2024" }, "geometry": { "type": "Polygon", "coordinates": [ [ [ 619686.365817130776122, 2363539.215589527972043 ], [ 619672.697372966562398, 2364827.989574758335948 ], [ 618402.144712632521987, 2364814.411023424938321 ], [ 618415.773486498277634, 2363525.641576877329499 ], [ 619686.365817130776122, 2363539.215589527972043 ] ] ] } },
{ "type": "Feature", "properties": { "label": 0, "month": "12", "year": "2024" }, "geometry": { "type": "Polygon", "coordinates": [ [ [ 863518.424089543987066, 2135074.167373683769256 ], [ 863500.088759428355843, 2136358.508616553619504 ], [ 862221.5472845826298, 2136340.328943375032395 ], [ 862239.853020740207285, 2135056.001832278445363 ], [ 863518.424089543987066, 2135074.167373683769256 ] ] ] } },
{ "type": "Feature", "properties": { "label": 0, "month": "12", "year": "2024" }, "geometry": { "type": "Polygon", "coordinates": [ [ [ 908044.24559396551922, 2151148.505455566570163 ], [ 908024.660196876968257, 2152433.722433825954795 ], [ 906745.942498025717214, 2152414.337870181072503 ], [ 906765.497537794988602, 2151129.13674380350858 ], [ 908044.24559396551922, 2151148.505455566570163 ] ] ] } },
{ "type": "Feature", "properties": { "label": 0, "month": "12", "year": "2024" }, "geometry": { "type": "Polygon", "coordinates": [ [ [ 905486.765687540173531, 2151109.797607755754143 ], [ 905467.241002838127315, 2152394.98293225467205 ], [ 904188.555658648256212, 2152375.657617617864162 ], [ 904208.049990533618256, 2151090.488045011181384 ], [ 905486.765687540173531, 2151109.797607755754143 ] ] ] } },
{ "type": "Feature", "properties": { "label": 0, "month": "12", "year": "2024" }, "geometry": { "type": "Polygon", "coordinates": [ [ [ 610577.509238474653102, 2384069.716992165427655 ], [ 610564.045948191545904, 2385359.108860541600734 ], [ 609294.164096764870919, 2385345.724998209625483 ], [ 609307.586781443213113, 2384056.337314564269036 ], [ 610577.509238474653102, 2384069.716992165427655 ] ] ] } },
{ "type": "Feature", "properties": { "label": 0, "month": "12", "year": "2024" }, "geometry": { "type": "Polygon", "coordinates": [ [ [ 450133.312923388322815, 2452363.084937035571784 ], [ 450125.115512746153399, 2453654.639730288647115 ], [ 448857.57810052332934, 2453646.153885891195387 ], [ 448865.731864559696987, 2452354.597228080965579 ], [ 450133.312923388322815, 2452363.084937035571784 ] ] ] } },
{ "type": "Feature", "properties": { "label": 0, "month": "12", "year": "2024" }, "geometry": { "type": "Polygon", "coordinates": [ [ [ 868715.684964947984554, 2216142.163120351731777 ], [ 868696.188459891011007, 2217428.509950713254511 ], [ 867419.555047435220331, 2217409.284308966249228 ], [ 867439.018324280856177, 2216122.951707605738193 ], [ 868715.684964947984554, 2216142.163120351731777 ] ] ] } },
{ "type": "Feature", "properties": { "label": 0, "month": "12", "year": "2024" }, "geometry": { "type": "Polygon", "coordinates": [ [ [ 747369.094490198185667, 2321266.825521341525018 ], [ 747351.818066495237872, 2322554.976980998180807 ], [ 746079.263609370449558, 2322537.968608216848224 ], [ 746096.502172767068259, 2321249.826580215711147 ], [ 747369.094490198185667, 2321266.825521341525018 ] ] ] } },
{ "type": "Feature", "properties": { "label": 0, "month": "12", "year": "2024" }, "geometry": { "type": "Polygon", "coordinates": [ [ [ 753888.891233375994489, 2309760.255367200355977 ], [ 753871.525438964948989, 2311048.117303415201604 ], [ 752598.584350762190297, 2311031.016313368920237 ], [ 752615.912802708800882, 2309743.164069519843906 ], [ 753888.891233375994489, 2309760.255367200355977 ] ] ] } },
{ "type": "Feature", "properties": { "label": 0, "month": "12", "year": "2024" }, "geometry": { "type": "Polygon", "coordinates": [ [ [ 853470.402370852883905, 2122088.933879090007395 ], [ 853452.456342311110348, 2123372.877464609686285 ], [ 852173.735292599420063, 2123355.066706382669508 ], [ 852191.652314425562508, 2122071.13687532581389 ], [ 853470.402370852883905, 2122088.933879090007395 ] ] ] } },
{ "type": "Feature", "properties": { "label": 0, "month": "12", "year": "2024" }, "geometry": { "type": "Polygon", "coordinates": [ [ [ 609347.828009658376686, 2380188.420079501345754 ], [ 609334.418738062144257, 2381477.684917994309217 ], [ 608064.419051882112399, 2381464.35162781458348 ], [ 608077.787897501257248, 2380175.090929049532861 ], [ 609347.828009658376686, 2380188.420079501345754 ] ] ] } },
{ "type": "Feature", "properties": { "label": 0, "month": "12", "year": "2024" }, "geometry": { "type": "Polygon", "coordinates": [ [ [ 883997.028086353442632, 2218948.275590696372092 ], [ 883977.098961513023823, 2220234.862202401272953 ], [ 882700.354012385476381, 2220215.221645314712077 ], [ 882720.249765236629173, 2218928.649851919151843 ], [ 883997.028086353442632, 2218948.275590696372092 ] ] ] } },
{ "type": "Feature", "properties": { "label": 0, "month": "12", "year": "2024" }, "geometry": { "type": "Polygon", "coordinates": [ [ [ 887432.920608165673912, 2161122.739323784597218 ], [ 887413.68585486675147, 2162407.946725479327142 ], [ 886135.465734081109986, 2162388.915556545369327 ], [ 886154.669706797576509, 2161103.723187286406755 ], [ 887432.920608165673912, 2161122.739323784597218 ] ] ] } },
{ "type": "Feature", "properties": { "label": 0, "month": "12", "year": "2024" }, "geometry": { "type": "Polygon", "coordinates": [ [ [ 902157.242125379387289, 2201214.618999817408621 ], [ 902137.092591432388872, 2202500.967577573377639 ], [ 900859.667836915003136, 2202481.093105074483901 ], [ 900879.784776472486556, 2201194.760077187325805 ], [ 902157.242125379387289, 2201214.618999817408621 ] ] ] } },
{ "type": "Feature", "properties": { "label": 0, "month": "12", "year": "2024" }, "geometry": { "type": "Polygon", "coordinates": [ [ [ 900899.884147145203315, 2199908.458801174536347 ], [ 900879.784776472486556, 2201194.760077187325805 ], [ 899602.343333212193102, 2201174.93266449123621 ], [ 899622.410169674549252, 2199888.646891312673688 ], [ 900899.884147145203315, 2199908.458801174536347 ] ] ] } },
{ "type": "Feature", "properties": { "label": 0, "month": "12", "year": "2024" }, "geometry": { "type": "Polygon", "coordinates": [ [ [ 894372.752263368456624, 2208813.952749217860401 ], [ 894352.69452867936343, 2210100.400603871792555 ], [ 893075.561102488078177, 2210080.623996180482209 ], [ 893095.58590977685526, 2208794.191377489361912 ], [ 894372.752263368456624, 2208813.952749217860401 ] ] ] } },
{ "type": "Feature", "properties": { "label": 0, "month": "12", "year": "2024" }, "geometry": { "type": "Polygon", "coordinates": [ [ [ 611914.886190571938641, 2377636.768157675396651 ], [ 611901.405241840984672, 2378925.959841008298099 ], [ 610631.317096312413923, 2378912.558992298319936 ], [ 610644.757734159356914, 2377623.37154694320634 ], [ 611914.886190571938641, 2377636.768157675396651 ] ] ] } },
{ "type": "Feature", "properties": { "label": 0, "month": "12", "year": "2024" }, "geometry": { "type": "Polygon", "coordinates": [ [ [ 446387.11697968817316, 2443298.06209039548412 ], [ 446379.027965639426839, 2444589.31247339444235 ], [ 445111.177902647294104, 2444580.934320136439055 ], [ 445119.223693589214236, 2443289.681928715668619 ], [ 446387.11697968817316, 2443298.06209039548412 ] ] ] } },
{ "type": "Feature", "properties": { "label": 0, "month": "12", "year": "2024" }, "geometry": { "type": "Polygon", "coordinates": [ [ [ 858513.202353862463497, 2127296.572335527744144 ], [ 858495.07834552670829, 2128580.685108747798949 ], [ 857216.417448942898773, 2128562.70482557779178 ], [ 857234.512214215705171, 2127278.60599788883701 ], [ 858513.202353862463497, 2127296.572335527744144 ] ] ] } },
{ "type": "Feature", "properties": { "label": 0, "month": "12", "year": "2024" }, "geometry": { "type": "Polygon", "coordinates": [ [ [ 886019.888937759678811, 2170100.702279203571379 ], [ 886000.56728977477178, 2171386.106029793154448 ], [ 884722.579569487017579, 2171367.000039802398533 ], [ 884741.870036928914487, 2170081.611254264600575 ], [ 886019.888937759678811, 2170100.702279203571379 ] ] ] } },
{ "type": "Feature", "properties": { "label": 0, "month": "12", "year": "2024" }, "geometry": { "type": "Polygon", "coordinates": [ [ [ 867298.904084287700243, 2138982.07594137173146 ], [ 867280.432253069244325, 2140266.546735334675759 ], [ 866001.936443420592695, 2140248.237384079955518 ], [ 866020.378502879058942, 2138963.780864829197526 ], [ 867298.904084287700243, 2138982.07594137173146 ] ] ] } },
{ "type": "Feature", "properties": { "label": 0, "month": "12", "year": "2024" }, "geometry": { "type": "Polygon", "coordinates": [ [ [ 442583.428380561235826, 2443273.042202271986753 ], [ 442575.469032464665361, 2444564.298753469251096 ], [ 441307.610122694750316, 2444556.041338387411088 ], [ 441315.526251047383994, 2443264.782635822426528 ], [ 442583.428380561235826, 2443273.042202271986753 ] ] ] } },
{ "type": "Feature", "properties": { "label": 0, "month": "12", "year": "2024" }, "geometry": { "type": "Polygon", "coordinates": [ [ [ 609414.807293653022498, 2373742.70697610732168 ], [ 609401.420380628784187, 2375031.768327178899199 ], [ 608131.21915715909563, 2375018.455745810177177 ], [ 608144.56594043050427, 2373729.398539558053017 ], [ 609414.807293653022498, 2373742.70697610732168 ] ] ] } },
{ "type": "Feature", "properties": { "label": 0, "month": "12", "year": "2024" }, "geometry": { "type": "Polygon", "coordinates": [ [ [ 779638.719557340140454, 2289505.487029005307704 ], [ 779620.802654553903267, 2290792.966079942882061 ], [ 778347.065435170894489, 2290775.325182370375842 ], [ 778364.945889630587772, 2289487.856832066550851 ], [ 779638.719557340140454, 2289505.487029005307704 ] ] ] } },
{ "type": "Feature", "properties": { "label": 0, "month": "12", "year": "2024" }, "geometry": { "type": "Polygon", "coordinates": [ [ [ 859737.400340199819766, 2131167.033304877113551 ], [ 859719.200445282855071, 2132451.245927084702998 ], [ 858440.613384052179754, 2132433.195033082738519 ], [ 858458.783862630603835, 2131148.996399571653455 ], [ 859737.400340199819766, 2131167.033304877113551 ] ] ] } },
{ "type": "Feature", "properties": { "label": 0, "month": "12", "year": "2024" }, "geometry": { "type": "Polygon", "coordinates": [ [ [ 854749.166469664196484, 2122106.759261859115213 ], [ 854731.191432342398912, 2123390.716651857364923 ], [ 853452.456342311110348, 2123372.877464609686285 ], [ 853470.402370852883905, 2122088.933879090007395 ], [ 854749.166469664196484, 2122106.759261859115213 ] ] ] } },
{ "type": "Feature", "properties": { "label": 0, "month": "12", "year": "2024" }, "geometry": { "type": "Polygon", "coordinates": [ [ [ 864815.358743208809756, 2133808.035227774176747 ], [ 864797.009600731311366, 2135092.361811845097691 ], [ 863518.424089543987066, 2135074.167373683769256 ], [ 863536.743693068623543, 2133789.854973678477108 ], [ 864815.358743208809756, 2133808.035227774176747 ] ] ] } },
{ "type": "Feature", "properties": { "label": 0, "month": "12", "year": "2024" }, "geometry": { "type": "Polygon", "coordinates": [ [ [ 624796.416801699437201, 2361016.419878269545734 ], [ 624782.60002451762557, 2362305.132569433189929 ], [ 623511.950802551582456, 2362291.413864213041961 ], [ 623525.728020627866499, 2361002.705906854942441 ], [ 624796.416801699437201, 2361016.419878269545734 ] ] ] } },
{ "type": "Feature", "properties": { "label": 0, "month": "12", "year": "2024" }, "geometry": { "type": "Polygon", "coordinates": [ [ [ 711528.364988263114356, 2337550.162523976527154 ], [ 711512.028527260292321, 2338838.565221215132624 ], [ 710240.215173562173732, 2338822.45776506094262 ], [ 710256.513067493448034, 2337534.063116461969912 ], [ 711528.364988263114356, 2337550.162523976527154 ] ] ] } },
{ "type": "Feature", "properties": { "label": 0, "month": "12", "year": "2024" }, "geometry": { "type": "Polygon", "coordinates": [ [ [ 903972.956657732604071, 2166514.484059788752347 ], [ 903953.251106202835217, 2167800.011720013339072 ], [ 902674.950544994673692, 2167780.527804838493466 ], [ 902694.625056792749092, 2166495.015815456397831 ], [ 903972.956657732604071, 2166514.484059788752347 ] ] ] } },
{ "type": "Feature", "properties": { "label": 0, "month": "12", "year": "2024" }, "geometry": { "type": "Polygon", "coordinates": [ [ [ 902337.795038625597954, 2189638.903441254980862 ], [ 902317.804052222520113, 2190924.968397628515959 ], [ 901040.088028851198032, 2190905.23396975081414 ], [ 901060.046940842177719, 2189619.18458715826273 ], [ 902337.795038625597954, 2189638.903441254980862 ] ] ] } },
{ "type": "Feature", "properties": { "label": 0, "month": "12", "year": "2024" }, "geometry": { "type": "Polygon", "coordinates": [ [ [ 614414.456039364798926, 2381531.398243909701705 ], [ 614400.880338263115846, 2382820.721003683749586 ], [ 613130.90561855584383, 2382807.231313100084662 ], [ 613144.440827487036586, 2381517.912884383462369 ], [ 614414.456039364798926, 2381531.398243909701705 ] ] ] } },
{ "type": "Feature", "properties": { "label": 0, "month": "12", "year": "2024" }, "geometry": { "type": "Polygon", "coordinates": [ [ [ 901119.818412036402151, 2185761.22353499289602 ], [ 901099.912129888078198, 2187047.179428554140031 ], [ 899822.115987783763558, 2187027.522692793980241 ], [ 899841.990370939485729, 2185741.582331147044897 ], [ 901119.818412036402151, 2185761.22353499289602 ] ] ] } },
{ "type": "Feature", "properties": { "label": 0, "month": "12", "year": "2024" }, "geometry": { "type": "Polygon", "coordinates": [ [ [ 795940.124261300312355, 2307767.874258787371218 ], [ 795921.551017923862673, 2309056.009217884857208 ], [ 794648.185775688034482, 2309037.757470393553376 ], [ 794666.721721525071189, 2307749.633816906251013 ], [ 795940.124261300312355, 2307767.874258787371218 ] ] ] } },
{ "type": "Feature", "properties": { "label": 0, "month": "12", "year": "2024" }, "geometry": { "type": "Polygon", "coordinates": [ [ [ 859755.584685952402651, 2129882.849358430597931 ], [ 859737.400340199819766, 2131167.033304877113551 ], [ 858458.783862630603835, 2131148.996399571653455 ], [ 858476.938849119353108, 2129864.826444120611995 ], [ 859755.584685952402651, 2129882.849358430597931 ] ] ] } },
{ "type": "Feature", "properties": { "label": 0, "month": "12", "year": "2024" }, "geometry": { "type": "Polygon", "coordinates": [ [ [ 889323.855844625621103, 2204876.128927370999008 ], [ 889303.980988303315826, 2206162.419923177920282 ], [ 888026.81096316431649, 2206142.815790539141744 ], [ 888046.65307505056262, 2204856.539840011391789 ], [ 889323.855844625621103, 2204876.128927370999008 ] ] ] } },
{ "type": "Feature", "properties": { "label": 0, "month": "12", "year": "2024" }, "geometry": { "type": "Polygon", "coordinates": [ [ [ 863555.047572062932886, 2132505.571358523797244 ], [ 863536.743693068623543, 2133789.854973678477108 ], [ 862258.143087419681251, 2133771.703566350974143 ], [ 862276.417486679973081, 2132487.434087585657835 ], [ 863555.047572062932886, 2132505.571358523797244 ] ] ] } },
{ "type": "Feature", "properties": { "label": 0, "month": "12", "year": "2024" }, "geometry": { "type": "Polygon", "coordinates": [ [ [ 887887.440023929928429, 2215147.647159452550113 ], [ 887867.461837780661881, 2216434.180881645996124 ], [ 886590.571204008418135, 2216414.488561073783785 ], [ 886610.516184970270842, 2215127.969813678879291 ], [ 887887.440023929928429, 2215147.647159452550113 ] ] ] } },
{ "type": "Feature", "properties": { "label": 0, "month": "12", "year": "2024" }, "geometry": { "type": "Polygon", "coordinates": [ [ [ 885452.723458967870101, 2207389.980601962655783 ], [ 885432.913056612480432, 2208676.290709118824452 ], [ 884155.854635971365497, 2208656.751834758557379 ], [ 884175.632185188587755, 2207370.456618820782751 ], [ 885452.723458967870101, 2207389.980601962655783 ] ] ] } },
{ "type": "Feature", "properties": { "label": 0, "month": "12", "year": "2024" }, "geometry": { "type": "Polygon", "coordinates": [ [ [ 807533.253380667534657, 2298916.99319651722908 ], [ 807514.439251990988851, 2300204.974576180335134 ], [ 806240.708866713219322, 2300186.485525513533503 ], [ 806259.486088064964861, 2298898.515906745102257 ], [ 807533.253380667534657, 2298916.99319651722908 ] ] ] } },
{ "type": "Feature", "properties": { "label": 0, "month": "12", "year": "2024" }, "geometry": { "type": "Polygon", "coordinates": [ [ [ 871060.227488504257053, 2144175.365770897828043 ], [ 871041.602004547603428, 2145459.996281622909009 ], [ 869763.181946587865241, 2145441.54193854238838 ], [ 869781.77742358064279, 2144156.925842975266278 ], [ 871060.227488504257053, 2144175.365770897828043 ] ] ] } },
{ "type": "Feature", "properties": { "label": 0, "month": "12", "year": "2024" }, "geometry": { "type": "Polygon", "coordinates": [ [ [ 601635.389015017193742, 2389134.560595341492444 ], [ 601622.193470638943836, 2390424.088877384550869 ], [ 600352.500098136486486, 2390410.956711881328374 ], [ 600365.654811475542374, 2389121.432274193037301 ], [ 601635.389015017193742, 2389134.560595341492444 ] ] ] } },
{ "type": "Feature", "properties": { "label": 0, "month": "12", "year": "2024" }, "geometry": { "type": "Polygon", "coordinates": [ [ [ 868798.219132957514375, 2123588.824655359610915 ], [ 868779.908925750642084, 2124872.965509525034577 ], [ 867501.045007875887677, 2124854.799105189740658 ], [ 867519.32612637267448, 2123570.672603677026927 ], [ 868798.219132957514375, 2123588.824655359610915 ] ] ] } },
{ "type": "Feature", "properties": { "label": 0, "month": "12", "year": "2024" }, "geometry": { "type": "Polygon", "coordinates": [ [ [ 822011.979135443689302, 2178176.86165822762996 ], [ 821994.116154565475881, 2179461.793211772106588 ], [ 820717.046976791927591, 2179444.113772906828672 ], [ 820734.878483495325781, 2178159.194681216031313 ], [ 822011.979135443689302, 2178176.86165822762996 ] ] ] } },
{ "type": "Feature", "properties": { "label": 0, "month": "12", "year": "2024" }, "geometry": { "type": "Polygon", "coordinates": [ [ [ 903913.787146776448935, 2170371.157758831046522 ], [ 903894.028733827406541, 2171656.776254340540618 ], [ 902615.821636906359345, 2171637.24534222856164 ], [ 902635.548837562324479, 2170351.642509751021862 ], [ 903913.787146776448935, 2170371.157758831046522 ] ] ] } },
{ "type": "Feature", "properties": { "label": 0, "month": "12", "year": "2024" }, "geometry": { "type": "Polygon", "coordinates": [ [ [ 844329.074698448181152, 2224785.904885237105191 ], [ 844310.103718083817512, 2226072.219501865562052 ], [ 843033.970975237083621, 2226053.510210896842182 ], [ 843052.908365171053447, 2224767.208866273518652 ], [ 844329.074698448181152, 2224785.904885237105191 ] ] ] } },
{ "type": "Feature", "properties": { "label": 0, "month": "12", "year": "2024" }, "geometry": { "type": "Polygon", "coordinates": [ [ [ 919573.556499204132706, 2150038.822703070007265 ], [ 919553.71605818439275, 2151324.155168034601957 ], [ 918274.819778012577444, 2151304.520165757276118 ], [ 918294.629898678627796, 2150019.204005433246493 ], [ 919573.556499204132706, 2150038.822703070007265 ] ] ] } },
{ "type": "Feature", "properties": { "label": 0, "month": "12", "year": "2024" }, "geometry": { "type": "Polygon", "coordinates": [ [ [ 617009.077037759125233, 2376401.564929887652397 ], [ 616995.439655396621674, 2377690.733355230186135 ], [ 615725.295240217703395, 2377677.185239356942475 ], [ 615738.892364017781802, 2376388.021245554555207 ], [ 617009.077037759125233, 2376401.564929887652397 ] ] ] } },
{ "type": "Feature", "properties": { "label": 0, "month": "12", "year": "2024" }, "geometry": { "type": "Polygon", "coordinates": [ [ [ 908987.117149525438435, 2173020.915657110977918 ], [ 908967.198150398442522, 2174306.658131807576865 ], [ 907688.989096353761852, 2174286.974008371587843 ], [ 907708.876758872764185, 2173001.247390956152231 ], [ 908987.117149525438435, 2173020.915657110977918 ] ] ] } },
{ "type": "Feature", "properties": { "label": 0, "month": "12", "year": "2024" }, "geometry": { "type": "Polygon", "coordinates": [ [ [ 606727.715726156253368, 2387897.953957153949887 ], [ 606714.361192040727474, 2389187.456832265947014 ], [ 605444.612740354146808, 2389174.175326988566667 ], [ 605457.926495985244401, 2387884.676489361096174 ], [ 606727.715726156253368, 2387897.953957153949887 ] ] ] } },
{ "type": "Feature", "properties": { "label": 0, "month": "12", "year": "2024" }, "geometry": { "type": "Polygon", "coordinates": [ [ [ 863492.684758296236396, 2223783.741096097510308 ], [ 863473.225584860891104, 2225070.227772451471537 ], [ 862196.850433166022412, 2225051.046343947760761 ], [ 862216.276039969874546, 2223764.573683659546077 ], [ 863492.684758296236396, 2223783.741096097510308 ] ] ] } },
{ "type": "Feature", "properties": { "label": 0, "month": "12", "year": "2024" }, "geometry": { "type": "Polygon", "coordinates": [ [ [ 803730.677220008336008, 2297573.757011561188847 ], [ 803711.987179554533213, 2298861.666702776681632 ], [ 802438.255459558800794, 2298843.29478384880349 ], [ 802456.908658137428574, 2297555.396709143649787 ], [ 803730.677220008336008, 2297573.757011561188847 ] ] ] } },
{ "type": "Feature", "properties": { "label": 0, "month": "12", "year": "2024" }, "geometry": { "type": "Polygon", "coordinates": [ [ [ 799872.234509016387165, 2300094.567847775295377 ], [ 799853.628591110929847, 2301382.516015296336263 ], [ 798580.005821385420859, 2301364.22651292104274 ], [ 798598.574786970857531, 2300076.289810813963413 ], [ 799872.234509016387165, 2300094.567847775295377 ] ] ] } },
{ "type": "Feature", "properties": { "label": 0, "month": "12", "year": "2024" }, "geometry": { "type": "Polygon", "coordinates": [ [ [ 610550.578127889195457, 2386648.541801878716797 ], [ 610537.105777723365463, 2387938.015879042446613 ], [ 609267.305315516190603, 2387924.623650370631367 ], [ 609280.736941399867646, 2386635.153755863197148 ], [ 610550.578127889195457, 2386648.541801878716797 ] ] ] } },
{ "type": "Feature", "properties": { "label": 0, "month": "12", "year": "2024" }, "geometry": { "type": "Polygon", "coordinates": [ [ [ 794648.185775688034482, 2309037.757470393553376 ], [ 794629.636853154865094, 2310325.918180025648326 ], [ 793356.320388158899732, 2310307.690673429518938 ], [ 793374.831956704845652, 2309019.541218392550945 ], [ 794648.185775688034482, 2309037.757470393553376 ] ] ] } },
{ "type": "Feature", "properties": { "label": 0, "month": "12", "year": "2024" }, "geometry": { "type": "Polygon", "coordinates": [ [ [ 858476.938849119353108, 2129864.826444120611995 ], [ 858458.783862630603835, 2131148.996399571653455 ], [ 857180.181623331736773, 2131130.988232154399157 ], [ 857198.307252648402937, 2129846.832217688672245 ], [ 858476.938849119353108, 2129864.826444120611995 ] ] ] } },
{ "type": "Feature", "properties": { "label": 0, "month": "12", "year": "2024" }, "geometry": { "type": "Polygon", "coordinates": [ [ [ 835179.931088716490194, 2150091.622789100278169 ], [ 835162.072553108213469, 2151376.015913468785584 ], [ 833884.194493589107879, 2151358.31628151005134 ], [ 833902.022795381490141, 2150073.936164068523794 ], [ 835179.931088716490194, 2150091.622789100278169 ] ] ] } },
{ "type": "Feature", "properties": { "label": 0, "month": "12", "year": "2024" }, "geometry": { "type": "Polygon", "coordinates": [ [ [ 607957.309473646339029, 2391779.914412776939571 ], [ 607943.900927455048077, 2393069.545353185385466 ], [ 606674.271481866948307, 2393056.21329735359177 ], [ 606687.639069701195695, 2391766.586439424660057 ], [ 607957.309473646339029, 2391779.914412776939571 ] ] ] } },
{ "type": "Feature", "properties": { "label": 0, "month": "12", "year": "2024" }, "geometry": { "type": "Polygon", "coordinates": [ [ [ 852173.735292599420063, 2123355.066706382669508 ], [ 852155.803075687261298, 2124639.024879245087504 ], [ 850877.125075326301157, 2124621.228845648001879 ], [ 850895.028230601456016, 2123337.284375001210719 ], [ 852173.735292599420063, 2123355.066706382669508 ] ] ] } },
{ "type": "Feature", "properties": { "label": 0, "month": "12", "year": "2024" }, "geometry": { "type": "Polygon", "coordinates": [ [ [ 891918.136906115920283, 2202342.855326596647501 ], [ 891898.230894781067036, 2203629.112726015970111 ], [ 890620.964529446559027, 2203609.475510506425053 ], [ 890640.837907338514924, 2202323.233260883949697 ], [ 891918.136906115920283, 2202342.855326596647501 ] ] ] } },
{ "type": "Feature", "properties": { "label": 0, "month": "12", "year": "2024" }, "geometry": { "type": "Polygon", "coordinates": [ [ [ 886809.033599964692257, 2202264.556291460990906 ], [ 886789.258108424488455, 2203550.753389626275748 ], [ 885512.053351423004642, 2203531.242516270373017 ], [ 885531.796218828414567, 2202245.060369297396392 ], [ 886809.033599964692257, 2202264.556291460990906 ] ] ] } },
{ "type": "Feature", "properties": { "label": 0, "month": "12", "year": "2024" }, "geometry": { "type": "Polygon", "coordinates": [ [ [ 605524.430885780602694, 2381437.799085668288171 ], [ 605511.138593642739579, 2382727.092537932563573 ], [ 604241.190490797394887, 2382713.869288305751979 ], [ 604254.442302800016478, 2381424.579830467235297 ], [ 605524.430885780602694, 2381437.799085668288171 ] ] ] } },
{ "type": "Feature", "properties": { "label": 0, "month": "12", "year": "2024" }, "geometry": { "type": "Polygon", "coordinates": [ [ [ 788391.436636091675609, 2301219.177842122968286 ], [ 788373.150534946238622, 2302507.061280353926122 ], [ 787099.667218890739605, 2302489.0775565369986 ], [ 787117.916329281637445, 2301201.205141928512603 ], [ 788391.436636091675609, 2301219.177842122968286 ] ] ] } },
{ "type": "Feature", "properties": { "label": 0, "month": "12", "year": "2024" }, "geometry": { "type": "Polygon", "coordinates": [ [ [ 609307.586781443213113, 2384056.337314564269036 ], [ 609294.164096764870919, 2385345.724998209625483 ], [ 608024.286044303211384, 2385332.379295020364225 ], [ 608037.668125097174197, 2384042.995748016983271 ], [ 609307.586781443213113, 2384056.337314564269036 ] ] ] } },
{ "type": "Feature", "properties": { "label": 0, "month": "12", "year": "2024" }, "geometry": { "type": "Polygon", "coordinates": [ [ [ 609240.428652870701626, 2390503.687101445160806 ], [ 609226.98361644463148, 2391793.280783848371357 ], [ 607957.309473646339029, 2391779.914412776939571 ], [ 607970.71360939508304, 2390490.32486189994961 ], [ 609240.428652870701626, 2390503.687101445160806 ] ] ] } },
{ "type": "Feature", "properties": { "label": 0, "month": "12", "year": "2024" }, "geometry": { "type": "Polygon", "coordinates": [ [ [ 614387.299928918946534, 2384110.084707657806575 ], [ 614373.714811441255733, 2385399.489418622571975 ], [ 613103.821254011010751, 2385385.991069107316434 ], [ 613117.365760690066963, 2384096.590687076561153 ], [ 614387.299928918946534, 2384110.084707657806575 ] ] ] } },
{ "type": "Feature", "properties": { "label": 0, "month": "12", "year": "2024" }, "geometry": { "type": "Polygon", "coordinates": [ [ [ 882759.990892686415464, 2216355.604056757409126 ], [ 882740.128724524751306, 2217642.110675510019064 ], [ 881463.332229649182409, 2217622.531877608038485 ], [ 881483.161144072189927, 2216336.040032792836428 ], [ 882759.990892686415464, 2216355.604056757409126 ] ] ] } },
{ "type": "Feature", "properties": { "label": 0, "month": "12", "year": "2024" }, "geometry": { "type": "Polygon", "coordinates": [ [ [ 608037.668125097174197, 2384042.995748016983271 ], [ 608024.286044303211384, 2385332.379295020364225 ], [ 606754.411739291157573, 2385319.071749331429601 ], [ 606767.753217917284928, 2384029.692290910985321 ], [ 608037.668125097174197, 2384042.995748016983271 ] ] ] } },
{ "type": "Feature", "properties": { "label": 0, "month": "12", "year": "2024" }, "geometry": { "type": "Polygon", "coordinates": [ [ [ 901079.988307007588446, 2188333.16642635455355 ], [ 901060.046940842177719, 2189619.18458715826273 ], [ 899782.314769785152748, 2189599.496795431245118 ], [ 899802.224121575709432, 2188313.494161291979253 ], [ 901079.988307007588446, 2188333.16642635455355 ] ] ] } },
{ "type": "Feature", "properties": { "label": 0, "month": "12", "year": "2024" }, "geometry": { "type": "Polygon", "coordinates": [ [ [ 442535.723240159044508, 2451021.244497753214091 ], [ 442527.784285893081687, 2452312.766693308018148 ], [ 441260.18595445738174, 2452304.52218242874369 ], [ 441268.081328942149412, 2451012.997836648020893 ], [ 442535.723240159044508, 2451021.244497753214091 ] ] ] } },
{ "type": "Feature", "properties": { "label": 0, "month": "12", "year": "2024" }, "geometry": { "type": "Polygon", "coordinates": [ [ [ 615806.806460046442226, 2369942.809467494022101 ], [ 615793.233177583781071, 2371231.770939637906849 ], [ 614522.89213751477655, 2371218.282630214001983 ], [ 614536.425459194928408, 2369929.325546803418547 ], [ 615806.806460046442226, 2369942.809467494022101 ] ] ] } },
{ "type": "Feature", "properties": { "label": 0, "month": "12", "year": "2024" }, "geometry": { "type": "Polygon", "coordinates": [ [ [ 899562.157124526798725, 2203747.599533469881862 ], [ 899542.037747169844806, 2205033.9807473057881 ], [ 898264.710099563235417, 2205014.138498567976058 ], [ 898284.796771567314863, 2203727.77272990019992 ], [ 899562.157124526798725, 2203747.599533469881862 ] ] ] } },
{ "type": "Feature", "properties": { "label": 0, "month": "12", "year": "2024" }, "geometry": { "type": "Polygon", "coordinates": [ [ [ 801238.921411616494879, 2293673.630687936209142 ], [ 801220.344809500267729, 2294961.407889663707465 ], [ 799946.526208122260869, 2294943.140769083052874 ], [ 799965.066148651298136, 2293655.375092781614512 ], [ 801238.921411616494879, 2293673.630687936209142 ] ] ] } },
{ "type": "Feature", "properties": { "label": 0, "month": "12", "year": "2024" }, "geometry": { "type": "Polygon", "coordinates": [ [ [ 902377.724203373072669, 2187066.867127157282084 ], [ 902357.768421489279717, 2188352.86970402719453 ], [ 901079.988307007588446, 2188333.16642635455355 ], [ 901099.912129888078198, 2187047.179428554140031 ], [ 902377.724203373072669, 2187066.867127157282084 ] ] ] } },
{ "type": "Feature", "properties": { "label": 0, "month": "12", "year": "2024" }, "geometry": { "type": "Polygon", "coordinates": [ [ [ 895670.007557521574199, 2207547.314892942085862 ], [ 895649.934245905373245, 2208833.745916307438165 ], [ 894372.752263368456624, 2208813.952749217860401 ], [ 894392.792703110957518, 2207527.537014097906649 ], [ 895670.007557521574199, 2207547.314892942085862 ] ] ] } },
{ "type": "Feature", "properties": { "label": 0, "month": "12", "year": "2024" }, "geometry": { "type": "Polygon", "coordinates": [ [ [ 903874.252695350558497, 2172942.425145238172263 ], [ 903854.459028813638724, 2174228.104490042664111 ], [ 902576.314529122319072, 2174208.542259701061994 ], [ 902596.076868267147802, 2172922.878572710324079 ], [ 903874.252695350558497, 2172942.425145238172263 ] ] ] } },
{ "type": "Feature", "properties": { "label": 0, "month": "12", "year": "2024" }, "geometry": { "type": "Polygon", "coordinates": [ [ [ 888066.478188765002415, 2203570.295844790991396 ], [ 888046.65307505056262, 2204856.539840011391789 ], [ 886769.465678984532133, 2204836.98238660255447 ], [ 886789.258108424488455, 2203550.753389626275748 ], [ 888066.478188765002415, 2203570.295844790991396 ] ] ] } },
{ "type": "Feature", "properties": { "label": 0, "month": "12", "year": "2024" }, "geometry": { "type": "Polygon", "coordinates": [ [ [ 889619.933347434853204, 2185585.565273472573608 ], [ 889600.31407302909065, 2186871.38317153044045 ], [ 888322.658948136726394, 2186852.004990042652935 ], [ 888342.246344292536378, 2185566.20217600883916 ], [ 889619.933347434853204, 2185585.565273472573608 ] ] ] } },
{ "type": "Feature", "properties": { "label": 0, "month": "12", "year": "2024" }, "geometry": { "type": "Polygon", "coordinates": [ [ [ 852024.658080787397921, 2222326.068593729287386 ], [ 852005.516336479689926, 2223612.39799124468118 ], [ 850729.234343399177305, 2223593.52144432766363 ], [ 850748.342599593219347, 2222307.205620204564184 ], [ 852024.658080787397921, 2222326.068593729287386 ] ] ] } },
{ "type": "Feature", "properties": { "label": 0, "month": "12", "year": "2024" }, "geometry": { "type": "Polygon", "coordinates": [ [ [ 802363.509502392495051, 2303995.25323862908408 ], [ 802344.789713339647278, 2305283.334696118254215 ], [ 801071.254824323579669, 2305264.940091602038592 ], [ 801089.937480563181452, 2303976.870190507732332 ], [ 802363.509502392495051, 2303995.25323862908408 ] ] ] } },
{ "type": "Feature", "properties": { "label": 0, "month": "12", "year": "2024" }, "geometry": { "type": "Polygon", "coordinates": [ [ [ 866093.988290451932698, 2133826.244330871850252 ], [ 866075.609606906538829, 2135110.585149 ], [ 864797.009600731311366, 2135092.361811845097691 ], [ 864815.358743208809756, 2133808.035227774176747 ], [ 866093.988290451932698, 2133826.244330871850252 ] ] ] } },
{ "type": "Feature", "properties": { "label": 0, "month": "12", "year": "2024" }, "geometry": { "type": "Polygon", "coordinates": [ [ [ 615670.859066487639211, 2382834.248763787094504 ], [ 615657.238103928160854, 2384123.61684583267197 ], [ 614387.299928918946534, 2384110.084707657806575 ], [ 614400.880338263115846, 2382820.721003683749586 ], [ 615670.859066487639211, 2382834.248763787094504 ] ] ] } },
{ "type": "Feature", "properties": { "label": 0, "month": "12", "year": "2024" }, "geometry": { "type": "Polygon", "coordinates": [ [ [ 800002.106461016694084, 2291079.952626307494938 ], [ 799983.592899027862586, 2292367.645732129458338 ], [ 798709.712693687528372, 2292349.436534340493381 ], [ 798728.189713443513028, 2291061.754909477196634 ], [ 800002.106461016694084, 2291079.952626307494938 ] ] ] } },
{ "type": "Feature", "properties": { "label": 0, "month": "12", "year": "2024" }, "geometry": { "type": "Polygon", "coordinates": [ [ [ 787081.405492310994305, 2303776.986735057085752 ], [ 787063.131147885462269, 2305064.932738492731005 ], [ 785789.733107288833708, 2305046.962309039197862 ], [ 785807.970345910638571, 2303759.027276092208922 ], [ 787081.405492310994305, 2303776.986735057085752 ] ] ] } },
{ "type": "Feature", "properties": { "label": 0, "month": "12", "year": "2024" }, "geometry": { "type": "Polygon", "coordinates": [ [ [ 617022.709592823055573, 2375112.437133024446666 ], [ 617009.077037759125233, 2376401.564929887652397 ], [ 615738.892364017781802, 2376388.021245554555207 ], [ 615752.484719756757841, 2375098.897881304379553 ], [ 617022.709592823055573, 2375112.437133024446666 ] ] ] } },
{ "type": "Feature", "properties": { "label": 0, "month": "12", "year": "2024" }, "geometry": { "type": "Polygon", "coordinates": [ [ [ 719603.3774363999255, 2302873.704550774302334 ], [ 719587.066730734077282, 2304161.136334739625454 ], [ 718314.1835977997398, 2304145.035502223763615 ], [ 718330.457309895427898, 2302857.612104360945523 ], [ 719603.3774363999255, 2302873.704550774302334 ] ] ] } },
{ "type": "Feature", "properties": { "label": 0, "month": "12", "year": "2024" }, "geometry": { "type": "Polygon", "coordinates": [ [ [ 827030.422754356521182, 2184673.054359021596611 ], [ 827012.362885203910992, 2185958.191595639102161 ], [ 825735.400915469042957, 2185940.326598074287176 ], [ 825753.429014550987631, 2184655.202010965906084 ], [ 827030.422754356521182, 2184673.054359021596611 ] ] ] } },
{ "type": "Feature", "properties": { "label": 0, "month": "12", "year": "2024" }, "geometry": { "type": "Polygon", "coordinates": [ [ [ 787063.131147885462269, 2305064.932738492731005 ], [ 787044.84418395976536, 2306352.915627910755575 ], [ 785771.483307823073119, 2306334.934230109211057 ], [ 785789.733107288833708, 2305046.962309039197862 ], [ 787063.131147885462269, 2305064.932738492731005 ] ] ] } },
{ "type": "Feature", "properties": { "label": 0, "month": "12", "year": "2024" }, "geometry": { "type": "Polygon", "coordinates": [ [ [ 830015.121319317724556, 2153874.166165952570736 ], [ 829997.340904769138433, 2155158.596708610188216 ], [ 828719.606375464703888, 2155140.976631949655712 ], [ 828737.356392831658013, 2153856.55889045773074 ], [ 830015.121319317724556, 2153874.166165952570736 ] ] ] } },
{ "type": "Feature", "properties": { "label": 0, "month": "12", "year": "2024" }, "geometry": { "type": "Polygon", "coordinates": [ [ [ 610564.045948191545904, 2385359.108860541600734 ], [ 610550.578127889195457, 2386648.541801878716797 ], [ 609280.736941399867646, 2386635.153755863197148 ], [ 609294.164096764870919, 2385345.724998209625483 ], [ 610564.045948191545904, 2385359.108860541600734 ] ] ] } },
{ "type": "Feature", "properties": { "label": 0, "month": "12", "year": "2024" }, "geometry": { "type": "Polygon", "coordinates": [ [ [ 431149.495664775604382, 2447074.118403849191964 ], [ 431141.937061901029665, 2448365.528560101985931 ], [ 429874.178831778932363, 2448357.641054283827543 ], [ 429881.694044781266712, 2447066.228318626061082 ], [ 431149.495664775604382, 2447074.118403849191964 ] ] ] } },
{ "type": "Feature", "properties": { "label": 0, "month": "12", "year": "2024" }, "geometry": { "type": "Polygon", "coordinates": [ [ [ 905271.023252699756995, 2165248.469252321403474 ], [ 905251.304332086467184, 2166533.982474388089031 ], [ 903972.956657732604071, 2166514.484059788752347 ], [ 903992.644593831617385, 2165228.986561088357121 ], [ 905271.023252699756995, 2165248.469252321403474 ] ] ] } },
{ "type": "Feature", "properties": { "label": 0, "month": "12", "year": "2024" }, "geometry": { "type": "Polygon", "coordinates": [ [ [ 611955.301494931685738, 2373769.437029345426708 ], [ 611941.83431726123672, 2375058.5068144868128 ], [ 610671.625416814233176, 2375045.118682864587754 ], [ 610685.052461299230345, 2373756.053138827439398 ], [ 611955.301494931685738, 2373769.437029345426708 ] ] ] } },
{ "type": "Feature", "properties": { "label": 0, "month": "12", "year": "2024" }, "geometry": { "type": "Polygon", "coordinates": [ [ [ 446395.20920557458885, 2442006.855757570825517 ], [ 446387.11697968817316, 2443298.06209039548412 ], [ 445119.223693589214236, 2443289.681928715668619 ], [ 445127.272756320075132, 2441998.473587308544666 ], [ 446395.20920557458885, 2442006.855757570825517 ] ] ] } },
{ "type": "Feature", "properties": { "label": 0, "month": "12", "year": "2024" }, "geometry": { "type": "Polygon", "coordinates": [ [ [ 443931.536106762068812, 2430371.20967575116083 ], [ 443923.50031298212707, 2431662.026503178291023 ], [ 442655.214890994131565, 2431653.707797909155488 ], [ 442663.208062789868563, 2430362.888865048065782 ], [ 443931.536106762068812, 2430371.20967575116083 ] ] ] } },
{ "type": "Feature", "properties": { "label": 0, "month": "12", "year": "2024" }, "geometry": { "type": "Polygon", "coordinates": [ [ [ 792101.489508984028362, 2309001.360459534917027 ], [ 792083.015292168245651, 2310289.498708755709231 ], [ 790809.721513197058812, 2310271.342283695470542 ], [ 790828.158380533917807, 2308983.215191489085555 ], [ 792101.489508984028362, 2309001.360459534917027 ] ] ] } },
{ "type": "Feature", "properties": { "label": 0, "month": "12", "year": "2024" }, "geometry": { "type": "Polygon", "coordinates": [ [ [ 785734.946019777096808, 2308910.988980930298567 ], [ 785716.658527903957292, 2310199.07193289231509 ], [ 784443.420554341748357, 2310181.093170966021717 ], [ 784461.670707944547758, 2308893.021132111083716 ], [ 785734.946019777096808, 2308910.988980930298567 ] ] ] } },
{ "type": "Feature", "properties": { "label": 0, "month": "12", "year": "2024" }, "geometry": { "type": "Polygon", "coordinates": [ [ [ 604174.867927955230698, 2389160.932120136450976 ], [ 604161.590716406353749, 2390450.468234988860786 ], [ 602891.890326230670325, 2390437.259384553879499 ], [ 602905.126703344285488, 2389147.727210123557597 ], [ 604174.867927955230698, 2389160.932120136450976 ] ] ] } },
{ "type": "Feature", "properties": { "label": 0, "month": "12", "year": "2024" }, "geometry": { "type": "Polygon", "coordinates": [ [ [ 779602.873501377063803, 2292080.48135930346325 ], [ 779584.932096259202808, 2293368.032927913125604 ], [ 778311.267949035507627, 2293350.37063534045592 ], [ 778329.172788818832487, 2292062.829763187095523 ], [ 779602.873501377063803, 2292080.48135930346325 ] ] ] } },
{ "type": "Feature", "properties": { "label": 0, "month": "12", "year": "2024" }, "geometry": { "type": "Polygon", "coordinates": [ [ [ 751308.350871001137421, 2312301.830690852832049 ], [ 751291.037789403810166, 2313589.747849964536726 ], [ 750018.190910531906411, 2313572.698710622265935 ], [ 750035.46653657045681, 2312284.791142595931888 ], [ 751308.350871001137421, 2312301.830690852832049 ] ] ] } },
{ "type": "Feature", "properties": { "label": 0, "month": "12", "year": "2024" }, "geometry": { "type": "Polygon", "coordinates": [ [ [ 833955.421096422243863, 2146220.973133531399071 ], [ 833937.636094975052401, 2147505.26464837603271 ], [ 832659.680718168616295, 2147487.633388817775995 ], [ 832677.435659438371658, 2146203.354837586171925 ], [ 833955.421096422243863, 2146220.973133531399071 ] ] ] } },
{ "type": "Feature", "properties": { "label": 0, "month": "12", "year": "2024" }, "geometry": { "type": "Polygon", "coordinates": [ [ [ 890028.010382671607658, 2158590.475994708016515 ], [ 890008.748006370617077, 2159875.653757103718817 ], [ 888730.435527888592333, 2159856.592874229419976 ], [ 888749.667233965243213, 2158571.430249074939638 ], [ 890028.010382671607658, 2158590.475994708016515 ] ] ] } },
{ "type": "Feature", "properties": { "label": 1, "month": "1", "year": "2024" }, "geometry": { "type": "Polygon", "coordinates": [ [ [ 429889.213255714450497, 2445774.859822600148618 ], [ 429881.694044781266712, 2447066.228318626061082 ], [ 428613.8889095261693, 2447058.378565866034478 ], [ 428621.364791655854788, 2445767.007442521862686 ], [ 429889.213255714450497, 2445774.859822600148618 ] ] ] } },
{ "type": "Feature", "properties": { "label": 1, "month": "1", "year": "2024" }, "geometry": { "type": "Polygon", "coordinates": [ [ [ 431134.382399171998259, 2449656.983020400628448 ], [ 431126.831678799877409, 2450948.48184892302379 ], [ 429859.160408482188359, 2450940.59950108313933 ], [ 429866.667618938605301, 2449649.098093711771071 ], [ 431134.382399171998259, 2449656.983020400628448 ] ] ] } },
{ "type": "Feature", "properties": { "label": 1, "month": "1", "year": "2024" }, "geometry": { "type": "Polygon", "coordinates": [ [ [ 432432.509440011461265, 2444499.36622974043712 ], [ 432424.899692535516806, 2445790.685437982901931 ], [ 431157.058205577428453, 2445782.752487499266863 ], [ 431164.624682097695768, 2444491.430746952537447 ], [ 432432.509440011461265, 2444499.36622974043712 ] ] ] } },
{ "type": "Feature", "properties": { "label": 1, "month": "1", "year": "2024" }, "geometry": { "type": "Polygon", "coordinates": [ [ [ 434952.879946029628627, 2447098.030662009958178 ], [ 434945.191167092008982, 2448389.433365807402879 ], [ 433677.443178278743289, 2448381.424715077038854 ], [ 433685.088564116798807, 2447090.019574752543122 ], [ 434952.879946029628627, 2447098.030662009958178 ] ] ] } },
{ "type": "Feature", "properties": { "label": 1, "month": "1", "year": "2024" }, "geometry": { "type": "Polygon", "coordinates": [ [ [ 434937.506148251879495, 2449680.880374420434237 ], [ 434929.824891676194966, 2450972.37175202043727 ], [ 433662.16386912757298, 2450964.367973613552749 ], [ 433669.801612556446344, 2449672.874159970786422 ], [ 434937.506148251879495, 2449680.880374420434237 ] ] ] } },
{ "type": "Feature", "properties": { "label": 1, "month": "1", "year": "2024" }, "geometry": { "type": "Polygon", "coordinates": [ [ [ 434929.824891676194966, 2450972.37175202043727 ], [ 434922.147399538429454, 2452263.907562816049904 ], [ 433654.529950180964079, 2452255.906220182776451 ], [ 433662.16386912757298, 2450964.367973613552749 ], [ 434929.824891676194966, 2450972.37175202043727 ] ] ] } },
{ "type": "Feature", "properties": { "label": 1, "month": "1", "year": "2024" }, "geometry": { "type": "Polygon", "coordinates": [ [ [ 436274.896651192510035, 2438067.515037487726659 ], [ 436267.138637743308209, 2439358.607011481653899 ], [ 434999.091460311319679, 2439350.541250301990658 ], [ 435006.806499263853766, 2438059.446885773912072 ], [ 436274.896651192510035, 2438067.515037487726659 ] ] ] } },
{ "type": "Feature", "properties": { "label": 1, "month": "1", "year": "2024" }, "geometry": { "type": "Polygon", "coordinates": [ [ [ 436228.403888868866488, 2445814.726010859478265 ], [ 436220.668017816147767, 2447106.082084854599088 ], [ 434952.879946029628627, 2447098.030662009958178 ], [ 434960.572482893476263, 2445806.672198873013258 ], [ 436228.403888868866488, 2445814.726010859478265 ] ] ] } },
{ "type": "Feature", "properties": { "label": 1, "month": "1", "year": "2024" }, "geometry": { "type": "Polygon", "coordinates": [ [ [ 436189.761534422112163, 2452271.949431475251913 ], [ 436182.044174554524943, 2453563.5273517225869 ], [ 434914.473674007866066, 2453555.487871019169688 ], [ 434922.147399538429454, 2452263.907562816049904 ], [ 436189.761534422112163, 2452271.949431475251913 ] ] ] } },
{ "type": "Feature", "properties": { "label": 1, "month": "1", "year": "2024" }, "geometry": { "type": "Polygon", "coordinates": [ [ [ 436182.044174554524943, 2453563.5273517225869 ], [ 436174.330523396842182, 2454855.149833886884153 ], [ 434906.803717260248959, 2454847.112740886863321 ], [ 434914.473674007866066, 2453555.487871019169688 ], [ 436182.044174554524943, 2453563.5273517225869 ] ] ] } },
{ "type": "Feature", "properties": { "label": 1, "month": "1", "year": "2024" }, "geometry": { "type": "Polygon", "coordinates": [ [ [ 437496.232037090230733, 2445822.820111604873091 ], [ 437488.452830755093601, 2447114.173844086937606 ], [ 436220.668017816147767, 2447106.082084854599088 ], [ 436228.403888868866488, 2445814.726010859478265 ], [ 437496.232037090230733, 2445822.820111604873091 ] ] ] } },
{ "type": "Feature", "properties": { "label": 1, "month": "1", "year": "2024" }, "geometry": { "type": "Polygon", "coordinates": [ [ [ 437488.452830755093601, 2447114.173844086937606 ], [ 437480.677262349403463, 2448405.571817703545094 ], [ 436212.935844689840451, 2448397.482399748638272 ], [ 436220.668017816147767, 2447106.082084854599088 ], [ 437488.452830755093601, 2447114.173844086937606 ] ] ] } },
{ "type": "Feature", "properties": { "label": 1, "month": "1", "year": "2024" }, "geometry": { "type": "Polygon", "coordinates": [ [ [ 437449.611410800076555, 2453571.607406848110259 ], [ 437441.854064140236005, 2454863.227548875380307 ], [ 436174.330523396842182, 2454855.149833886884153 ], [ 436182.044174554524943, 2453563.5273517225869 ], [ 437449.611410800076555, 2453571.607406848110259 ] ] ] } },
{ "type": "Feature", "properties": { "label": 1, "month": "1", "year": "2024" }, "geometry": { "type": "Polygon", "coordinates": [ [ [ 438803.223287045140751, 2439374.858686034567654 ], [ 438795.382886519306339, 2440665.989879084285349 ], [ 437527.385198960197158, 2440657.846311119850725 ], [ 437535.182562884408981, 2439366.71282312553376 ], [ 438803.223287045140751, 2439374.858686034567654 ] ] ] } },
{ "type": "Feature", "properties": { "label": 1, "month": "1", "year": "2024" }, "geometry": { "type": "Polygon", "coordinates": [ [ [ 438764.056978842359968, 2445830.954501912463456 ], [ 438756.234436132537667, 2447122.305940518155694 ], [ 437488.452830755093601, 2447114.173844086937606 ], [ 437496.232037090230733, 2445822.820111604873091 ], [ 438764.056978842359968, 2445830.954501912463456 ] ] ] } },
{ "type": "Feature", "properties": { "label": 1, "month": "1", "year": "2024" }, "geometry": { "type": "Polygon", "coordinates": [ [ [ 438756.234436132537667, 2447122.305940518155694 ], [ 438748.415471350133885, 2448413.701620483305305 ], [ 437480.677262349403463, 2448405.571817703545094 ], [ 437488.452830755093601, 2447114.173844086937606 ], [ 438756.234436132537667, 2447122.305940518155694 ] ] ] } },
{ "type": "Feature", "properties": { "label": 1, "month": "1", "year": "2024" }, "geometry": { "type": "Polygon", "coordinates": [ [ [ 438717.175434002070688, 2453579.728037180379033 ], [ 438709.374390743847471, 2454871.34588664630428 ], [ 437441.854064140236005, 2454863.227548875380307 ], [ 437449.611410800076555, 2453571.607406848110259 ], [ 438717.175434002070688, 2453579.728037180379033 ] ] ] } },
{ "type": "Feature", "properties": { "label": 1, "month": "1", "year": "2024" }, "geometry": { "type": "Polygon", "coordinates": [ [ [ 438709.374390743847471, 2454871.34588664630428 ], [ 438701.576938174606767, 2456163.008362768217921 ], [ 437434.100368257728405, 2456154.892317329999059 ], [ 437441.854064140236005, 2454863.227548875380307 ], [ 438709.374390743847471, 2454871.34588664630428 ] ] ] } },
{ "type": "Feature", "properties": { "label": 1, "month": "1", "year": "2024" }, "geometry": { "type": "Polygon", "coordinates": [ [ [ 440071.260861537768506, 2439383.044601024594158 ], [ 440063.377423307625577, 2440674.173546807840466 ], [ 438795.382886519306339, 2440665.989879084285349 ], [ 438803.223287045140751, 2439374.858686034567654 ], [ 440071.260861537768506, 2439383.044601024594158 ] ] ] } },
{ "type": "Feature", "properties": { "label": 1, "month": "1", "year": "2024" }, "geometry": { "type": "Polygon", "coordinates": [ [ [ 440063.377423307625577, 2440674.173546807840466 ], [ 440055.497492474329192, 2441965.346413836814463 ], [ 438787.546053316676989, 2441957.164993177168071 ], [ 438795.382886519306339, 2440665.989879084285349 ], [ 440063.377423307625577, 2440674.173546807840466 ] ] ] } },
{ "type": "Feature", "properties": { "label": 1, "month": "1", "year": "2024" }, "geometry": { "type": "Polygon", "coordinates": [ [ [ 439984.736295412410982, 2453587.88924353569746 ], [ 439976.891554458008613, 2454879.504848017822951 ], [ 438709.374390743847471, 2454871.34588664630428 ], [ 438717.175434002070688, 2453579.728037180379033 ], [ 439984.736295412410982, 2453587.88924353569746 ] ] ] } },
{ "type": "Feature", "properties": { "label": 1, "month": "1", "year": "2024" }, "geometry": { "type": "Polygon", "coordinates": [ [ [ 439976.891554458008613, 2454879.504848017822951 ], [ 439969.050344104587566, 2456171.165079372003675 ], [ 438701.576938174606767, 2456163.008362768217921 ], [ 438709.374390743847471, 2454871.34588664630428 ], [ 439976.891554458008613, 2454879.504848017822951 ] ] ] } },
{ "type": "Feature", "properties": { "label": 1, "month": "1", "year": "2024" }, "geometry": { "type": "Polygon", "coordinates": [ [ [ 439969.050344104587566, 2456171.165079372003675 ], [ 439961.212666467123199, 2457462.870001900009811 ], [ 438693.783078427833971, 2457454.715529854875058 ], [ 438701.576938174606767, 2456163.008362768217921 ], [ 439969.050344104587566, 2456171.165079372003675 ] ] ] } },
{ "type": "Feature", "properties": { "label": 1, "month": "1", "year": "2024" }, "geometry": { "type": "Polygon", "coordinates": [ [ [ 441339.295337666291744, 2439391.270568924956024 ], [ 441331.368860625079833, 2440682.397315116599202 ], [ 440063.377423307625577, 2440674.173546807840466 ], [ 440071.260861537768506, 2439383.044601024594158 ], [ 441339.295337666291744, 2439391.270568924956024 ] ] ] } },
{ "type": "Feature", "properties": { "label": 1, "month": "1", "year": "2024" }, "geometry": { "type": "Polygon", "coordinates": [ [ [ 441331.368860625079833, 2440682.397315116599202 ], [ 441323.445831054472364, 2441973.56798274256289 ], [ 440055.497492474329192, 2441965.346413836814463 ], [ 440063.377423307625577, 2440674.173546807840466 ], [ 441331.368860625079833, 2440682.397315116599202 ] ] ] } },
{ "type": "Feature", "properties": { "label": 1, "month": "1", "year": "2024" }, "geometry": { "type": "Polygon", "coordinates": [ [ [ 441236.520637287874706, 2456179.362467946484685 ], [ 441228.639140655635856, 2457471.065193471964449 ], [ 439961.212666467123199, 2457462.870001900009811 ], [ 439969.050344104587566, 2456171.165079372003675 ], [ 441236.520637287874706, 2456179.362467946484685 ] ] ] } },
{ "type": "Feature", "properties": { "label": 1, "month": "1", "year": "2024" }, "geometry": { "type": "Polygon", "coordinates": [ [ [ 442607.326766742102336, 2439399.536590564064682 ], [ 442599.35724977630889, 2440690.661184842698276 ], [ 441331.368860625079833, 2440682.397315116599202 ], [ 441339.295337666291744, 2439391.270568924956024 ], [ 442607.326766742102336, 2439399.536590564064682 ] ] ] } },
{ "type": "Feature", "properties": { "label": 1, "month": "1", "year": "2024" }, "geometry": { "type": "Polygon", "coordinates": [ [ [ 442599.35724977630889, 2440690.661184842698276 ], [ 442591.391120357788168, 2441981.829700737725943 ], [ 441323.445831054472364, 2441973.56798274256289 ], [ 441331.368860625079833, 2440682.397315116599202 ], [ 442599.35724977630889, 2440690.661184842698276 ] ] ] } },
{ "type": "Feature", "properties": { "label": 1, "month": "1", "year": "2024" }, "geometry": { "type": "Polygon", "coordinates": [ [ [ 442591.391120357788168, 2441981.829700737725943 ], [ 442583.428380561235826, 2443273.042202271986753 ], [ 441315.526251047383994, 2443264.782635822426528 ], [ 441323.445831054472364, 2441973.56798274256289 ], [ 442591.391120357788168, 2441981.829700737725943 ] ] ] } },
{ "type": "Feature", "properties": { "label": 1, "month": "1", "year": "2024" }, "geometry": { "type": "Polygon", "coordinates": [ [ [ 442567.5130781395128, 2445855.599418400786817 ], [ 442559.560519668681081, 2447146.944261169526726 ], [ 441291.788229307392612, 2447138.691148241516203 ], [ 441299.697448083607014, 2445847.344154489692301 ], [ 442567.5130781395128, 2445855.599418400786817 ] ] ] } },
{ "type": "Feature", "properties": { "label": 1, "month": "1", "year": "2024" }, "geometry": { "type": "Polygon", "coordinates": [ [ [ 442527.784285893081687, 2452312.766693308018148 ], [ 442519.84873788326513, 2453604.333387570921332 ], [ 441252.294046287541278, 2453596.091026729438454 ], [ 441260.18595445738174, 2452304.52218242874369 ], [ 442527.784285893081687, 2452312.766693308018148 ] ] ] } },
{ "type": "Feature", "properties": { "label": 1, "month": "1", "year": "2024" }, "geometry": { "type": "Polygon", "coordinates": [ [ [ 443907.438667174370494, 2434243.790645349305123 ], [ 443899.412819253280759, 2435534.738087754230946 ], [ 442631.255622197408229, 2435526.425697781611234 ], [ 442639.238668629084714, 2434235.476150453556329 ], [ 443907.438667174370494, 2434243.790645349305123 ] ] ] } },
{ "type": "Feature", "properties": { "label": 1, "month": "1", "year": "2024" }, "geometry": { "type": "Polygon", "coordinates": [ [ [ 443899.412819253280759, 2435534.738087754230946 ], [ 443891.390290726034436, 2436825.729196186643094 ], [ 442623.275955025863368, 2436817.418910978827626 ], [ 442631.255622197408229, 2435526.425697781611234 ], [ 443899.412819253280759, 2435534.738087754230946 ] ] ] } },
{ "type": "Feature", "properties": { "label": 1, "month": "1", "year": "2024" }, "geometry": { "type": "Polygon", "coordinates": [ [ [ 443891.390290726034436, 2436825.729196186643094 ], [ 443883.371083647420164, 2438116.764034553430974 ], [ 442615.299669181869831, 2438108.455853925552219 ], [ 442623.275955025863368, 2436817.418910978827626 ], [ 443891.390290726034436, 2436825.729196186643094 ] ] ] } },
{ "type": "Feature", "properties": { "label": 1, "month": "1", "year": "2024" }, "geometry": { "type": "Polygon", "coordinates": [ [ [ 443835.325706865056418, 2445863.894975168630481 ], [ 443827.329807580448687, 2447155.237714579328895 ], [ 442559.560519668681081, 2447146.944261169526726 ], [ 442567.5130781395128, 2445855.599418400786817 ], [ 443835.325706865056418, 2445863.894975168630481 ] ] ] } },
{ "type": "Feature", "properties": { "label": 1, "month": "1", "year": "2024" }, "geometry": { "type": "Polygon", "coordinates": [ [ [ 443811.348024870909285, 2449738.055983916856349 ], [ 443803.362145580584183, 2451029.531642173882574 ], [ 442535.723240159044508, 2451021.244497753214091 ], [ 442543.665598598076031, 2449729.766736675985157 ], [ 443811.348024870909285, 2449738.055983916856349 ] ] ] } },
{ "type": "Feature", "properties": { "label": 1, "month": "1", "year": "2024" }, "geometry": { "type": "Polygon", "coordinates": [ [ [ 445191.782797273830511, 2431670.384977614507079 ], [ 445183.707633801037446, 2432961.243222011718899 ], [ 443915.467832435795572, 2432952.886805112939328 ], [ 443923.50031298212707, 2431662.026503178291023 ], [ 445191.782797273830511, 2431670.384977614507079 ] ] ] } },
{ "type": "Feature", "properties": { "label": 1, "month": "1", "year": "2024" }, "geometry": { "type": "Polygon", "coordinates": [ [ [ 445159.501684232614934, 2436834.079441434238106 ], [ 445151.439554794807918, 2438125.112222908530384 ], [ 443883.371083647420164, 2438116.764034553430974 ], [ 443891.390290726034436, 2436825.729196186643094 ], [ 445159.501684232614934, 2436834.079441434238106 ] ] ] } },
{ "type": "Feature", "properties": { "label": 1, "month": "1", "year": "2024" }, "geometry": { "type": "Polygon", "coordinates": [ [ [ 445119.223693589214236, 2443289.681928715668619 ], [ 445111.177902647294104, 2444580.934320136439055 ], [ 443843.324942018429283, 2444572.59641377069056 ], [ 443851.327510978502687, 2443281.341966285835952 ], [ 445119.223693589214236, 2443289.681928715668619 ] ] ] } },
{ "type": "Feature", "properties": { "label": 1, "month": "1", "year": "2024" }, "geometry": { "type": "Polygon", "coordinates": [ [ [ 445111.177902647294104, 2444580.934320136439055 ], [ 445103.135385544970632, 2445872.230825634673238 ], [ 443835.325706865056418, 2445863.894975168630481 ], [ 443843.324942018429283, 2444572.59641377069056 ], [ 445111.177902647294104, 2444580.934320136439055 ] ] ] } },
{ "type": "Feature", "properties": { "label": 1, "month": "1", "year": "2024" }, "geometry": { "type": "Polygon", "coordinates": [ [ [ 445087.060181037755683, 2448454.95643528457731 ], [ 445079.027497734175995, 2449746.385667703580111 ], [ 443811.348024870909285, 2449738.055983916856349 ], [ 443819.337246227718424, 2448446.624696108046919 ], [ 445087.060181037755683, 2448454.95643528457731 ] ] ] } },
{ "type": "Feature", "properties": { "label": 1, "month": "1", "year": "2024" }, "geometry": { "type": "Polygon", "coordinates": [ [ [ 445079.027497734175995, 2449746.385667703580111 ], [ 445070.998096467286814, 2451037.859270744491369 ], [ 443803.362145580584183, 2451029.531642173882574 ], [ 443811.348024870909285, 2449738.055983916856349 ], [ 445079.027497734175995, 2449746.385667703580111 ] ] ] } },
{ "type": "Feature", "properties": { "label": 1, "month": "1", "year": "2024" }, "geometry": { "type": "Polygon", "coordinates": [ [ [ 446451.944547674327623, 2432969.639456667006016 ], [ 446443.829895758593921, 2434260.539229868445545 ], [ 445175.635725778294727, 2434252.145004876889288 ], [ 445183.707633801037446, 2432961.243222011718899 ], [ 446451.944547674327623, 2432969.639456667006016 ] ] ] } },
{ "type": "Feature", "properties": { "label": 1, "month": "1", "year": "2024" }, "geometry": { "type": "Polygon", "coordinates": [ [ [ 446419.505133940256201, 2438133.50041983788833 ], [ 446411.403284730447922, 2439424.574986286927015 ], [ 445143.380688969511539, 2439416.188798398710787 ], [ 445151.439554794807918, 2438125.112222908530384 ], [ 446419.505133940256201, 2438133.50041983788833 ] ] ] } },
{ "type": "Feature", "properties": { "label": 1, "month": "1", "year": "2024" }, "geometry": { "type": "Polygon", "coordinates": [ [ [ 447736.502824587747455, 2430396.410439872182906 ], [ 447728.339158105023671, 2431687.221237426158041 ], [ 446460.062395202927291, 2431678.783222081139684 ], [ 446468.18343631841708, 2430387.970462306402624 ], [ 447736.502824587747455, 2430396.410439872182906 ] ] ] } },
{ "type": "Feature", "properties": { "label": 1, "month": "1", "year": "2024" }, "geometry": { "type": "Polygon", "coordinates": [ [ [ 447728.339158105023671, 2431687.221237426158041 ], [ 447720.178625387547072, 2432978.07550992956385 ], [ 446451.944547674327623, 2432969.639456667006016 ], [ 446460.062395202927291, 2431678.783222081139684 ], [ 447728.339158105023671, 2431687.221237426158041 ] ] ] } },
{ "type": "Feature", "properties": { "label": 1, "month": "1", "year": "2024" }, "geometry": { "type": "Polygon", "coordinates": [ [ [ 447703.866969295893796, 2435559.914735075086355 ], [ 447695.715849940199405, 2436850.899815450422466 ], [ 446427.610186868463643, 2436842.469647570513189 ], [ 446435.718441482400522, 2435551.482605546712875 ], [ 447703.866969295893796, 2435559.914735075086355 ] ] ] } },
{ "type": "Feature", "properties": { "label": 1, "month": "1", "year": "2024" }, "geometry": { "type": "Polygon", "coordinates": [ [ [ 447679.423038670094684, 2439433.001231289003044 ], [ 447671.281350780162029, 2440724.11769465636462 ], [ 446403.304641267168336, 2440715.693410869687796 ], [ 446411.403284730447922, 2439424.574986286927015 ], [ 447679.423038670094684, 2439433.001231289003044 ] ] ] } },
{ "type": "Feature", "properties": { "label": 1, "month": "1", "year": "2024" }, "geometry": { "type": "Polygon", "coordinates": [ [ [ 447655.00742056715535, 2443306.482452183961868 ], [ 447646.875182277115528, 2444597.730874414555728 ], [ 446379.027965639426839, 2444589.31247339444235 ], [ 446387.11697968817316, 2443298.06209039548412 ], [ 447655.00742056715535, 2443306.482452183961868 ] ] ] } },
{ "type": "Feature", "properties": { "label": 1, "month": "1", "year": "2024" }, "geometry": { "type": "Polygon", "coordinates": [ [ [ 449029.456733031605836, 2426532.723704897798598 ], [ 449021.241230155865196, 2427823.402545385528356 ], [ 447752.839550831529777, 2427814.919014464598149 ], [ 447761.01260657684179, 2426524.238259105943143 ], [ 449029.456733031605836, 2426532.723704897798598 ] ] ] } },
{ "type": "Feature", "properties": { "label": 1, "month": "1", "year": "2024" }, "geometry": { "type": "Polygon", "coordinates": [ [ [ 449021.241230155865196, 2427823.402545385528356 ], [ 449013.028795248072129, 2429114.124669649638236 ], [ 447744.669622834422626, 2429105.643053470179439 ], [ 447752.839550831529777, 2427814.919014464598149 ], [ 449021.241230155865196, 2427823.402545385528356 ] ] ] } },
{ "type": "Feature", "properties": { "label": 1, "month": "1", "year": "2024" }, "geometry": { "type": "Polygon", "coordinates": [ [ [ 449013.028795248072129, 2429114.124669649638236 ], [ 449004.819430305447895, 2430404.890141448006034 ], [ 447736.502824587747455, 2430396.410439872182906 ], [ 447744.669622834422626, 2429105.643053470179439 ], [ 449013.028795248072129, 2429114.124669649638236 ] ] ] } },
{ "type": "Feature", "properties": { "label": 1, "month": "1", "year": "2024" }, "geometry": { "type": "Polygon", "coordinates": [ [ [ 449004.819430305447895, 2430404.890141448006034 ], [ 448996.613137315376662, 2431695.699024516157806 ], [ 447728.339158105023671, 2431687.221237426158041 ], [ 447736.502824587747455, 2430396.410439872182906 ], [ 449004.819430305447895, 2430404.890141448006034 ] ] ] } },
{ "type": "Feature", "properties": { "label": 1, "month": "1", "year": "2024" }, "geometry": { "type": "Polygon", "coordinates": [ [ [ 448865.731864559696987, 2452354.597228080965579 ], [ 448857.57810052332934, 2453646.153885891195387 ], [ 447590.037936531705782, 2453637.708624211605638 ], [ 447598.148055103723891, 2452346.150054266676307 ], [ 448865.731864559696987, 2452354.597228080965579 ] ] ] } },
{ "type": "Feature", "properties": { "label": 1, "month": "1", "year": "2024" }, "geometry": { "type": "Polygon", "coordinates": [ [ [ 450297.898131703608669, 2426541.248732303734869 ], [ 450289.640180550341029, 2427831.925705684814602 ], [ 449021.241230155865196, 2427823.402545385528356 ], [ 449029.456733031605836, 2426532.723704897798598 ], [ 450297.898131703608669, 2426541.248732303734869 ] ] ] } },
{ "type": "Feature", "properties": { "label": 1, "month": "1", "year": "2024" }, "geometry": { "type": "Polygon", "coordinates": [ [ [ 450289.640180550341029, 2427831.925705684814602 ], [ 450281.385237592912745, 2429122.645962970796973 ], [ 449013.028795248072129, 2429114.124669649638236 ], [ 449021.241230155865196, 2427823.402545385528356 ], [ 450289.640180550341029, 2427831.925705684814602 ] ] ] } },
{ "type": "Feature", "properties": { "label": 1, "month": "1", "year": "2024" }, "geometry": { "type": "Polygon", "coordinates": [ [ [ 450273.133304807415698, 2430413.409567890223116 ], [ 450264.884384166100062, 2431704.216584220994264 ], [ 448996.613137315376662, 2431695.699024516157806 ], [ 449004.819430305447895, 2430404.890141448006034 ], [ 450273.133304807415698, 2430413.409567890223116 ] ] ] } },
{ "type": "Feature", "properties": { "label": 1, "month": "1", "year": "2024" }, "geometry": { "type": "Polygon", "coordinates": [ [ [ 450174.345625412592199, 2445905.97718140296638 ], [ 450166.133005142153706, 2447197.310118433088064 ], [ 448898.377960306708701, 2447188.814949907828122 ], [ 448906.547234109079, 2445897.480147659312934 ], [ 450174.345625412592199, 2445905.97718140296638 ] ] ] } },
{ "type": "Feature", "properties": { "label": 1, "month": "1", "year": "2024" }, "geometry": { "type": "Polygon", "coordinates": [ [ [ 450149.716880414052866, 2449780.10878527816385 ], [ 450141.513379942276515, 2451071.574643443338573 ], [ 448873.888734563079197, 2451063.08506979746744 ], [ 448882.048708529036958, 2449771.617346807848662 ], [ 450149.716880414052866, 2449780.10878527816385 ] ] ] } },
{ "type": "Feature", "properties": { "label": 1, "month": "1", "year": "2024" }, "geometry": { "type": "Polygon", "coordinates": [ [ [ 451541.444499431876466, 2430421.96872009569779 ], [ 451533.152949996583629, 2431712.773917418904603 ], [ 450264.884384166100062, 2431704.216584220994264 ], [ 450273.133304807415698, 2430413.409567890223116 ], [ 451541.444499431876466, 2430421.96872009569779 ] ] ] } },
{ "type": "Feature", "properties": { "label": 1, "month": "1", "year": "2024" }, "geometry": { "type": "Polygon", "coordinates": [ [ [ 451533.152949996583629, 2431712.773917418904603 ], [ 451524.864354865043424, 2433003.622590044513345 ], [ 450256.638477655069437, 2432995.067075747065246 ], [ 450264.884384166100062, 2431704.216584220994264 ], [ 451533.152949996583629, 2431712.773917418904603 ] ] ] } },
{ "type": "Feature", "properties": { "label": 1, "month": "1", "year": "2024" }, "geometry": { "type": "Polygon", "coordinates": [ [ [ 451524.864354865043424, 2433003.622590044513345 ], [ 451516.578716003801674, 2434294.514801813289523 ], [ 450248.395587245759089, 2434285.961106291040778 ], [ 450256.638477655069437, 2432995.067075747065246 ], [ 451524.864354865043424, 2433003.622590044513345 ] ] ] } },
{ "type": "Feature", "properties": { "label": 1, "month": "1", "year": "2024" }, "geometry": { "type": "Polygon", "coordinates": [ [ [ 451508.296035377599765, 2435585.450616567395627 ], [ 451500.016314957290888, 2436876.430098177865148 ], [ 450231.918862670077942, 2436867.880039881449193 ], [ 450240.155714926309884, 2435576.898739712312818 ], [ 451508.296035377599765, 2435585.450616567395627 ] ] ] } },
{ "type": "Feature", "properties": { "label": 1, "month": "1", "year": "2024" }, "geometry": { "type": "Polygon", "coordinates": [ [ [ 451425.632365243858658, 2448497.220994984731078 ], [ 451417.382355219451711, 2449788.640664572361857 ], [ 450149.716880414052866, 2449780.10878527816385 ], [ 450157.923422810505144, 2448488.687298337463289 ], [ 451425.632365243858658, 2448497.220994984731078 ] ] ] } },
{ "type": "Feature", "properties": { "label": 1, "month": "1", "year": "2024" }, "geometry": { "type": "Polygon", "coordinates": [ [ [ 452784.759212763980031, 2434303.10836715111509 ], [ 452776.433722684625536, 2435594.042410943191499 ], [ 451508.296035377599765, 2435585.450616567395627 ], [ 451516.578716003801674, 2434294.514801813289523 ], [ 452784.759212763980031, 2434303.10836715111509 ] ] ] } },
{ "type": "Feature", "properties": { "label": 1, "month": "1", "year": "2024" }, "geometry": { "type": "Polygon", "coordinates": [ [ [ 452768.111132940917742, 2436885.020121701061726 ], [ 452759.791445489332546, 2438176.041563330218196 ], [ 451491.739556704415008, 2438167.453310559503734 ], [ 451500.016314957290888, 2436876.430098177865148 ], [ 452768.111132940917742, 2436885.020121701061726 ] ] ] } },
{ "type": "Feature", "properties": { "label": 1, "month": "1", "year": "2024" }, "geometry": { "type": "Polygon", "coordinates": [ [ [ 452759.791445489332546, 2438176.041563330218196 ], [ 452751.474662281980272, 2439467.106799777131528 ], [ 451483.465762591804378, 2439458.520317642949522 ], [ 451491.739556704415008, 2438167.453310559503734 ], [ 452759.791445489332546, 2438176.041563330218196 ] ] ] } },
{ "type": "Feature", "properties": { "label": 1, "month": "1", "year": "2024" }, "geometry": { "type": "Polygon", "coordinates": [ [ [ 452751.474662281980272, 2439467.106799777131528 ], [ 452743.16078527708305, 2440758.215894990600646 ], [ 451475.194934588158503, 2440749.631183383055031 ], [ 451483.465762591804378, 2439458.520317642949522 ], [ 452751.474662281980272, 2439467.106799777131528 ] ] ] } },
{ "type": "Feature", "properties": { "label": 1, "month": "1", "year": "2024" }, "geometry": { "type": "Polygon", "coordinates": [ [ [ 452743.16078527708305, 2440758.215894990600646 ], [ 452734.849816423491575, 2442049.368912954349071 ], [ 451466.927074660430662, 2442040.785971770994365 ], [ 451475.194934588158503, 2440749.631183383055031 ], [ 452743.16078527708305, 2440758.215894990600646 ] ] ] } },
{ "type": "Feature", "properties": { "label": 1, "month": "1", "year": "2024" }, "geometry": { "type": "Polygon", "coordinates": [ [ [ 452734.849816423491575, 2442049.368912954349071 ], [ 452726.541757684026379, 2443340.565917693078518 ], [ 451458.662184784479905, 2443331.984746827743948 ], [ 451466.927074660430662, 2442040.785971770994365 ], [ 452734.849816423491575, 2442049.368912954349071 ] ] ] } },
{ "type": "Feature", "properties": { "label": 1, "month": "1", "year": "2024" }, "geometry": { "type": "Polygon", "coordinates": [ [ [ 452709.934378372330684, 2445923.092143705580384 ], [ 452701.635061717533972, 2447214.421493160072714 ], [ 451433.885355184844229, 2447205.845632559154183 ], [ 451442.141323074931279, 2445914.514513131696731 ], [ 452709.934378372330684, 2445923.092143705580384 ] ] ] } },
{ "type": "Feature", "properties": { "label": 1, "month": "1", "year": "2024" }, "geometry": { "type": "Polygon", "coordinates": [ [ [ 452693.338663008995354, 2448505.795085723046213 ], [ 452685.045184211921878, 2449797.212985564954579 ], [ 451417.382355219451711, 2449788.640664572361857 ], [ 451425.632365243858658, 2448497.220994984731078 ], [ 452693.338663008995354, 2448505.795085723046213 ] ] ] } },
{ "type": "Feature", "properties": { "label": 1, "month": "1", "year": "2024" }, "geometry": { "type": "Polygon", "coordinates": [ [ [ 452685.045184211921878, 2449797.212985564954579 ], [ 452676.754627284302842, 2451088.675256857182831 ], [ 451409.135327096097171, 2451080.1047055083327 ], [ 451417.382355219451711, 2449788.640664572361857 ], [ 452685.045184211921878, 2449797.212985564954579 ] ] ] } },
{ "type": "Feature", "properties": { "label": 1, "month": "1", "year": "2024" }, "geometry": { "type": "Polygon", "coordinates": [ [ [ 452668.466994190646801, 2452380.181963836308569 ], [ 452660.182286893599667, 2453671.733170708175749 ], [ 451392.650224452430848, 2453663.166158276144415 ], [ 451400.891282845870592, 2452371.613181994762272 ], [ 452668.466994190646801, 2452380.181963836308569 ] ] ] } },
{ "type": "Feature", "properties": { "label": 1, "month": "1", "year": "2024" }, "geometry": { "type": "Polygon", "coordinates": [ [ [ 454044.56882815802237, 2435602.674123726319522 ], [ 454036.203367938171141, 2436893.650111334398389 ], [ 452768.111132940917742, 2436885.020121701061726 ], [ 452776.433722684625536, 2435594.042410943191499 ], [ 454044.56882815802237, 2435602.674123726319522 ] ] ] } },
{ "type": "Feature", "properties": { "label": 1, "month": "1", "year": "2024" }, "geometry": { "type": "Polygon", "coordinates": [ [ [ 454036.203367938171141, 2436893.650111334398389 ], [ 454027.840750130009837, 2438184.669829916208982 ], [ 452759.791445489332546, 2438176.041563330218196 ], [ 452768.111132940917742, 2436885.020121701061726 ], [ 454036.203367938171141, 2436893.650111334398389 ] ] ] } },
{ "type": "Feature", "properties": { "label": 1, "month": "1", "year": "2024" }, "geometry": { "type": "Polygon", "coordinates": [ [ [ 454027.840750130009837, 2438184.669829916208982 ], [ 454019.480976672610268, 2439475.733343390747905 ], [ 452751.474662281980272, 2439467.106799777131528 ], [ 452759.791445489332546, 2438176.041563330218196 ], [ 454027.840750130009837, 2438184.669829916208982 ] ] ] } },
{ "type": "Feature", "properties": { "label": 1, "month": "1", "year": "2024" }, "geometry": { "type": "Polygon", "coordinates": [ [ [ 454019.480976672610268, 2439475.733343390747905 ], [ 454011.124049506266601, 2440766.840715741738677 ], [ 452743.16078527708305, 2440758.215894990600646 ], [ 452751.474662281980272, 2439467.106799777131528 ], [ 454019.480976672610268, 2439475.733343390747905 ] ] ] } },
{ "type": "Feature", "properties": { "label": 1, "month": "1", "year": "2024" }, "geometry": { "type": "Polygon", "coordinates": [ [ [ 454011.124049506266601, 2440766.840715741738677 ], [ 454002.769970571855083, 2442057.992010950110853 ], [ 452734.849816423491575, 2442049.368912954349071 ], [ 452743.16078527708305, 2440758.215894990600646 ], [ 454011.124049506266601, 2440766.840715741738677 ] ] ] } },
{ "type": "Feature", "properties": { "label": 1, "month": "1", "year": "2024" }, "geometry": { "type": "Polygon", "coordinates": [ [ [ 454002.769970571855083, 2442057.992010950110853 ], [ 453994.418741814093664, 2443349.187293025199324 ], [ 452726.541757684026379, 2443340.565917693078518 ], [ 452734.849816423491575, 2442049.368912954349071 ], [ 454002.769970571855083, 2442057.992010950110853 ] ] ] } },
{ "type": "Feature", "properties": { "label": 1, "month": "1", "year": "2024" }, "geometry": { "type": "Polygon", "coordinates": [ [ [ 453977.724842588359024, 2445931.710074021480978 ], [ 453969.382176009123214, 2447223.037701120134443 ], [ 452701.635061717533972, 2447214.421493160072714 ], [ 452709.934378372330684, 2445923.092143705580384 ], [ 453977.724842588359024, 2445931.710074021480978 ] ] ] } },
{ "type": "Feature", "properties": { "label": 1, "month": "1", "year": "2024" }, "geometry": { "type": "Polygon", "coordinates": [ [ [ 453969.382176009123214, 2447223.037701120134443 ], [ 453961.042367381451186, 2448514.409571437165141 ], [ 452693.338663008995354, 2448505.795085723046213 ], [ 452701.635061717533972, 2447214.421493160072714 ], [ 453969.382176009123214, 2447223.037701120134443 ] ] ] } },
{ "type": "Feature", "properties": { "label": 1, "month": "1", "year": "2024" }, "geometry": { "type": "Polygon", "coordinates": [ [ [ 453961.042367381451186, 2448514.409571437165141 ], [ 453952.705418652156368, 2449805.825749130919576 ], [ 452685.045184211921878, 2449797.212985564954579 ], [ 452693.338663008995354, 2448505.795085723046213 ], [ 453961.042367381451186, 2448514.409571437165141 ] ] ] } },
{ "type": "Feature", "properties": { "label": 1, "month": "1", "year": "2024" }, "geometry": { "type": "Polygon", "coordinates": [ [ [ 453952.705418652156368, 2449805.825749130919576 ], [ 453944.371331766364165, 2451097.286298390477896 ], [ 452676.754627284302842, 2451088.675256857182831 ], [ 452685.045184211921878, 2449797.212985564954579 ], [ 453952.705418652156368, 2449805.825749130919576 ] ] ] } },
{ "type": "Feature", "properties": { "label": 1, "month": "1", "year": "2024" }, "geometry": { "type": "Polygon", "coordinates": [ [ [ 453944.371331766364165, 2451097.286298390477896 ], [ 453936.04010867269244, 2452388.79128341935575 ], [ 452668.466994190646801, 2452380.181963836308569 ], [ 452676.754627284302842, 2451088.675256857182831 ], [ 453944.371331766364165, 2451097.286298390477896 ] ] ] } },
{ "type": "Feature", "properties": { "label": 1, "month": "1", "year": "2024" }, "geometry": { "type": "Polygon", "coordinates": [ [ [ 455321.112515588058159, 2434320.415110838599503 ], [ 455312.701403118611779, 2435611.345755830872804 ], [ 454044.56882815802237, 2435602.674123726319522 ], [ 454052.937128851306625, 2434311.74180319532752 ], [ 455321.112515588058159, 2434320.415110838599503 ] ] ] } },
{ "type": "Feature", "properties": { "label": 1, "month": "1", "year": "2024" }, "geometry": { "type": "Polygon", "coordinates": [ [ [ 455312.701403118611779, 2435611.345755830872804 ], [ 455304.29307125788182, 2436902.320067972876132 ], [ 454036.203367938171141, 2436893.650111334398389 ], [ 454044.56882815802237, 2435602.674123726319522 ], [ 455312.701403118611779, 2435611.345755830872804 ] ] ] } },
{ "type": "Feature", "properties": { "label": 1, "month": "1", "year": "2024" }, "geometry": { "type": "Polygon", "coordinates": [ [ [ 455295.887521931144875, 2438193.338111184071749 ], [ 455287.484757061989512, 2439484.399949381127954 ], [ 454019.480976672610268, 2439475.733343390747905 ], [ 454027.840750130009837, 2438184.669829916208982 ], [ 455295.887521931144875, 2438193.338111184071749 ] ] ] } },
{ "type": "Feature", "properties": { "label": 1, "month": "1", "year": "2024" }, "geometry": { "type": "Polygon", "coordinates": [ [ [ 455279.084778577554971, 2440775.505646534729749 ], [ 455270.687588398170192, 2442066.655266636516899 ], [ 454002.769970571855083, 2442057.992010950110853 ], [ 454011.124049506266601, 2440766.840715741738677 ], [ 455279.084778577554971, 2440775.505646534729749 ] ] ] } },
{ "type": "Feature", "properties": { "label": 1, "month": "1", "year": "2024" }, "geometry": { "type": "Polygon", "coordinates": [ [ [ 455270.687588398170192, 2442066.655266636516899 ], [ 455262.293188458075747, 2443357.848873714450747 ], [ 453994.418741814093664, 2443349.187293025199324 ], [ 454002.769970571855083, 2442057.992010950110853 ], [ 455270.687588398170192, 2442066.655266636516899 ] ] ] } },
{ "type": "Feature", "properties": { "label": 1, "month": "1", "year": "2024" }, "geometry": { "type": "Polygon", "coordinates": [ [ [ 455262.293188458075747, 2443357.848873714450747 ], [ 455253.901580681966152, 2444649.086531792767346 ], [ 453986.070365170831792, 2444640.426626035477966 ], [ 453994.418741814093664, 2443349.187293025199324 ], [ 455262.293188458075747, 2443357.848873714450747 ] ] ] } },
{ "type": "Feature", "properties": { "label": 1, "month": "1", "year": "2024" }, "geometry": { "type": "Polygon", "coordinates": [ [ [ 455237.126749336079229, 2447231.694257332012057 ], [ 455228.743529628263786, 2448523.064453002996743 ], [ 453961.042367381451186, 2448514.409571437165141 ], [ 453969.382176009123214, 2447223.037701120134443 ], [ 455237.126749336079229, 2447231.694257332012057 ] ] ] } },
{ "type": "Feature", "properties": { "label": 1, "month": "1", "year": "2024" }, "geometry": { "type": "Polygon", "coordinates": [ [ [ 455220.3631098032929, 2449814.478956160601228 ], [ 455211.985491798433941, 2451105.937830973882228 ], [ 453944.371331766364165, 2451097.286298390477896 ], [ 453952.705418652156368, 2449805.825749130919576 ], [ 455220.3631098032929, 2449814.478956160601228 ] ] ] } },
{ "type": "Feature", "properties": { "label": 1, "month": "1", "year": "2024" }, "geometry": { "type": "Polygon", "coordinates": [ [ [ 456547.043023782083765, 2440784.210688270162791 ], [ 456538.602721197297797, 2442075.358680929988623 ], [ 455270.687588398170192, 2442066.655266636516899 ], [ 455279.084778577554971, 2440775.505646534729749 ], [ 456547.043023782083765, 2440784.210688270162791 ] ] ] } },
{ "type": "Feature", "properties": { "label": 1, "month": "1", "year": "2024" }, "geometry": { "type": "Polygon", "coordinates": [ [ [ 456538.602721197297797, 2442075.358680929988623 ], [ 456530.165148906584363, 2443366.550660637207329 ], [ 455262.293188458075747, 2443357.848873714450747 ], [ 455270.687588398170192, 2442066.655266636516899 ], [ 456538.602721197297797, 2442075.358680929988623 ] ] ] } },
{ "type": "Feature", "properties": { "label": 1, "month": "1", "year": "2024" }, "geometry": { "type": "Polygon", "coordinates": [ [ [ 456530.165148906584363, 2443366.550660637207329 ], [ 456521.730308829748537, 2444657.786691444460303 ], [ 455253.901580681966152, 2444649.086531792767346 ], [ 455262.293188458075747, 2443357.848873714450747 ], [ 456530.165148906584363, 2443366.550660637207329 ] ] ] } },
{ "type": "Feature", "properties": { "label": 1, "month": "1", "year": "2024" }, "geometry": { "type": "Polygon", "coordinates": [ [ [ 456513.298202879377641, 2445949.066837418824434 ], [ 456504.868832966429181, 2447240.391162678133696 ], [ 455237.126749336079229, 2447231.694257332012057 ], [ 455245.512766995641869, 2445940.368304969277233 ], [ 456513.298202879377641, 2445949.066837418824434 ] ] ] } },
{ "type": "Feature", "properties": { "label": 1, "month": "1", "year": "2024" }, "geometry": { "type": "Polygon", "coordinates": [ [ [ 456504.868832966429181, 2447240.391162678133696 ], [ 456496.442201013327576, 2448531.759731327183545 ], [ 455228.743529628263786, 2448523.064453002996743 ], [ 455237.126749336079229, 2447231.694257332012057 ], [ 456504.868832966429181, 2447240.391162678133696 ] ] ] } },
{ "type": "Feature", "properties": { "label": 1, "month": "1", "year": "2024" }, "geometry": { "type": "Polygon", "coordinates": [ [ [ 456496.442201013327576, 2448531.759731327183545 ], [ 456488.018308932892978, 2449823.172607541549951 ], [ 455220.3631098032929, 2449814.478956160601228 ], [ 455228.743529628263786, 2448523.064453002996743 ], [ 456496.442201013327576, 2448531.759731327183545 ] ] ] } },
{ "type": "Feature", "properties": { "label": 1, "month": "1", "year": "2024" }, "geometry": { "type": "Polygon", "coordinates": [ [ [ 456488.018308932892978, 2449823.172607541549951 ], [ 456479.59715864417376, 2451114.629855506122112 ], [ 455211.985491798433941, 2451105.937830973882228 ], [ 455220.3631098032929, 2449814.478956160601228 ], [ 456488.018308932892978, 2449823.172607541549951 ] ] ] } },
{ "type": "Feature", "properties": { "label": 1, "month": "1", "year": "2024" }, "geometry": { "type": "Polygon", "coordinates": [ [ [ 457814.998836423445027, 2440792.955841839313507 ], [ 457806.515420255658682, 2442084.102254722733051 ], [ 456538.602721197297797, 2442075.358680929988623 ], [ 456547.043023782083765, 2440784.210688270162791 ], [ 457814.998836423445027, 2440792.955841839313507 ] ] ] } },
{ "type": "Feature", "properties": { "label": 1, "month": "1", "year": "2024" }, "geometry": { "type": "Polygon", "coordinates": [ [ [ 457806.515420255658682, 2442084.102254722733051 ], [ 457798.03467444749549, 2443375.292654718738049 ], [ 456530.165148906584363, 2443366.550660637207329 ], [ 456538.602721197297797, 2442075.358680929988623 ], [ 457806.515420255658682, 2442084.102254722733051 ] ] ] } },
{ "type": "Feature", "properties": { "label": 1, "month": "1", "year": "2024" }, "geometry": { "type": "Polygon", "coordinates": [ [ [ 457798.03467444749549, 2443375.292654718738049 ], [ 457789.556600900308695, 2444666.527105886489153 ], [ 456521.730308829748537, 2444657.786691444460303 ], [ 456530.165148906584363, 2443366.550660637207329 ], [ 457798.03467444749549, 2443375.292654718738049 ] ] ] } },
{ "type": "Feature", "properties": { "label": 1, "month": "1", "year": "2024" }, "geometry": { "type": "Polygon", "coordinates": [ [ [ 457755.671067300543655, 2449831.906704181339592 ], [ 457747.206383556302171, 2451123.362372885923833 ], [ 456479.59715864417376, 2451114.629855506122112 ], [ 456488.018308932892978, 2449823.172607541549951 ], [ 457755.671067300543655, 2449831.906704181339592 ] ] ] } },
{ "type": "Feature", "properties": { "label": 1, "month": "1", "year": "2024" }, "geometry": { "type": "Polygon", "coordinates": [ [ [ 459082.952267797023524, 2440801.741108156740665 ], [ 459074.425736869859975, 2442092.885988913010806 ], [ 457806.515420255658682, 2442084.102254722733051 ], [ 457814.998836423445027, 2440792.955841839313507 ], [ 459082.952267797023524, 2440801.741108156740665 ] ] ] } },
{ "type": "Feature", "properties": { "label": 1, "month": "1", "year": "2024" }, "geometry": { "type": "Polygon", "coordinates": [ [ [ 459074.425736869859975, 2442092.885988913010806 ], [ 459065.901816367870197, 2443384.074856850318611 ], [ 457798.03467444749549, 2443375.292654718738049 ], [ 457806.515420255658682, 2442084.102254722733051 ], [ 459074.425736869859975, 2442092.885988913010806 ] ] ] } },
{ "type": "Feature", "properties": { "label": 1, "month": "1", "year": "2024" }, "geometry": { "type": "Polygon", "coordinates": [ [ [ 459065.901816367870197, 2443384.074856850318611 ], [ 459057.380508174246643, 2444675.307776020374149 ], [ 457789.556600900308695, 2444666.527105886489153 ], [ 457798.03467444749549, 2443375.292654718738049 ], [ 459065.901816367870197, 2443384.074856850318611 ] ] ] } },
{ "type": "Feature", "properties": { "label": 1, "month": "1", "year": "2024" }, "geometry": { "type": "Polygon", "coordinates": [ [ [ 459057.380508174246643, 2444675.307776020374149 ], [ 459048.861814170435537, 2445966.584810497704893 ], [ 457781.081201511260588, 2445957.805672298651189 ], [ 457789.556600900308695, 2444666.527105886489153 ], [ 459057.380508174246643, 2444675.307776020374149 ] ] ] } },
{ "type": "Feature", "properties": { "label": 1, "month": "1", "year": "2024" }, "geometry": { "type": "Polygon", "coordinates": [ [ [ 459040.345736244053114, 2447257.906024395953864 ], [ 459031.832276280852966, 2448549.271481830161065 ], [ 457764.138432808103971, 2448540.495407301932573 ], [ 457772.608478180889506, 2447249.128418059553951 ], [ 459040.345736244053114, 2447257.906024395953864 ] ] ] } },
{ "type": "Feature", "properties": { "label": 1, "month": "1", "year": "2024" }, "geometry": { "type": "Polygon", "coordinates": [ [ [ 459031.832276280852966, 2448549.271481830161065 ], [ 459023.321436167636421, 2449840.681246977765113 ], [ 457755.671067300543655, 2449831.906704181339592 ], [ 457764.138432808103971, 2448540.495407301932573 ], [ 459031.832276280852966, 2448549.271481830161065 ] ] ] } },
{ "type": "Feature", "properties": { "label": 1, "month": "1", "year": "2024" }, "geometry": { "type": "Polygon", "coordinates": [ [ [ 459023.321436167636421, 2449840.681246977765113 ], [ 459014.813217794813681, 2451132.135384012479335 ], [ 457747.206383556302171, 2451123.362372885923833 ], [ 457755.671067300543655, 2449831.906704181339592 ], [ 459023.321436167636421, 2449840.681246977765113 ] ] ] } },
{ "type": "Feature", "properties": { "label": 1, "month": "1", "year": "2024" }, "geometry": { "type": "Polygon", "coordinates": [ [ [ 459014.813217794813681, 2451132.135384012479335 ], [ 459006.307623048196547, 2452423.633957162965089 ], [ 457738.74438347958494, 2452414.862477631308138 ], [ 457747.206383556302171, 2451123.362372885923833 ], [ 459014.813217794813681, 2451132.135384012479335 ] ] ] } },
{ "type": "Feature", "properties": { "label": 1, "month": "1", "year": "2024" }, "geometry": { "type": "Polygon", "coordinates": [ [ [ 460333.766625954594929, 2443392.897267953958362 ], [ 460325.202081931638531, 2444684.128702762536705 ], [ 459057.380508174246643, 2444675.307776020374149 ], [ 459065.901816367870197, 2443384.074856850318611 ], [ 460333.766625954594929, 2443392.897267953958362 ] ] ] } },
{ "type": "Feature", "properties": { "label": 1, "month": "1", "year": "2024" }, "geometry": { "type": "Polygon", "coordinates": [ [ [ 460316.640092132904101, 2445975.404252934735268 ], [ 460308.080658430350013, 2447266.723982587456703 ], [ 459040.345736244053114, 2447257.906024395953864 ], [ 459048.861814170435537, 2445966.584810497704893 ], [ 460316.640092132904101, 2445975.404252934735268 ] ] ] } },
{ "type": "Feature", "properties": { "label": 1, "month": "1", "year": "2024" }, "geometry": { "type": "Polygon", "coordinates": [ [ [ 460308.080658430350013, 2447266.723982587456703 ], [ 460299.523782694130205, 2448558.087955832015723 ], [ 459031.832276280852966, 2448549.271481830161065 ], [ 459040.345736244053114, 2447257.906024395953864 ], [ 460308.080658430350013, 2447266.723982587456703 ] ] ] } },
{ "type": "Feature", "properties": { "label": 1, "month": "1", "year": "2024" }, "geometry": { "type": "Polygon", "coordinates": [ [ [ 460299.523782694130205, 2448558.087955832015723 ], [ 460290.969466798123904, 2449849.49623684072867 ], [ 459023.321436167636421, 2449840.681246977765113 ], [ 459031.832276280852966, 2448549.271481830161065 ], [ 460299.523782694130205, 2448558.087955832015723 ] ] ] } },
{ "type": "Feature", "properties": { "label": 1, "month": "1", "year": "2024" }, "geometry": { "type": "Polygon", "coordinates": [ [ [ 460290.969466798123904, 2449849.49623684072867 ], [ 460282.417712614114862, 2451140.948889799881727 ], [ 459014.813217794813681, 2451132.135384012479335 ], [ 459023.321436167636421, 2449840.681246977765113 ], [ 460290.969466798123904, 2449849.49623684072867 ] ] ] } },
{ "type": "Feature", "properties": { "label": 1, "month": "1", "year": "2024" }, "geometry": { "type": "Polygon", "coordinates": [ [ [ 460282.417712614114862, 2451140.948889799881727 ], [ 460273.8685220151674, 2452432.445978937204927 ], [ 459006.307623048196547, 2452423.633957162965089 ], [ 459014.813217794813681, 2451132.135384012479335 ], [ 460282.417712614114862, 2451140.948889799881727 ] ] ] } },
{ "type": "Feature", "properties": { "label": 1, "month": "1", "year": "2024" }, "geometry": { "type": "Polygon", "coordinates": [ [ [ 461584.416086674260441, 2445984.264000537805259 ], [ 461575.813296011358034, 2447275.582293550949544 ], [ 460308.080658430350013, 2447266.723982587456703 ], [ 460316.640092132904101, 2445975.404252934735268 ], [ 461584.416086674260441, 2445984.264000537805259 ] ] ] } },
{ "type": "Feature", "properties": { "label": 1, "month": "1", "year": "2024" }, "geometry": { "type": "Polygon", "coordinates": [ [ [ 461575.813296011358034, 2447275.582293550949544 ], [ 461567.21300331549719, 2448566.94483021972701 ], [ 460299.523782694130205, 2448558.087955832015723 ], [ 460308.080658430350013, 2447266.723982587456703 ], [ 461575.813296011358034, 2447275.582293550949544 ] ] ] } },
{ "type": "Feature", "properties": { "label": 1, "month": "1", "year": "2024" }, "geometry": { "type": "Polygon", "coordinates": [ [ [ 461567.21300331549719, 2448566.94483021972701 ], [ 461558.615210449905135, 2449858.351674697361887 ], [ 460290.969466798123904, 2449849.49623684072867 ], [ 460299.523782694130205, 2448558.087955832015723 ], [ 461567.21300331549719, 2448566.94483021972701 ] ] ] } },
{ "type": "Feature", "properties": { "label": 1, "month": "1", "year": "2024" }, "geometry": { "type": "Polygon", "coordinates": [ [ [ 461558.615210449905135, 2449858.351674697361887 ], [ 461550.019919270882383, 2451149.802891174331307 ], [ 460282.417712614114862, 2451140.948889799881727 ], [ 460290.969466798123904, 2449849.49623684072867 ], [ 461558.615210449905135, 2449858.351674697361887 ] ] ] } },
{ "type": "Feature", "properties": { "label": 1, "month": "1", "year": "2024" }, "geometry": { "type": "Polygon", "coordinates": [ [ [ 462860.838434020290151, 2444701.891329756937921 ], [ 462852.1898490722524, 2445993.164054213557392 ], [ 461584.416086674260441, 2445984.264000537805259 ], [ 461593.021373452153057, 2444692.989887035451829 ], [ 462860.838434020290151, 2444701.891329756937921 ] ] ] } },
{ "type": "Feature", "properties": { "label": 1, "month": "1", "year": "2024" }, "geometry": { "type": "Polygon", "coordinates": [ [ [ 462852.1898490722524, 2445993.164054213557392 ], [ 462843.543700255570002, 2447284.480958222411573 ], [ 461575.813296011358034, 2447275.582293550949544 ], [ 461584.416086674260441, 2445984.264000537805259 ], [ 462852.1898490722524, 2445993.164054213557392 ] ] ] } },
{ "type": "Feature", "properties": { "label": 1, "month": "1", "year": "2024" }, "geometry": { "type": "Polygon", "coordinates": [ [ [ 462843.543700255570002, 2447284.480958222411573 ], [ 462834.899989414378069, 2448575.842105914838612 ], [ 461567.21300331549719, 2448566.94483021972701 ], [ 461575.813296011358034, 2447275.582293550949544 ], [ 462843.543700255570002, 2447284.480958222411573 ] ] ] } },
{ "type": "Feature", "properties": { "label": 1, "month": "1", "year": "2024" }, "geometry": { "type": "Polygon", "coordinates": [ [ [ 462834.899989414378069, 2448575.842105914838612 ], [ 462826.258718388562556, 2449867.247561462689191 ], [ 461558.615210449905135, 2449858.351674697361887 ], [ 461567.21300331549719, 2448566.94483021972701 ], [ 462834.899989414378069, 2448575.842105914838612 ] ] ] } },
{ "type": "Feature", "properties": { "label": 1, "month": "1", "year": "2024" }, "geometry": { "type": "Polygon", "coordinates": [ [ [ 462826.258718388562556, 2449867.247561462689191 ], [ 462817.619889023888391, 2451158.69738904107362 ], [ 461550.019919270882383, 2451149.802891174331307 ], [ 461558.615210449905135, 2449858.351674697361887 ], [ 462826.258718388562556, 2449867.247561462689191 ] ] ] } },
{ "type": "Feature", "properties": { "label": 1, "month": "1", "year": "2024" }, "geometry": { "type": "Polygon", "coordinates": [ [ [ 462817.619889023888391, 2451158.69738904107362 ], [ 462808.9835031646071, 2452450.191652889363468 ], [ 461541.427131638396531, 2452441.298543872311711 ], [ 461550.019919270882383, 2451149.802891174331307 ], [ 462817.619889023888391, 2451158.69738904107362 ] ] ] } },
{ "type": "Feature", "properties": { "label": 1, "month": "1", "year": "2024" }, "geometry": { "type": "Polygon", "coordinates": [ [ [ 464119.961430599039886, 2446002.104414905421436 ], [ 464111.271922436193563, 2447293.419977522920817 ], [ 462843.543700255570002, 2447284.480958222411573 ], [ 462852.1898490722524, 2445993.164054213557392 ], [ 464119.961430599039886, 2446002.104414905421436 ] ] ] } },
{ "type": "Feature", "properties": { "label": 1, "month": "1", "year": "2024" }, "geometry": { "type": "Polygon", "coordinates": [ [ [ 464111.271922436193563, 2447293.419977522920817 ], [ 464102.584792252280749, 2448584.779783853329718 ], [ 462834.899989414378069, 2448575.842105914838612 ], [ 462843.543700255570002, 2447284.480958222411573 ], [ 464111.271922436193563, 2447293.419977522920817 ] ] ] } },
{ "type": "Feature", "properties": { "label": 1, "month": "1", "year": "2024" }, "geometry": { "type": "Polygon", "coordinates": [ [ [ 464102.584792252280749, 2448584.779783853329718 ], [ 464093.900041871296708, 2449876.183898062910885 ], [ 462826.258718388562556, 2449867.247561462689191 ], [ 462834.899989414378069, 2448575.842105914838612 ], [ 464102.584792252280749, 2448584.779783853329718 ] ] ] } },
{ "type": "Feature", "properties": { "label": 1, "month": "1", "year": "2024" }, "geometry": { "type": "Polygon", "coordinates": [ [ [ 464093.900041871296708, 2449876.183898062910885 ], [ 464085.21767312620068, 2451167.632384346332401 ], [ 462817.619889023888391, 2451158.69738904107362 ], [ 462826.258718388562556, 2449867.247561462689191 ], [ 464093.900041871296708, 2449876.183898062910885 ] ] ] } },
{ "type": "Feature", "properties": { "label": 1, "month": "1", "year": "2024" }, "geometry": { "type": "Polygon", "coordinates": [ [ [ 464085.21767312620068, 2451167.632384346332401 ], [ 464076.537687848031055, 2452459.12530691921711 ], [ 462808.9835031646071, 2452450.191652889363468 ], [ 462817.619889023888391, 2451158.69738904107362 ], [ 464085.21767312620068, 2451167.632384346332401 ] ] ] } },
{ "type": "Feature", "properties": { "label": 1, "month": "1", "year": "2024" }, "geometry": { "type": "Polygon", "coordinates": [ [ [ 465370.267463092575781, 2448593.757864970713854 ], [ 465361.539232157578226, 2449885.160685444250703 ], [ 464093.900041871296708, 2449876.183898062910885 ], [ 464102.584792252280749, 2448584.779783853329718 ], [ 465370.267463092575781, 2448593.757864970713854 ] ] ] } },
{ "type": "Feature", "properties": { "label": 1, "month": "1", "year": "2024" }, "geometry": { "type": "Polygon", "coordinates": [ [ [ 465352.813322833157144, 2451176.60787801258266 ], [ 465344.089736932015512, 2452468.099506893660873 ], [ 464076.537687848031055, 2452459.12530691921711 ], [ 464085.21767312620068, 2451167.632384346332401 ], [ 465352.813322833157144, 2451176.60787801258266 ] ] ] } },
{ "type": "Feature", "properties": { "label": 1, "month": "1", "year": "2024" }, "geometry": { "type": "Polygon", "coordinates": [ [ [ 466637.948053203814197, 2448602.776350202504545 ], [ 466629.176340509089641, 2449894.17792454874143 ], [ 465361.539232157578226, 2449885.160685444250703 ], [ 465370.267463092575781, 2448593.757864970713854 ], [ 466637.948053203814197, 2448602.776350202504545 ] ] ] } },
{ "type": "Feature", "properties": { "label": 1, "month": "1", "year": "2024" }, "geometry": { "type": "Polygon", "coordinates": [ [ [ 466629.176340509089641, 2449894.17792454874143 ], [ 466620.406889399688225, 2451185.62387098511681 ], [ 465352.813322833157144, 2451176.60787801258266 ], [ 465361.539232157578226, 2449885.160685444250703 ], [ 466629.176340509089641, 2449894.17792454874143 ] ] ] } },
{ "type": "Feature", "properties": { "label": 1, "month": "1", "year": "2024" }, "geometry": { "type": "Polygon", "coordinates": [ [ [ 466620.406889399688225, 2451185.62387098511681 ], [ 466611.639701672655065, 2452477.114253754261881 ], [ 465344.089736932015512, 2452468.099506893660873 ], [ 465352.813322833157144, 2451176.60787801258266 ], [ 466620.406889399688225, 2451185.62387098511681 ] ] ] } },
{ "type": "Feature", "properties": { "label": 1, "month": "1", "year": "2024" }, "geometry": { "type": "Polygon", "coordinates": [ [ [ 793485.630150631302968, 2301291.420575664844364 ], [ 793467.196064133779146, 2302579.348596716765314 ], [ 792193.667738081421703, 2302561.223899831064045 ], [ 792212.064824885455891, 2301273.307097739074379 ], [ 793485.630150631302968, 2301291.420575664844364 ] ] ] } },
{ "type": "Feature", "properties": { "label": 1, "month": "1", "year": "2024" }, "geometry": { "type": "Polygon", "coordinates": [ [ [ 799946.526208122260869, 2294943.140769083052874 ], [ 799927.97307566809468, 2296230.942821856588125 ], [ 798654.202848348068073, 2296212.699194496031851 ], [ 798672.719262898201123, 2294924.90861602826044 ], [ 799946.526208122260869, 2294943.140769083052874 ] ] ] } },
{ "type": "Feature", "properties": { "label": 1, "month": "1", "year": "2024" }, "geometry": { "type": "Polygon", "coordinates": [ [ [ 801294.571732813026756, 2289810.516720076557249 ], [ 801276.034871492534876, 2291098.185163941700011 ], [ 800002.106461016694084, 2291079.952626307494938 ], [ 800020.606836388236843, 2289792.295714533887804 ], [ 801294.571732813026756, 2289810.516720076557249 ] ] ] } },
{ "type": "Feature", "properties": { "label": 1, "month": "1", "year": "2024" }, "geometry": { "type": "Polygon", "coordinates": [ [ [ 801220.344809500267729, 2294961.407889663707465 ], [ 801201.754956884775311, 2296249.221465639770031 ], [ 799927.97307566809468, 2296230.942821856588125 ], [ 799946.526208122260869, 2294943.140769083052874 ], [ 801220.344809500267729, 2294961.407889663707465 ] ] ] } },
{ "type": "Feature", "properties": { "label": 0, "month": "1", "year": "2024" }, "geometry": { "type": "Polygon", "coordinates": [ [ [ 834202.896808946272358, 2128243.954304769169539 ], [ 834185.313660586019978, 2129527.839265496935695 ], [ 832906.942638977547176, 2129510.389692760072649 ], [ 832924.496526380768046, 2128226.517725758254528 ], [ 834202.896808946272358, 2128243.954304769169539 ] ] ] } },
{ "type": "Feature", "properties": { "label": 0, "month": "1", "year": "2024" }, "geometry": { "type": "Polygon", "coordinates": [ [ [ 854749.166469664196484, 2122106.759261859115213 ], [ 854731.191432342398912, 2123390.716651857364923 ], [ 853452.456342311110348, 2123372.877464609686285 ], [ 853470.402370852883905, 2122088.933879090007395 ], [ 854749.166469664196484, 2122106.759261859115213 ] ] ] } },
{ "type": "Feature", "properties": { "label": 0, "month": "1", "year": "2024" }, "geometry": { "type": "Polygon", "coordinates": [ [ [ 610658.193841045722365, 2376334.224798020906746 ], [ 610644.757734159356914, 2377623.37154694320634 ], [ 609374.633138574659824, 2377610.012808418367058 ], [ 609388.028995546745136, 2376320.870250407140702 ], [ 610658.193841045722365, 2376334.224798020906746 ] ] ] } },
{ "type": "Feature", "properties": { "label": 0, "month": "1", "year": "2024" }, "geometry": { "type": "Polygon", "coordinates": [ [ [ 606767.753217917284928, 2384029.692290910985321 ], [ 606754.411739291157573, 2385319.071749331429601 ], [ 605484.54113021097146, 2385305.802359537687153 ], [ 605497.842008382198401, 2384016.426941626705229 ], [ 606767.753217917284928, 2384029.692290910985321 ] ] ] } },
{ "type": "Feature", "properties": { "label": 0, "month": "1", "year": "2024" }, "geometry": { "type": "Polygon", "coordinates": [ [ [ 583922.474908436532132, 2382507.471910025458783 ], [ 583909.867265123175457, 2383796.744963431730866 ], [ 582640.013803824898787, 2383784.165285313501954 ], [ 582652.580936024780385, 2382494.895408092066646 ], [ 583922.474908436532132, 2382507.471910025458783 ] ] ] } },
{ "type": "Feature", "properties": { "label": 0, "month": "1", "year": "2024" }, "geometry": { "type": "Polygon", "coordinates": [ [ [ 750035.46653657045681, 2312284.791142595931888 ], [ 750018.190910531906411, 2313572.698710622265935 ], [ 748745.353627993608825, 2313555.685182839166373 ], [ 748762.591800597496331, 2312267.787157186772674 ], [ 750035.46653657045681, 2312284.791142595931888 ] ] ] } },
{ "type": "Feature", "properties": { "label": 0, "month": "1", "year": "2024" }, "geometry": { "type": "Polygon", "coordinates": [ [ [ 853204.956541155581363, 2228777.008646886795759 ], [ 853185.703935230383649, 2230063.516824131365865 ], [ 851909.576392342452891, 2230044.539890641346574 ], [ 851928.795218039536849, 2228758.045324103906751 ], [ 853204.956541155581363, 2228777.008646886795759 ] ] ] } },
{ "type": "Feature", "properties": { "label": 0, "month": "1", "year": "2024" }, "geometry": { "type": "Polygon", "coordinates": [ [ [ 441371.03567880828632, 2434227.201519323978573 ], [ 441363.095432750473265, 2435518.153219299856573 ], [ 440094.932199589675292, 2435509.920651472173631 ], [ 440102.829646390513517, 2434218.966751148924232 ], [ 441371.03567880828632, 2434227.201519323978573 ] ] ] } },
{ "type": "Feature", "properties": { "label": 0, "month": "1", "year": "2024" }, "geometry": { "type": "Polygon", "coordinates": [ [ [ 614360.124985946691595, 2386688.93519940180704 ], [ 614346.530452548293397, 2387978.422112848609686 ], [ 613076.718294728198089, 2387964.915108636487275 ], [ 613090.27209864766337, 2386675.43252201192081 ], [ 614360.124985946691595, 2386688.93519940180704 ] ] ] } },
{ "type": "Feature", "properties": { "label": 0, "month": "1", "year": "2024" }, "geometry": { "type": "Polygon", "coordinates": [ [ [ 859737.400340199819766, 2131167.033304877113551 ], [ 859719.200445282855071, 2132451.245927084702998 ], [ 858440.613384052179754, 2132433.195033082738519 ], [ 858458.783862630603835, 2131148.996399571653455 ], [ 859737.400340199819766, 2131167.033304877113551 ] ] ] } },
{ "type": "Feature", "properties": { "label": 0, "month": "1", "year": "2024" }, "geometry": { "type": "Polygon", "coordinates": [ [ [ 906608.561404947773553, 2161411.575434192083776 ], [ 906588.864673587377183, 2162697.014310983940959 ], [ 905310.408085259376094, 2162677.533051333390176 ], [ 905330.074002254288644, 2161392.109955651219934 ], [ 906608.561404947773553, 2161411.575434192083776 ] ] ] } },
{ "type": "Feature", "properties": { "label": 0, "month": "1", "year": "2024" }, "geometry": { "type": "Polygon", "coordinates": [ [ [ 905192.041522545390762, 2170390.703327872324735 ], [ 905172.251895013730973, 2171676.337536294013262 ], [ 903894.028733827406541, 2171656.776254340540618 ], [ 903913.787146776448935, 2170371.157758831046522 ], [ 905192.041522545390762, 2170390.703327872324735 ] ] ] } },
{ "type": "Feature", "properties": { "label": 0, "month": "1", "year": "2024" }, "geometry": { "type": "Polygon", "coordinates": [ [ [ 747386.360095487558283, 2319978.711806915234774 ], [ 747369.094490198185667, 2321266.825521341525018 ], [ 746096.502172767068259, 2321249.826580215711147 ], [ 746113.72997652029153, 2319961.722299351356924 ], [ 747386.360095487558283, 2319978.711806915234774 ] ] ] } },
{ "type": "Feature", "properties": { "label": 0, "month": "1", "year": "2024" }, "geometry": { "type": "Polygon", "coordinates": [ [ [ 898264.710099563235417, 2205014.138498567976058 ], [ 898244.605966642964631, 2206300.536201521754265 ], [ 896967.326873413636349, 2206280.710213887970895 ], [ 896987.398245487129316, 2204994.327903777826577 ], [ 898264.710099563235417, 2205014.138498567976058 ] ] ] } },
{ "type": "Feature", "properties": { "label": 0, "month": "1", "year": "2024" }, "geometry": { "type": "Polygon", "coordinates": [ [ [ 585217.657931240391918, 2379941.656724365893751 ], [ 585205.016464481246658, 2381230.851132232695818 ], [ 583935.079266608227044, 2381218.239823756739497 ], [ 583947.680339187034406, 2379929.048641852103174 ], [ 585217.657931240391918, 2379941.656724365893751 ] ] ] } },
{ "type": "Feature", "properties": { "label": 0, "month": "1", "year": "2024" }, "geometry": { "type": "Polygon", "coordinates": [ [ [ 610685.052461299230345, 2373756.053138827439398 ], [ 610671.625416814233176, 2375045.118682864587754 ], [ 609401.420380628784187, 2375031.768327178899199 ], [ 609414.807293653022498, 2373742.70697610732168 ], [ 610685.052461299230345, 2373756.053138827439398 ] ] ] } },
{ "type": "Feature", "properties": { "label": 0, "month": "1", "year": "2024" }, "geometry": { "type": "Polygon", "coordinates": [ [ [ 438771.883097356592771, 2444539.647240545134991 ], [ 438764.056978842359968, 2445830.954501912463456 ], [ 437496.232037090230733, 2445822.820111604873091 ], [ 437504.014879213471431, 2444531.510556144174188 ], [ 438771.883097356592771, 2444539.647240545134991 ] ] ] } },
{ "type": "Feature", "properties": { "label": 0, "month": "1", "year": "2024" }, "geometry": { "type": "Polygon", "coordinates": [ [ [ 445207.942882413626648, 2429088.798849024344236 ], [ 445199.861214155564085, 2430379.570207885932177 ], [ 443931.536106762068812, 2430371.20967575116083 ], [ 443939.575211719609797, 2429080.436259028501809 ], [ 445207.942882413626648, 2429088.798849024344236 ] ] ] } },
{ "type": "Feature", "properties": { "label": 0, "month": "1", "year": "2024" }, "geometry": { "type": "Polygon", "coordinates": [ [ [ 867354.224160679150373, 2135128.837387392763048 ], [ 867335.800035985652357, 2136413.221325457561761 ], [ 866057.215082525042817, 2136394.954805341549218 ], [ 866075.609606906538829, 2135110.585149 ], [ 867354.224160679150373, 2135128.837387392763048 ] ] ] } },
{ "type": "Feature", "properties": { "label": 0, "month": "1", "year": "2024" }, "geometry": { "type": "Polygon", "coordinates": [ [ [ 891938.025750760338269, 2201056.62975654238835 ], [ 891918.136906115920283, 2202342.855326596647501 ], [ 890640.837907338514924, 2202323.233260883949697 ], [ 890660.694176353979856, 2201037.022843250073493 ], [ 891938.025750760338269, 2201056.62975654238835 ] ] ] } },
{ "type": "Feature", "properties": { "label": 0, "month": "1", "year": "2024" }, "geometry": { "type": "Polygon", "coordinates": [ [ [ 810099.698186750640161, 2297666.08465647418052 ], [ 810080.823902784613892, 2298954.05316352378577 ], [ 808807.032634889241308, 2298935.505614652298391 ], [ 808825.870065586874261, 2297647.548968549352139 ], [ 810099.698186750640161, 2297666.08465647418052 ] ] ] } },
{ "type": "Feature", "properties": { "label": 0, "month": "1", "year": "2024" }, "geometry": { "type": "Polygon", "coordinates": [ [ [ 850912.91624777414836, 2122053.36824837140739 ], [ 850895.028230601456016, 2123337.284375001210719 ], [ 849616.33510370599106, 2123319.530468266922981 ], [ 849634.194118285086006, 2122035.627996050287038 ], [ 850912.91624777414836, 2122053.36824837140739 ] ] ] } },
{ "type": "Feature", "properties": { "label": 0, "month": "1", "year": "2024" }, "geometry": { "type": "Polygon", "coordinates": [ [ [ 893354.340745115187019, 2192073.468951283954084 ], [ 893334.539824136067182, 2193359.488587543834001 ], [ 892056.99845740373712, 2193339.941449163015932 ], [ 892076.767204788513482, 2192053.937033237423748 ], [ 893354.340745115187019, 2192073.468951283954084 ] ] ] } },
{ "type": "Feature", "properties": { "label": 0, "month": "1", "year": "2024" }, "geometry": { "type": "Polygon", "coordinates": [ [ [ 919051.759142864728346, 2183467.18322092294693 ], [ 919031.442718754988164, 2184753.299833004362881 ], [ 917753.354946376988664, 2184733.241850895807147 ], [ 917773.639554111752659, 2183447.141473451629281 ], [ 919051.759142864728346, 2183467.18322092294693 ] ] ] } },
{ "type": "Feature", "properties": { "label": 0, "month": "1", "year": "2024" }, "geometry": { "type": "Polygon", "coordinates": [ [ [ 889834.622628635726869, 2171443.606024684384465 ], [ 889815.190432838397101, 2172729.085393198765814 ], [ 888537.187815779820085, 2172709.873276308644563 ], [ 888556.588766773464158, 2171424.40901984134689 ], [ 889834.622628635726869, 2171443.606024684384465 ] ] ] } },
{ "type": "Feature", "properties": { "label": 0, "month": "1", "year": "2024" }, "geometry": { "type": "Polygon", "coordinates": [ [ [ 891898.230894781067036, 2203629.112726015970111 ], [ 891878.30771426379215, 2204915.402013852726668 ], [ 890601.074040197534487, 2204895.749651146121323 ], [ 890620.964529446559027, 2203609.475510506425053 ], [ 891898.230894781067036, 2203629.112726015970111 ] ] ] } },
{ "type": "Feature", "properties": { "label": 0, "month": "1", "year": "2024" }, "geometry": { "type": "Polygon", "coordinates": [ [ [ 842900.98883383651264, 2235058.548375287093222 ], [ 842881.931301301927306, 2236345.115793047938496 ], [ 841606.082851284183562, 2236326.333197611849755 ], [ 841625.106331695569679, 2235039.778983452823013 ], [ 842900.98883383651264, 2235058.548375287093222 ] ] ] } },
{ "type": "Feature", "properties": { "label": 0, "month": "1", "year": "2024" }, "geometry": { "type": "Polygon", "coordinates": [ [ [ 438787.546053316676989, 2441957.164993177168071 ], [ 438779.712789555895142, 2443248.384092321619391 ], [ 437511.801354989933316, 2443240.245113614480942 ], [ 437519.591462283104192, 2441949.023719951976091 ], [ 438787.546053316676989, 2441957.164993177168071 ] ] ] } },
{ "type": "Feature", "properties": { "label": 0, "month": "1", "year": "2024" }, "geometry": { "type": "Polygon", "coordinates": [ [ [ 711462.964024072978646, 2342704.005511356052011 ], [ 711446.590813253307715, 2343992.563213717658073 ], [ 710174.932317113038152, 2343976.423579895403236 ], [ 710191.266725125722587, 2342687.873919412028044 ], [ 711462.964024072978646, 2342704.005511356052011 ] ] ] } },
{ "type": "Feature", "properties": { "label": 0, "month": "1", "year": "2024" }, "geometry": { "type": "Polygon", "coordinates": [ [ [ 898564.178210971411318, 2185721.972037870436907 ], [ 898544.335724485805258, 2187007.896917363163084 ], [ 897266.571287435479462, 2186988.302099811844528 ], [ 897286.381879563443363, 2185702.392652680631727 ], [ 898564.178210971411318, 2185721.972037870436907 ] ] ] } },
{ "type": "Feature", "properties": { "label": 0, "month": "1", "year": "2024" }, "geometry": { "type": "Polygon", "coordinates": [ [ [ 609347.828009658376686, 2380188.420079501345754 ], [ 609334.418738062144257, 2381477.684917994309217 ], [ 608064.419051882112399, 2381464.35162781458348 ], [ 608077.787897501257248, 2380175.090929049532861 ], [ 609347.828009658376686, 2380188.420079501345754 ] ] ] } },
{ "type": "Feature", "properties": { "label": 0, "month": "1", "year": "2024" }, "geometry": { "type": "Polygon", "coordinates": [ [ [ 889303.980988303315826, 2206162.419923177920282 ], [ 889284.089073500828817, 2207448.742930788546801 ], [ 888006.951850641286001, 2207429.123755463864654 ], [ 888026.81096316431649, 2206142.815790539141744 ], [ 889303.980988303315826, 2206162.419923177920282 ] ] ] } },
{ "type": "Feature", "properties": { "label": 0, "month": "1", "year": "2024" }, "geometry": { "type": "Polygon", "coordinates": [ [ [ 780894.550704192370176, 2290810.641761631239206 ], [ 780876.585042009712197, 2292098.167788418475538 ], [ 779602.873501377063803, 2292080.48135930346325 ], [ 779620.802654553903267, 2290792.966079942882061 ], [ 780894.550704192370176, 2290810.641761631239206 ] ] ] } },
{ "type": "Feature", "properties": { "label": 0, "month": "1", "year": "2024" }, "geometry": { "type": "Polygon", "coordinates": [ [ [ 618402.144712632521987, 2364814.411023424938321 ], [ 618388.511051533743739, 2366103.22053457563743 ], [ 617118.002306417329237, 2366089.674894229043275 ], [ 617131.59623984422069, 2364800.869872463867068 ], [ 618402.144712632521987, 2364814.411023424938321 ] ] ] } },
{ "type": "Feature", "properties": { "label": 0, "month": "1", "year": "2024" }, "geometry": { "type": "Polygon", "coordinates": [ [ [ 601582.582156304968521, 2394292.921964827459306 ], [ 601569.370158629724756, 2395582.615951011888683 ], [ 600299.840704243630171, 2395569.468417820520699 ], [ 600313.011633266229182, 2394279.778272094670683 ], [ 601582.582156304968521, 2394292.921964827459306 ] ] ] } },
{ "type": "Feature", "properties": { "label": 0, "month": "1", "year": "2024" }, "geometry": { "type": "Polygon", "coordinates": [ [ [ 604214.674165543285199, 2385292.571124035865068 ], [ 604201.409652749774978, 2386581.983627547509968 ], [ 602931.586937357438728, 2386568.786601334344596 ], [ 602944.810793779906817, 2385279.378041203599423 ], [ 604214.674165543285199, 2385292.571124035865068 ] ] ] } },
{ "type": "Feature", "properties": { "label": 0, "month": "1", "year": "2024" }, "geometry": { "type": "Polygon", "coordinates": [ [ [ 883997.028086353442632, 2218948.275590696372092 ], [ 883977.098961513023823, 2220234.862202401272953 ], [ 882700.354012385476381, 2220215.221645314712077 ], [ 882720.249765236629173, 2218928.649851919151843 ], [ 883997.028086353442632, 2218948.275590696372092 ] ] ] } },
{ "type": "Feature", "properties": { "label": 0, "month": "1", "year": "2024" }, "geometry": { "type": "Polygon", "coordinates": [ [ [ 872542.83784957183525, 2130064.656824374105781 ], [ 872524.359795424737968, 2131348.98343108035624 ], [ 871245.598041364224628, 2131330.659024348948151 ], [ 871264.046715158387087, 2130046.346908741630614 ], [ 872542.83784957183525, 2130064.656824374105781 ] ] ] } },
{ "type": "Feature", "properties": { "label": 0, "month": "1", "year": "2024" }, "geometry": { "type": "Polygon", "coordinates": [ [ [ 793374.831956704845652, 2309019.541218392550945 ], [ 793356.320388158899732, 2310307.690673429518938 ], [ 792083.015292168245651, 2310289.498708755709231 ], [ 792101.489508984028362, 2309001.360459534917027 ], [ 793374.831956704845652, 2309019.541218392550945 ] ] ] } },
{ "type": "Feature", "properties": { "label": 0, "month": "1", "year": "2024" }, "geometry": { "type": "Polygon", "coordinates": [ [ [ 835251.220324754016474, 2144954.345611860975623 ], [ 835233.419748040032573, 2146238.620724701788276 ], [ 833955.421096422243863, 2146220.973133531399071 ], [ 833973.191668056882918, 2144936.711036331951618 ], [ 835251.220324754016474, 2144954.345611860975623 ] ] ] } },
{ "type": "Feature", "properties": { "label": 0, "month": "1", "year": "2024" }, "geometry": { "type": "Polygon", "coordinates": [ [ [ 609280.736941399867646, 2386635.153755863197148 ], [ 609267.305315516190603, 2387924.623650370631367 ], [ 607997.508648830698803, 2387911.269676952622831 ], [ 608010.899552154238336, 2386621.803917048033327 ], [ 609280.736941399867646, 2386635.153755863197148 ] ] ] } },
{ "type": "Feature", "properties": { "label": 0, "month": "1", "year": "2024" }, "geometry": { "type": "Polygon", "coordinates": [ [ [ 866112.351135252509266, 2132541.932292967569083 ], [ 866093.988290451932698, 2133826.244330871850252 ], [ 864815.358743208809756, 2133808.035227774176747 ], [ 864833.692104049958289, 2132523.737426241394132 ], [ 866112.351135252509266, 2132541.932292967569083 ] ] ] } },
{ "type": "Feature", "properties": { "label": 0, "month": "1", "year": "2024" }, "geometry": { "type": "Polygon", "coordinates": [ [ [ 446484.435091233346611, 2427806.475112046580762 ], [ 446476.307669004017953, 2429097.201113553252071 ], [ 445207.942882413626648, 2429088.798849024344236 ], [ 445216.027800008887425, 2427798.070837259758264 ], [ 446484.435091233346611, 2427806.475112046580762 ] ] ] } },
{ "type": "Feature", "properties": { "label": 0, "month": "1", "year": "2024" }, "geometry": { "type": "Polygon", "coordinates": [ [ [ 853470.402370852883905, 2122088.933879090007395 ], [ 853452.456342311110348, 2123372.877464609686285 ], [ 852173.735292599420063, 2123355.066706382669508 ], [ 852191.652314425562508, 2122071.13687532581389 ], [ 853470.402370852883905, 2122088.933879090007395 ] ] ] } },
{ "type": "Feature", "properties": { "label": 0, "month": "1", "year": "2024" }, "geometry": { "type": "Polygon", "coordinates": [ [ [ 895710.10213242797181, 2204974.548960414715111 ], [ 895690.063518847920932, 2206260.915927350521088 ], [ 894412.815850437385961, 2206241.153339387848973 ], [ 894432.821707875118591, 2204954.801665977109224 ], [ 895710.10213242797181, 2204974.548960414715111 ] ] ] } },
{ "type": "Feature", "properties": { "label": 0, "month": "1", "year": "2024" }, "geometry": { "type": "Polygon", "coordinates": [ [ [ 794796.110140905715525, 2298733.800684747286141 ], [ 794777.664983294554986, 2300021.666654825676233 ], [ 793504.051329477922991, 2300003.529246672522277 ], [ 793522.459602392278612, 2298715.674548785667866 ], [ 794796.110140905715525, 2298733.800684747286141 ] ] ] } },
{ "type": "Feature", "properties": { "label": 0, "month": "1", "year": "2024" }, "geometry": { "type": "Polygon", "coordinates": [ [ [ 807495.611572498688474, 2301492.992562367580831 ], [ 807476.770340324263088, 2302781.047216036356986 ], [ 806203.113945614779368, 2302762.534650414716452 ], [ 806221.91815317957662, 2301474.491753086447716 ], [ 807495.611572498688474, 2301492.992562367580831 ] ] ] } },
{ "type": "Feature", "properties": { "label": 0, "month": "1", "year": "2024" }, "geometry": { "type": "Polygon", "coordinates": [ [ [ 902635.548837562324479, 2170351.642509751021862 ], [ 902615.821636906359345, 2171637.24534222856164 ], [ 901337.630551634472795, 2171617.744797500781715 ], [ 901357.326542287133634, 2170332.157578183338046 ], [ 902635.548837562324479, 2170351.642509751021862 ] ] ] } },
{ "type": "Feature", "properties": { "label": 0, "month": "1", "year": "2024" }, "geometry": { "type": "Polygon", "coordinates": [ [ [ 837778.617870753165334, 2236270.182103201746941 ], [ 837759.681738120270893, 2237556.730539720971137 ], [ 836483.920794580830261, 2237538.066060419660062 ], [ 836502.822826094459742, 2236251.530627761036158 ], [ 837778.617870753165334, 2236270.182103201746941 ] ] ] } },
{ "type": "Feature", "properties": { "label": 0, "month": "1", "year": "2024" }, "geometry": { "type": "Polygon", "coordinates": [ [ [ 902197.488315723370761, 2198642.017032964155078 ], [ 902177.37403261277359, 2199928.302171274553984 ], [ 900899.884147145203315, 2199908.458801174536347 ], [ 900919.965951501391828, 2198622.189218060579151 ], [ 902197.488315723370761, 2198642.017032964155078 ] ] ] } },
{ "type": "Feature", "properties": { "label": 0, "month": "1", "year": "2024" }, "geometry": { "type": "Polygon", "coordinates": [ [ [ 614441.593316373764537, 2378952.875305915717036 ], [ 614428.027032105950639, 2380242.11636556731537 ], [ 613157.971387348021381, 2380228.635338155552745 ], [ 613171.497298013302498, 2378939.398611675016582 ], [ 614441.593316373764537, 2378952.875305915717036 ] ] ] } },
{ "type": "Feature", "properties": { "label": 0, "month": "1", "year": "2024" }, "geometry": { "type": "Polygon", "coordinates": [ [ [ 627379.463663981878199, 2357178.031673314515501 ], [ 627365.583666251390241, 2358466.634554658550769 ], [ 626094.806983916321769, 2358452.855717473197728 ], [ 626108.647596207913011, 2357164.257669817190617 ], [ 627379.463663981878199, 2357178.031673314515501 ] ] ] } },
{ "type": "Feature", "properties": { "label": 0, "month": "1", "year": "2024" }, "geometry": { "type": "Polygon", "coordinates": [ [ [ 715343.968967864755541, 2337598.679584722034633 ], [ 715327.516793440910988, 2338887.106718795374036 ], [ 714055.679285428486764, 2338870.88969604158774 ], [ 714072.09288667421788, 2337582.470756066963077 ], [ 715343.968967864755541, 2337598.679584722034633 ] ] ] } },
{ "type": "Feature", "properties": { "label": 0, "month": "1", "year": "2024" }, "geometry": { "type": "Polygon", "coordinates": [ [ [ 888125.851565440418199, 2199711.75500032491982 ], [ 888106.077431505545974, 2200997.903483985923231 ], [ 886828.792156054172665, 2200978.391033068764955 ], [ 886848.533779129036702, 2199692.257555405143648 ], [ 888125.851565440418199, 2199711.75500032491982 ] ] ] } },
{ "type": "Feature", "properties": { "label": 0, "month": "1", "year": "2024" }, "geometry": { "type": "Polygon", "coordinates": [ [ [ 801201.754956884775311, 2296249.221465639770031 ], [ 801183.151851986767724, 2297537.071476728189737 ], [ 799909.406749517191201, 2297518.781311973929405 ], [ 799927.97307566809468, 2296230.942821856588125 ], [ 801201.754956884775311, 2296249.221465639770031 ] ] ] } },
{ "type": "Feature", "properties": { "label": 0, "month": "1", "year": "2024" }, "geometry": { "type": "Polygon", "coordinates": [ [ [ 786971.570100071141496, 2311505.217267074156553 ], [ 786953.22001373663079, 2312793.385502895340323 ], [ 785680.04584019666072, 2312775.349295671097934 ], [ 785698.35846859391313, 2311487.192017421126366 ], [ 786971.570100071141496, 2311505.217267074156553 ] ] ] } },
{ "type": "Feature", "properties": { "label": 0, "month": "1", "year": "2024" }, "geometry": { "type": "Polygon", "coordinates": [ [ [ 866093.988290451932698, 2133826.244330871850252 ], [ 866075.609606906538829, 2135110.585149 ], [ 864797.009600731311366, 2135092.361811845097691 ], [ 864815.358743208809756, 2133808.035227774176747 ], [ 866093.988290451932698, 2133826.244330871850252 ] ] ] } },
{ "type": "Feature", "properties": { "label": 0, "month": "1", "year": "2024" }, "geometry": { "type": "Polygon", "coordinates": [ [ [ 726824.796154443873093, 2335169.310331562068313 ], [ 726808.016512094298378, 2336457.736304659862071 ], [ 725536.026620652293786, 2336441.207733587361872 ], [ 725552.767789105186239, 2335152.790394574869424 ], [ 726824.796154443873093, 2335169.310331562068313 ] ] ] } },
{ "type": "Feature", "properties": { "label": 0, "month": "1", "year": "2024" }, "geometry": { "type": "Polygon", "coordinates": [ [ [ 611928.362549093784764, 2376347.617169721517712 ], [ 611914.886190571938641, 2377636.768157675396651 ], [ 610644.757734159356914, 2377623.37154694320634 ], [ 610658.193841045722365, 2376334.224798020906746 ], [ 611928.362549093784764, 2376347.617169721517712 ] ] ] } },
{ "type": "Feature", "properties": { "label": 0, "month": "1", "year": "2024" }, "geometry": { "type": "Polygon", "coordinates": [ [ [ 615847.497695515165105, 2366076.166700807400048 ], [ 615833.938719120342284, 2367365.00741057144478 ], [ 614563.477974180364981, 2367351.532270522788167 ], [ 614576.997167244553566, 2366062.695952676236629 ], [ 615847.497695515165105, 2366076.166700807400048 ] ] ] } },
{ "type": "Feature", "properties": { "label": 0, "month": "1", "year": "2024" }, "geometry": { "type": "Polygon", "coordinates": [ [ [ 890640.837907338514924, 2202323.233260883949697 ], [ 890620.964529446559027, 2203609.475510506425053 ], [ 889343.713644941570237, 2203589.869884261395782 ], [ 889363.55439172196202, 2202303.642734785564244 ], [ 890640.837907338514924, 2202323.233260883949697 ] ] ] } },
{ "type": "Feature", "properties": { "label": 0, "month": "1", "year": "2024" }, "geometry": { "type": "Polygon", "coordinates": [ [ [ 913100.226413305848837, 2155082.207329322583973 ], [ 913080.465588026097976, 2156367.576895418111235 ], [ 911801.773991223424673, 2156348.025664814282209 ], [ 911821.504277948988602, 2155062.672142731025815 ], [ 913100.226413305848837, 2155082.207329322583973 ] ] ] } },
{ "type": "Feature", "properties": { "label": 0, "month": "1", "year": "2024" }, "geometry": { "type": "Polygon", "coordinates": [ [ [ 855973.88641879032366, 2125976.611822498496622 ], [ 855955.836266496800818, 2127260.668245909269899 ], [ 854677.174458097200841, 2127242.759077389258891 ], [ 854695.1954285223037, 2125958.716501745861024 ], [ 855973.88641879032366, 2125976.611822498496622 ] ] ] } },
{ "type": "Feature", "properties": { "label": 0, "month": "1", "year": "2024" }, "geometry": { "type": "Polygon", "coordinates": [ [ [ 806221.91815317957662, 2301474.491753086447716 ], [ 806203.113945614779368, 2302762.534650414716452 ], [ 804929.469453634344973, 2302744.057357395999134 ], [ 804948.236638874863274, 2301456.026167540811002 ], [ 806221.91815317957662, 2301474.491753086447716 ] ] ] } },
{ "type": "Feature", "properties": { "label": 0, "month": "1", "year": "2024" }, "geometry": { "type": "Polygon", "coordinates": [ [ [ 871249.499027910409495, 2217467.057515076827258 ], [ 871229.91978978633415, 2218753.465532712172717 ], [ 869953.290488526923582, 2218734.161377364769578 ], [ 869972.836435911362059, 2217447.767685268074274 ], [ 871249.499027910409495, 2217467.057515076827258 ] ] ] } },
{ "type": "Feature", "properties": { "label": 0, "month": "1", "year": "2024" }, "geometry": { "type": "Polygon", "coordinates": [ [ [ 871300.895882412558421, 2127477.808410588186234 ], [ 871282.479328133282252, 2128762.063390126917511 ], [ 870003.673639150336385, 2128743.796628126874566 ], [ 870022.060929360683076, 2127459.556094342377037 ], [ 871300.895882412558421, 2127477.808410588186234 ] ] ] } },
{ "type": "Feature", "properties": { "label": 0, "month": "1", "year": "2024" }, "geometry": { "type": "Polygon", "coordinates": [ [ [ 846766.991265155142173, 2232541.938652995973825 ], [ 846747.86195895425044, 2233828.479116005357355 ], [ 845471.904845910379663, 2233809.62486123945564 ], [ 845491.00020924443379, 2232523.09775471361354 ], [ 846766.991265155142173, 2232541.938652995973825 ] ] ] } },
{ "type": "Feature", "properties": { "label": 0, "month": "1", "year": "2024" }, "geometry": { "type": "Polygon", "coordinates": [ [ [ 841663.108393391477875, 2232466.770906242541969 ], [ 841644.114845040254295, 2233753.258239562157542 ], [ 840368.211783130886033, 2233734.534738574177027 ], [ 840387.171397681580856, 2232448.060564249288291 ], [ 841663.108393391477875, 2232466.770906242541969 ] ] ] } },
{ "type": "Feature", "properties": { "label": 0, "month": "1", "year": "2024" }, "geometry": { "type": "Polygon", "coordinates": [ [ [ 721720.10817945911549, 2336391.840687383897603 ], [ 721703.472764850594103, 2337680.270936316344887 ], [ 720431.555380709702149, 2337663.87969801062718 ], [ 720448.152270793914795, 2336375.457887368276715 ], [ 721720.10817945911549, 2336391.840687383897603 ] ] ] } },
{ "type": "Feature", "properties": { "label": 0, "month": "1", "year": "2024" }, "geometry": { "type": "Polygon", "coordinates": [ [ [ 863473.225584860891104, 2225070.227772451471537 ], [ 863453.750475601060316, 2226356.747400966472924 ], [ 862177.408948518335819, 2226337.551958889700472 ], [ 862196.850433166022412, 2225051.046343947760761 ], [ 863473.225584860891104, 2225070.227772451471537 ] ] ] } },
{ "type": "Feature", "properties": { "label": 0, "month": "1", "year": "2024" }, "geometry": { "type": "Polygon", "coordinates": [ [ [ 891132.118368826224469, 2170177.369263416156173 ], [ 891112.67197617678903, 2171462.833372620400041 ], [ 889834.622628635726869, 2171443.606024684384465 ], [ 889854.037831736262888, 2170158.157079904805869 ], [ 891132.118368826224469, 2170177.369263416156173 ] ] ] } },
{ "type": "Feature", "properties": { "label": 0, "month": "1", "year": "2024" }, "geometry": { "type": "Polygon", "coordinates": [ [ [ 849319.014366838848218, 2232579.718387121334672 ], [ 849299.817168068373576, 2233866.28571122372523 ], [ 848023.832715565920807, 2233847.36606519902125 ], [ 848042.995966912712902, 2232560.812196335755289 ], [ 849319.014366838848218, 2232579.718387121334672 ] ] ] } },
{ "type": "Feature", "properties": { "label": 0, "month": "1", "year": "2024" }, "geometry": { "type": "Polygon", "coordinates": [ [ [ 613266.048484197235666, 2369915.879214319866151 ], [ 613252.555121574550867, 2371204.831957174930722 ], [ 611982.222078188089654, 2371191.418918875977397 ], [ 611995.675483479979448, 2369902.47046840749681 ], [ 613266.048484197235666, 2369915.879214319866151 ] ] ] } },
{ "type": "Feature", "properties": { "label": 0, "month": "1", "year": "2024" }, "geometry": { "type": "Polygon", "coordinates": [ [ [ 899822.115987783763558, 2187027.522692793980241 ], [ 899802.224121575709432, 2188313.494161291979253 ], [ 898524.475812634453177, 2188293.85290634771809 ], [ 898544.335724485805258, 2187007.896917363163084 ], [ 899822.115987783763558, 2187027.522692793980241 ] ] ] } },
{ "type": "Feature", "properties": { "label": 0, "month": "1", "year": "2024" }, "geometry": { "type": "Polygon", "coordinates": [ [ [ 901298.186036491766572, 2174189.010496475268155 ], [ 901278.437506985850632, 2175474.689093196764588 ], [ 900000.356349186156876, 2175455.172239151783288 ], [ 900020.07349832134787, 2174169.509197913575917 ], [ 901298.186036491766572, 2174189.010496475268155 ] ] ] } },
{ "type": "Feature", "properties": { "label": 0, "month": "1", "year": "2024" }, "geometry": { "type": "Polygon", "coordinates": [ [ [ 627337.807767873862758, 2361043.959614869672805 ], [ 627323.911867199465632, 2362332.681918350514024 ], [ 626053.253695530234836, 2362318.88858691835776 ], [ 626067.11003357777372, 2361030.1711137117818 ], [ 627337.807767873862758, 2361043.959614869672805 ] ] ] } },
{ "type": "Feature", "properties": { "label": 0, "month": "1", "year": "2024" }, "geometry": { "type": "Polygon", "coordinates": [ [ [ 819404.348826743895188, 2181996.371208174619824 ], [ 819386.507249818183482, 2183281.370953673496842 ], [ 818109.558045913698152, 2183263.715571379754692 ], [ 818127.36798046133481, 2181978.728182011283934 ], [ 819404.348826743895188, 2181996.371208174619824 ] ] ] } },
{ "type": "Feature", "properties": { "label": 0, "month": "1", "year": "2024" }, "geometry": { "type": "Polygon", "coordinates": [ [ [ 746096.502172767068259, 2321249.826580215711147 ], [ 746079.263609370449558, 2322537.968608216848224 ], [ 744806.718578052241355, 2322520.996181139722466 ], [ 744823.919283266644925, 2321232.863536147866398 ], [ 746096.502172767068259, 2321249.826580215711147 ] ] ] } },
{ "type": "Feature", "properties": { "label": 0, "month": "1", "year": "2024" }, "geometry": { "type": "Polygon", "coordinates": [ [ [ 902733.921409099479206, 2163924.082270698156208 ], [ 902714.282010660273954, 2165209.53399021923542 ], [ 901435.935450550168753, 2165190.111537285149097 ], [ 901455.543926518177614, 2163904.675443904474378 ], [ 902733.921409099479206, 2163924.082270698156208 ] ] ] } },
{ "type": "Feature", "properties": { "label": 0, "month": "1", "year": "2024" }, "geometry": { "type": "Polygon", "coordinates": [ [ [ 748658.999696381855756, 2319995.737165058497339 ], [ 748641.696287433383986, 2321283.860361691564322 ], [ 747369.094490198185667, 2321266.825521341525018 ], [ 747386.360095487558283, 2319978.711806915234774 ], [ 748658.999696381855756, 2319995.737165058497339 ] ] ] } },
{ "type": "Feature", "properties": { "label": 0, "month": "1", "year": "2024" }, "geometry": { "type": "Polygon", "coordinates": [ [ [ 871229.91978978633415, 2218753.465532712172717 ], [ 871210.32427959877532, 2220039.906190373469144 ], [ 869933.728327008662745, 2220020.587712006643414 ], [ 869953.290488526923582, 2218734.161377364769578 ], [ 871229.91978978633415, 2218753.465532712172717 ] ] ] } },
{ "type": "Feature", "properties": { "label": 0, "month": "1", "year": "2024" }, "geometry": { "type": "Polygon", "coordinates": [ [ [ 610496.661549587617628, 2391806.685554275754839 ], [ 610483.171081504784524, 2393096.324803698807955 ], [ 609213.534110171720386, 2393082.915854760911316 ], [ 609226.98361644463148, 2391793.280783848371357 ], [ 610496.661549587617628, 2391806.685554275754839 ] ] ] } },
{ "type": "Feature", "properties": { "label": 0, "month": "1", "year": "2024" }, "geometry": { "type": "Polygon", "coordinates": [ [ [ 802549.974996926030144, 2291116.452524705789983 ], [ 802531.388343721162528, 2292404.168739190325141 ], [ 801257.484765019966289, 2292385.889799627475441 ], [ 801276.034871492534876, 2291098.185163941700011 ], [ 802549.974996926030144, 2291116.452524705789983 ] ] ] } },
{ "type": "Feature", "properties": { "label": 0, "month": "1", "year": "2024" }, "geometry": { "type": "Polygon", "coordinates": [ [ [ 896574.664880016818643, 2148405.187725047115237 ], [ 896555.387098234379664, 2149690.204939680639654 ], [ 895276.752719616051763, 2149671.117727448698133 ], [ 895296.000278903869912, 2148386.115919898729771 ], [ 896574.664880016818643, 2148405.187725047115237 ] ] ] } },
{ "type": "Feature", "properties": { "label": 0, "month": "1", "year": "2024" }, "geometry": { "type": "Polygon", "coordinates": [ [ [ 905172.251895013730973, 2171676.337536294013262 ], [ 905152.444584404118359, 2172962.002137488219887 ], [ 903874.252695350558497, 2172942.425145238172263 ], [ 903894.028733827406541, 2171656.776254340540618 ], [ 905172.251895013730973, 2171676.337536294013262 ] ] ] } },
{ "type": "Feature", "properties": { "label": 0, "month": "1", "year": "2024" }, "geometry": { "type": "Polygon", "coordinates": [ [ [ 627351.698367553995922, 2359755.277181078214198 ], [ 627337.807767873862758, 2361043.959614869672805 ], [ 626067.11003357777372, 2361030.1711137117818 ], [ 626080.961129705770873, 2359741.493511338718235 ], [ 627351.698367553995922, 2359755.277181078214198 ] ] ] } },
{ "type": "Feature", "properties": { "label": 0, "month": "1", "year": "2024" }, "geometry": { "type": "Polygon", "coordinates": [ [ [ 888711.186907974770293, 2161141.785399643704295 ], [ 888691.921371868113056, 2162427.007883668411523 ], [ 887413.68585486675147, 2162407.946725479327142 ], [ 887432.920608165673912, 2161122.739323784597218 ], [ 888711.186907974770293, 2161141.785399643704295 ] ] ] } },
{ "type": "Feature", "properties": { "label": 0, "month": "1", "year": "2024" }, "geometry": { "type": "Polygon", "coordinates": [ [ [ 755161.879422496655025, 2309777.38213682314381 ], [ 755144.47628349380102, 2311065.253814118448645 ], [ 753871.525438964948989, 2311048.117303415201604 ], [ 753888.891233375994489, 2309760.255367200355977 ], [ 755161.879422496655025, 2309777.38213682314381 ] ] ] } },
{ "type": "Feature", "properties": { "label": 0, "month": "1", "year": "2024" }, "geometry": { "type": "Polygon", "coordinates": [ [ [ 602944.810793779906817, 2385279.378041203599423 ], [ 602931.586937357438728, 2386568.786601334344596 ], [ 601661.767761651426554, 2386555.627774260938168 ], [ 601674.950963402749039, 2385266.223109453450888 ], [ 602944.810793779906817, 2385279.378041203599423 ] ] ] } },
{ "type": "Feature", "properties": { "label": 0, "month": "1", "year": "2024" }, "geometry": { "type": "Polygon", "coordinates": [ [ [ 862294.676220572087914, 2131203.193337977398187 ], [ 862276.417486679973081, 2132487.434087585657835 ], [ 860997.801795290317386, 2132469.32561118202284 ], [ 861016.031108644558117, 2131185.098950267303735 ], [ 862294.676220572087914, 2131203.193337977398187 ] ] ] } },
{ "type": "Feature", "properties": { "label": 0, "month": "1", "year": "2024" }, "geometry": { "type": "Polygon", "coordinates": [ [ [ 451400.891282845870592, 2452371.613181994762272 ], [ 451392.650224452430848, 2453663.166158276144415 ], [ 450125.115512746153399, 2453654.639730288647115 ], [ 450133.312923388322815, 2452363.084937035571784 ], [ 451400.891282845870592, 2452371.613181994762272 ] ] ] } },
{ "type": "Feature", "properties": { "label": 0, "month": "1", "year": "2024" }, "geometry": { "type": "Polygon", "coordinates": [ [ [ 919072.057226453442127, 2182181.09749937383458 ], [ 919051.759142864728346, 2183467.18322092294693 ], [ 917773.639554111752659, 2183447.141473451629281 ], [ 917793.905879015335813, 2182161.071989275980741 ], [ 919072.057226453442127, 2182181.09749937383458 ] ] ] } },
{ "type": "Feature", "properties": { "label": 0, "month": "1", "year": "2024" }, "geometry": { "type": "Polygon", "coordinates": [ [ [ 899662.491319646360353, 2197316.17037264816463 ], [ 899642.459497633739375, 2198602.392813682090491 ], [ 898364.968901578919031, 2198582.627817343920469 ], [ 898384.968307333416305, 2197296.420834739226848 ], [ 899662.491319646360353, 2197316.17037264816463 ] ] ] } },
{ "type": "Feature", "properties": { "label": 0, "month": "1", "year": "2024" }, "geometry": { "type": "Polygon", "coordinates": [ [ [ 589027.607874204521067, 2379979.708599990233779 ], [ 589014.845215083332732, 2381268.912974298000336 ], [ 587744.899387197801843, 2381256.187705982476473 ], [ 587757.6216472244123, 2379966.986701913177967 ], [ 589027.607874204521067, 2379979.708599990233779 ] ] ] } },
{ "type": "Feature", "properties": { "label": 0, "month": "1", "year": "2024" }, "geometry": { "type": "Polygon", "coordinates": [ [ [ 798635.673298686975613, 2297500.526212522760034 ], [ 798617.130612149718218, 2298788.389730989933014 ], [ 797343.44559375627432, 2298770.158273519016802 ], [ 797361.951447461964563, 2297482.306176041718572 ], [ 798635.673298686975613, 2297500.526212522760034 ] ] ] } },
{ "type": "Feature", "properties": { "label": 0, "month": "1", "year": "2024" }, "geometry": { "type": "Polygon", "coordinates": [ [ [ 899582.258985686465167, 2202461.250192211009562 ], [ 899562.157124526798725, 2203747.599533469881862 ], [ 898284.796771567314863, 2203727.77272990019992 ], [ 898304.865985218901187, 2202441.438836462795734 ], [ 899582.258985686465167, 2202461.250192211009562 ] ] ] } },
{ "type": "Feature", "properties": { "label": 0, "month": "1", "year": "2024" }, "geometry": { "type": "Polygon", "coordinates": [ [ [ 619659.023982456186786, 2366116.803623506333679 ], [ 619645.345645663677715, 2367405.657798202708364 ], [ 618374.872503278427757, 2367392.070172760169953 ], [ 618388.511051533743739, 2366103.22053457563743 ], [ 619659.023982456186786, 2366116.803623506333679 ] ] ] } },
{ "type": "Feature", "properties": { "label": 0, "month": "1", "year": "2024" }, "geometry": { "type": "Polygon", "coordinates": [ [ [ 797232.135729409637861, 2306498.040826810523868 ], [ 797213.538278583087958, 2307786.150149703025818 ], [ 795940.124261300312355, 2307767.874258787371218 ], [ 795958.68447102222126, 2306479.776292524766177 ], [ 797232.135729409637861, 2306498.040826810523868 ] ] ] } },
{ "type": "Feature", "properties": { "label": 0, "month": "1", "year": "2024" }, "geometry": { "type": "Polygon", "coordinates": [ [ [ 794685.244692404288799, 2306461.547158461995423 ], [ 794666.721721525071189, 2307749.633816906251013 ], [ 793393.330607261043042, 2307731.428821706678718 ], [ 793411.816341556143016, 2306443.353422270622104 ], [ 794685.244692404288799, 2306461.547158461995423 ] ] ] } },
{ "type": "Feature", "properties": { "label": 0, "month": "1", "year": "2024" }, "geometry": { "type": "Polygon", "coordinates": [ [ [ 858476.938849119353108, 2129864.826444120611995 ], [ 858458.783862630603835, 2131148.996399571653455 ], [ 857180.181623331736773, 2131130.988232154399157 ], [ 857198.307252648402937, 2129846.832217688672245 ], [ 858476.938849119353108, 2129864.826444120611995 ] ] ] } },
{ "type": "Feature", "properties": { "label": 0, "month": "1", "year": "2024" }, "geometry": { "type": "Polygon", "coordinates": [ [ [ 859624.76869838568382, 2226299.258353303186595 ], [ 859605.378691924386658, 2227585.769108559004962 ], [ 858329.113539826590568, 2227566.657077430281788 ], [ 858348.469870595610701, 2226280.160184917040169 ], [ 859624.76869838568382, 2226299.258353303186595 ] ] ] } },
{ "type": "Feature", "properties": { "label": 0, "month": "1", "year": "2024" }, "geometry": { "type": "Polygon", "coordinates": [ [ [ 854731.191432342398912, 2123390.716651857364923 ], [ 854713.201085948967375, 2124674.702379203401506 ], [ 853434.495061691617593, 2124656.849389702547342 ], [ 853452.456342311110348, 2123372.877464609686285 ], [ 854731.191432342398912, 2123390.716651857364923 ] ] ] } },
{ "type": "Feature", "properties": { "label": 0, "month": "1", "year": "2024" }, "geometry": { "type": "Polygon", "coordinates": [ [ [ 618306.606457463582046, 2373836.922456027008593 ], [ 618292.938587938551791, 2375126.014168879482895 ], [ 617022.709592823055573, 2375112.437133024446666 ], [ 617036.337320502614602, 2373823.349902010057122 ], [ 618306.606457463582046, 2373836.922456027008593 ] ] ] } },
{ "type": "Feature", "properties": { "label": 0, "month": "1", "year": "2024" }, "geometry": { "type": "Polygon", "coordinates": [ [ [ 429904.26366246555699, 2443192.255293052643538 ], [ 429896.736462348606437, 2444483.535502105485648 ], [ 428628.844729477423243, 2444475.680494439322501 ], [ 428636.328720748890191, 2443184.397657512221485 ], [ 429904.26366246555699, 2443192.255293052643538 ] ] ] } },
{ "type": "Feature", "properties": { "label": 0, "month": "1", "year": "2024" }, "geometry": { "type": "Polygon", "coordinates": [ [ [ 795977.231648845365271, 2305191.715258009266108 ], [ 795958.68447102222126, 2306479.776292524766177 ], [ 794685.244692404288799, 2306461.547158461995423 ], [ 794703.754690069705248, 2305173.497433971613646 ], [ 795977.231648845365271, 2305191.715258009266108 ] ] ] } },
{ "type": "Feature", "properties": { "label": 0, "month": "1", "year": "2024" }, "geometry": { "type": "Polygon", "coordinates": [ [ [ 747369.094490198185667, 2321266.825521341525018 ], [ 747351.818066495237872, 2322554.976980998180807 ], [ 746079.263609370449558, 2322537.968608216848224 ], [ 746096.502172767068259, 2321249.826580215711147 ], [ 747369.094490198185667, 2321266.825521341525018 ] ] ] } },
{ "type": "Feature", "properties": { "label": 0, "month": "1", "year": "2024" }, "geometry": { "type": "Polygon", "coordinates": [ [ [ 437457.37240609433502, 2452280.031826956663281 ], [ 437449.611410800076555, 2453571.607406848110259 ], [ 436182.044174554524943, 2453563.5273517225869 ], [ 436189.761534422112163, 2452271.949431475251913 ], [ 437457.37240609433502, 2452280.031826956663281 ] ] ] } },
{ "type": "Feature", "properties": { "label": 0, "month": "1", "year": "2024" }, "geometry": { "type": "Polygon", "coordinates": [ [ [ 889422.974335529142991, 2198445.152057755738497 ], [ 889403.184734551003203, 2199731.283880548086017 ], [ 888125.851565440418199, 2199711.75500032491982 ], [ 888145.608711022417992, 2198425.638235788792372 ], [ 889422.974335529142991, 2198445.152057755738497 ] ] ] } },
{ "type": "Feature", "properties": { "label": 0, "month": "1", "year": "2024" }, "geometry": { "type": "Polygon", "coordinates": [ [ [ 792230.449062665342353, 2299985.426989896222949 ], [ 792212.064824885455891, 2301273.307097739074379 ], [ 790938.510831885272637, 2301255.228817719966173 ], [ 790956.858130837092176, 2299967.359882180113345 ], [ 792230.449062665342353, 2299985.426989896222949 ] ] ] } },
{ "type": "Feature", "properties": { "label": 0, "month": "1", "year": "2024" }, "geometry": { "type": "Polygon", "coordinates": [ [ [ 867298.904084287700243, 2138982.07594137173146 ], [ 867280.432253069244325, 2140266.546735334675759 ], [ 866001.936443420592695, 2140248.237384079955518 ], [ 866020.378502879058942, 2138963.780864829197526 ], [ 867298.904084287700243, 2138982.07594137173146 ] ] ] } },
{ "type": "Feature", "properties": { "label": 0, "month": "1", "year": "2024" }, "geometry": { "type": "Polygon", "coordinates": [ [ [ 891738.364503448829055, 2213920.324868491850793 ], [ 891718.303879352286458, 2215206.871391817927361 ], [ 890441.333818656392395, 2215187.097946011461318 ], [ 890461.361288431799039, 2213900.566548872739077 ], [ 891738.364503448829055, 2213920.324868491850793 ] ] ] } },
{ "type": "Feature", "properties": { "label": 0, "month": "1", "year": "2024" }, "geometry": { "type": "Polygon", "coordinates": [ [ [ 891267.765913341660053, 2161179.967378968372941 ], [ 891248.438804914709181, 2162465.220177332870662 ], [ 889970.172337684547529, 2162446.099033486098051 ], [ 889989.468658833997324, 2161160.86141723766923 ], [ 891267.765913341660053, 2161179.967378968372941 ] ] ] } },
{ "type": "Feature", "properties": { "label": 0, "month": "1", "year": "2024" }, "geometry": { "type": "Polygon", "coordinates": [ [ [ 611820.423163132276386, 2386661.968056719750166 ], [ 611806.910086955642328, 2387951.446364589501172 ], [ 610537.105777723365463, 2387938.015879042446613 ], [ 610550.578127889195457, 2386648.541801878716797 ], [ 611820.423163132276386, 2386661.968056719750166 ] ] ] } },
{ "type": "Feature", "properties": { "label": 0, "month": "1", "year": "2024" }, "geometry": { "type": "Polygon", "coordinates": [ [ [ 905271.023252699756995, 2165248.469252321403474 ], [ 905251.304332086467184, 2166533.982474388089031 ], [ 903972.956657732604071, 2166514.484059788752347 ], [ 903992.644593831617385, 2165228.986561088357121 ], [ 905271.023252699756995, 2165248.469252321403474 ] ] ] } },
{ "type": "Feature", "properties": { "label": 0, "month": "1", "year": "2024" }, "geometry": { "type": "Polygon", "coordinates": [ [ [ 610577.509238474653102, 2384069.716992165427655 ], [ 610564.045948191545904, 2385359.108860541600734 ], [ 609294.164096764870919, 2385345.724998209625483 ], [ 609307.586781443213113, 2384056.337314564269036 ], [ 610577.509238474653102, 2384069.716992165427655 ] ] ] } },
{ "type": "Feature", "properties": { "label": 0, "month": "1", "year": "2024" }, "geometry": { "type": "Polygon", "coordinates": [ [ [ 855955.836266496800818, 2127260.668245909269899 ], [ 855937.770742205902934, 2128544.753178074490279 ], [ 854659.138172704027966, 2128526.830164031591266 ], [ 854677.174458097200841, 2127242.759077389258891 ], [ 855955.836266496800818, 2127260.668245909269899 ] ] ] } },
{ "type": "Feature", "properties": { "label": 0, "month": "1", "year": "2024" }, "geometry": { "type": "Polygon", "coordinates": [ [ [ 852173.735292599420063, 2123355.066706382669508 ], [ 852155.803075687261298, 2124639.024879245087504 ], [ 850877.125075326301157, 2124621.228845648001879 ], [ 850895.028230601456016, 2123337.284375001210719 ], [ 852173.735292599420063, 2123355.066706382669508 ] ] ] } },
{ "type": "Feature", "properties": { "label": 0, "month": "1", "year": "2024" }, "geometry": { "type": "Polygon", "coordinates": [ [ [ 609294.164096764870919, 2385345.724998209625483 ], [ 609280.736941399867646, 2386635.153755863197148 ], [ 608010.899552154238336, 2386621.803917048033327 ], [ 608024.286044303211384, 2385332.379295020364225 ], [ 609294.164096764870919, 2385345.724998209625483 ] ] ] } },
{ "type": "Feature", "properties": { "label": 0, "month": "1", "year": "2024" }, "geometry": { "type": "Polygon", "coordinates": [ [ [ 437472.905334010371007, 2449697.01409660326317 ], [ 437465.137047878815793, 2450988.500744954682887 ], [ 436197.4826008368982, 2450980.416008869186044 ], [ 436205.207371645432431, 2449688.927019693888724 ], [ 437472.905334010371007, 2449697.01409660326317 ] ] ] } },
{ "type": "Feature", "properties": { "label": 0, "month": "1", "year": "2024" }, "geometry": { "type": "Polygon", "coordinates": [ [ [ 601595.790041030733846, 2393003.269499156158417 ], [ 601582.582156304968521, 2394292.921964827459306 ], [ 600313.011633266229182, 2394279.778272094670683 ], [ 600326.178508765995502, 2392990.129647861234844 ], [ 601595.790041030733846, 2393003.269499156158417 ] ] ] } },
{ "type": "Feature", "properties": { "label": 0, "month": "1", "year": "2024" }, "geometry": { "type": "Polygon", "coordinates": [ [ [ 609374.633138574659824, 2377610.012808418367058 ], [ 609361.232809887034819, 2378899.196063886396587 ], [ 608091.152331024641171, 2378885.871054167393595 ], [ 608104.512352268677205, 2377596.691940458957106 ], [ 609374.633138574659824, 2377610.012808418367058 ] ] ] } },
{ "type": "Feature", "properties": { "label": 0, "month": "1", "year": "2024" }, "geometry": { "type": "Polygon", "coordinates": [ [ [ 897027.488782993517816, 2202421.65903531620279 ], [ 897007.452214496908709, 2203707.977530600968748 ], [ 895730.123400796670467, 2203688.213933079037815 ], [ 895750.127326485933736, 2202401.91078625433147 ], [ 897027.488782993517816, 2202421.65903531620279 ] ] ] } },
{ "type": "Feature", "properties": { "label": 0, "month": "1", "year": "2024" }, "geometry": { "type": "Polygon", "coordinates": [ [ [ 793393.330607261043042, 2307731.428821706678718 ], [ 793374.831956704845652, 2309019.541218392550945 ], [ 792101.489508984028362, 2309001.360459534917027 ], [ 792119.950866513885558, 2307713.259270856622607 ], [ 793393.330607261043042, 2307731.428821706678718 ] ] ] } },
{ "type": "Feature", "properties": { "label": 0, "month": "1", "year": "2024" }, "geometry": { "type": "Polygon", "coordinates": [ [ [ 903953.251106202835217, 2167800.011720013339072 ], [ 903933.527936726808548, 2169085.569600217044353 ], [ 902655.258472753921524, 2169066.070016782730818 ], [ 902674.950544994673692, 2167780.527804838493466 ], [ 903953.251106202835217, 2167800.011720013339072 ] ] ] } },
{ "type": "Feature", "properties": { "label": 0, "month": "1", "year": "2024" }, "geometry": { "type": "Polygon", "coordinates": [ [ [ 790938.510831885272637, 2301255.228817719966173 ], [ 790920.15074253664352, 2302543.134449685458094 ], [ 789646.645025493577123, 2302525.080243961885571 ], [ 789664.9681196246529, 2301237.185733287129551 ], [ 790938.510831885272637, 2301255.228817719966173 ] ] ] } },
{ "type": "Feature", "properties": { "label": 0, "month": "1", "year": "2024" }, "geometry": { "type": "Polygon", "coordinates": [ [ [ 616954.498545426176861, 2381558.483028902672231 ], [ 616940.841854763915762, 2382847.814595061354339 ], [ 615670.859066487639211, 2382834.248763787094504 ], [ 615684.475261498359032, 2381544.921624865848571 ], [ 616954.498545426176861, 2381558.483028902672231 ] ] ] } },
{ "type": "Feature", "properties": { "label": 0, "month": "1", "year": "2024" }, "geometry": { "type": "Polygon", "coordinates": [ [ [ 441291.788229307392612, 2447138.691148241516203 ], [ 441283.882468462979887, 2448430.08238374395296 ], [ 440016.150522962794639, 2448421.871808888856322 ], [ 440024.012885223433841, 2447130.47837496874854 ], [ 441291.788229307392612, 2447138.691148241516203 ] ] ] } },
{ "type": "Feature", "properties": { "label": 0, "month": "1", "year": "2024" }, "geometry": { "type": "Polygon", "coordinates": [ [ [ 792212.064824885455891, 2301273.307097739074379 ], [ 792193.667738081421703, 2302561.223899831064045 ], [ 790920.15074253664352, 2302543.134449685458094 ], [ 790938.510831885272637, 2301255.228817719966173 ], [ 792212.064824885455891, 2301273.307097739074379 ] ] ] } },
{ "type": "Feature", "properties": { "label": 0, "month": "1", "year": "2024" }, "geometry": { "type": "Polygon", "coordinates": [ [ [ 889323.855844625621103, 2204876.128927370999008 ], [ 889303.980988303315826, 2206162.419923177920282 ], [ 888026.81096316431649, 2206142.815790539141744 ], [ 888046.65307505056262, 2204856.539840011391789 ], [ 889323.855844625621103, 2204876.128927370999008 ] ] ] } },
{ "type": "Feature", "properties": { "label": 0, "month": "1", "year": "2024" }, "geometry": { "type": "Polygon", "coordinates": [ [ [ 711528.364988263114356, 2337550.162523976527154 ], [ 711512.028527260292321, 2338838.565221215132624 ], [ 710240.215173562173732, 2338822.45776506094262 ], [ 710256.513067493448034, 2337534.063116461969912 ], [ 711528.364988263114356, 2337550.162523976527154 ] ] ] } },
{ "type": "Feature", "properties": { "label": 0, "month": "1", "year": "2024" }, "geometry": { "type": "Polygon", "coordinates": [ [ [ 445135.325088795449119, 2440707.309231870807707 ], [ 445127.272756320075132, 2441998.473587308544666 ], [ 443859.333411681640428, 2441990.131568643264472 ], [ 443867.34264206525404, 2440698.965156815946102 ], [ 445135.325088795449119, 2440707.309231870807707 ] ] ] } },
{ "type": "Feature", "properties": { "label": 0, "month": "1", "year": "2024" }, "geometry": { "type": "Polygon", "coordinates": [ [ [ 888086.286306763300672, 2202284.083745803218335 ], [ 888066.478188765002415, 2203570.295844790991396 ], [ 886789.258108424488455, 2203550.753389626275748 ], [ 886809.033599964692257, 2202264.556291460990906 ], [ 888086.286306763300672, 2202284.083745803218335 ] ] ] } },
{ "type": "Feature", "properties": { "label": 0, "month": "1", "year": "2024" }, "geometry": { "type": "Polygon", "coordinates": [ [ [ 801108.606873751617968, 2302688.837090171407908 ], [ 801089.937480563181452, 2303976.870190507732332 ], [ 799816.37715107796248, 2303958.522454363293946 ], [ 799835.009472391800955, 2302670.500863833352923 ], [ 801108.606873751617968, 2302688.837090171407908 ] ] ] } },
{ "type": "Feature", "properties": { "label": 0, "month": "1", "year": "2024" }, "geometry": { "type": "Polygon", "coordinates": [ [ [ 902357.768421489279717, 2188352.86970402719453 ], [ 902337.795038625597954, 2189638.903441254980862 ], [ 901060.046940842177719, 2189619.18458715826273 ], [ 901079.988307007588446, 2188333.16642635455355 ], [ 902357.768421489279717, 2188352.86970402719453 ] ] ] } },
{ "type": "Feature", "properties": { "label": 0, "month": "1", "year": "2024" }, "geometry": { "type": "Polygon", "coordinates": [ [ [ 853416.518527040141635, 2125940.849712236784399 ], [ 853398.526736409403384, 2127224.878490118309855 ], [ 852119.893048829981126, 2127207.026481913402677 ], [ 852137.855661743786186, 2125923.01145179476589 ], [ 853416.518527040141635, 2125940.849712236784399 ] ] ] } },
{ "type": "Feature", "properties": { "label": 0, "month": "1", "year": "2024" }, "geometry": { "type": "Polygon", "coordinates": [ [ [ 617090.799955565249547, 2368667.405384548008442 ], [ 617077.191538333427161, 2369956.330978042911738 ], [ 615806.806460046442226, 2369942.809467494022101 ], [ 615820.374973930185661, 2368653.888311973307282 ], [ 617090.799955565249547, 2368667.405384548008442 ] ] ] } },
{ "type": "Feature", "properties": { "label": 0, "month": "1", "year": "2024" }, "geometry": { "type": "Polygon", "coordinates": [ [ [ 790975.192641074070707, 2298679.527582098264247 ], [ 790956.858130837092176, 2299967.359882180113345 ], [ 789683.278481978690252, 2299949.327921203803271 ], [ 789701.576114231254905, 2298661.506746747996658 ], [ 790975.192641074070707, 2298679.527582098264247 ] ] ] } },
{ "type": "Feature", "properties": { "label": 0, "month": "1", "year": "2024" }, "geometry": { "type": "Polygon", "coordinates": [ [ [ 794722.251716254744679, 2303885.484582386910915 ], [ 794703.754690069705248, 2305173.497433971613646 ], [ 793430.289161317748949, 2305155.314958998933434 ], [ 793448.749068267643452, 2303867.313370825722814 ], [ 794722.251716254744679, 2303885.484582386910915 ] ] ] } },
{ "type": "Feature", "properties": { "label": 0, "month": "1", "year": "2024" }, "geometry": { "type": "Polygon", "coordinates": [ [ [ 867341.540957256802358, 2222554.94119014730677 ], [ 867321.997177540557459, 2223841.437326307874173 ], [ 866045.545274696312845, 2223822.172914983239025 ], [ 866065.055538827786222, 2222535.690945803653449 ], [ 867341.540957256802358, 2222554.94119014730677 ] ] ] } },
{ "type": "Feature", "properties": { "label": 0, "month": "1", "year": "2024" }, "geometry": { "type": "Polygon", "coordinates": [ [ [ 897776.009456933708861, 2153564.596405433956534 ], [ 897756.632250832393765, 2154849.747092373669147 ], [ 896478.103557590860873, 2154830.568570620380342 ], [ 896497.450309604173526, 2153545.433330615516752 ], [ 897776.009456933708861, 2153564.596405433956534 ] ] ] } },
{ "type": "Feature", "properties": { "label": 0, "month": "1", "year": "2024" }, "geometry": { "type": "Polygon", "coordinates": [ [ [ 890838.631105963257141, 2189462.551791313569993 ], [ 890818.928705675760284, 2190748.478374749422073 ], [ 889541.354110046289861, 2190729.023866736795753 ], [ 889561.024456768995151, 2189443.112409356050193 ], [ 890838.631105963257141, 2189462.551791313569993 ] ] ] } },
{ "type": "Feature", "properties": { "label": 0, "month": "1", "year": "2024" }, "geometry": { "type": "Polygon", "coordinates": [ [ [ 452776.433722684625536, 2435594.042410943191499 ], [ 452768.111132940917742, 2436885.020121701061726 ], [ 451500.016314957290888, 2436876.430098177865148 ], [ 451508.296035377599765, 2435585.450616567395627 ], [ 452776.433722684625536, 2435594.042410943191499 ] ] ] } },
{ "type": "Feature", "properties": { "label": 1, "month": "2", "year": "2024" }, "geometry": { "type": "Polygon", "coordinates": [ [ [ 750087.227858051308431, 2308421.292065545916557 ], [ 750069.985009054304101, 2309709.087881277315319 ], [ 748797.03554222616367, 2309692.102986384183168 ], [ 748814.241113784955814, 2308404.316718775779009 ], [ 750087.227858051308431, 2308421.292065545916557 ] ] ] } },
{ "type": "Feature", "properties": { "label": 1, "month": "2", "year": "2024" }, "geometry": { "type": "Polygon", "coordinates": [ [ [ 750069.985009054304101, 2309709.087881277315319 ], [ 750052.731235651532188, 2310996.920886552892625 ], [ 748779.819104920024984, 2310979.926445446442813 ], [ 748797.03554222616367, 2309692.102986384183168 ], [ 750069.985009054304101, 2309709.087881277315319 ] ] ] } },
{ "type": "Feature", "properties": { "label": 1, "month": "2", "year": "2024" }, "geometry": { "type": "Polygon", "coordinates": [ [ [ 749983.606872458476573, 2316148.626027777325362 ], [ 749966.298457855125889, 2317436.64589950023219 ], [ 748693.573887832695618, 2317419.603756085969508 ], [ 748710.84467288129963, 2316131.593420979566872 ], [ 749983.606872458476573, 2316148.626027777325362 ] ] ] } },
{ "type": "Feature", "properties": { "label": 1, "month": "2", "year": "2024" }, "geometry": { "type": "Polygon", "coordinates": [ [ [ 751325.652966962778009, 2311013.950841804035008 ], [ 751308.350871001137421, 2312301.830690852832049 ], [ 750035.46653657045681, 2312284.791142595931888 ], [ 750052.731235651532188, 2310996.920886552892625 ], [ 751325.652966962778009, 2311013.950841804035008 ] ] ] } },
{ "type": "Feature", "properties": { "label": 1, "month": "2", "year": "2024" }, "geometry": { "type": "Polygon", "coordinates": [ [ [ 784661.597288248827681, 2294726.662124581634998 ], [ 784643.484623066615313, 2296014.329712038394064 ], [ 783369.850183988106437, 2295996.506100746802986 ], [ 783387.926157996640541, 2294708.84940103488043 ], [ 784661.597288248827681, 2294726.662124581634998 ] ] ] } },
{ "type": "Feature", "properties": { "label": 1, "month": "2", "year": "2024" }, "geometry": { "type": "Polygon", "coordinates": [ [ [ 786025.838058985071257, 2288306.66195690818131 ], [ 786007.751423047157004, 2289594.159087270032614 ], [ 784733.923072847072035, 2289576.355191612616181 ], [ 784751.973308007000014, 2288288.869008477777243 ], [ 786025.838058985071257, 2288306.66195690818131 ] ] ] } },
{ "type": "Feature", "properties": { "label": 1, "month": "2", "year": "2024" }, "geometry": { "type": "Polygon", "coordinates": [ [ [ 785826.195025330642238, 2302471.129070220980793 ], [ 785807.970345910638571, 2303759.027276092208922 ], [ 784534.546267784084193, 2303741.103101157583296 ], [ 784552.733902263338678, 2302453.215819109231234 ], [ 785826.195025330642238, 2302471.129070220980793 ] ] ] } },
{ "type": "Feature", "properties": { "label": 1, "month": "2", "year": "2024" }, "geometry": { "type": "Polygon", "coordinates": [ [ [ 793522.459602392278612, 2298715.674548785667866 ], [ 793504.051329477922991, 2300003.529246672522277 ], [ 792230.449062665342353, 2299985.426989896222949 ], [ 792248.820453122607432, 2298697.58351534139365 ], [ 793522.459602392278612, 2298715.674548785667866 ] ] ] } },
{ "type": "Feature", "properties": { "label": 0, "month": "2", "year": "2024" }, "geometry": { "type": "Polygon", "coordinates": [ [ [ 872338.692296509630978, 2144193.834958916064352 ], [ 872320.0368034359999, 2145478.479934744536877 ], [ 871041.602004547603428, 2145459.996281622909009 ], [ 871060.227488504257053, 2144175.365770897828043 ], [ 872338.692296509630978, 2144193.834958916064352 ] ] ] } },
{ "type": "Feature", "properties": { "label": 0, "month": "2", "year": "2024" }, "geometry": { "type": "Polygon", "coordinates": [ [ [ 900039.773189558065496, 2172883.876676949672401 ], [ 900020.07349832134787, 2174169.509197913575917 ], [ 898741.97686200379394, 2174150.038361554034054 ], [ 898761.64523272565566, 2172864.421348821371794 ], [ 900039.773189558065496, 2172883.876676949672401 ] ] ] } },
{ "type": "Feature", "properties": { "label": 0, "month": "2", "year": "2024" }, "geometry": { "type": "Polygon", "coordinates": [ [ [ 837778.617870753165334, 2236270.182103201746941 ], [ 837759.681738120270893, 2237556.730539720971137 ], [ 836483.920794580830261, 2237538.066060419660062 ], [ 836502.822826094459742, 2236251.530627761036158 ], [ 837778.617870753165334, 2236270.182103201746941 ] ] ] } },
{ "type": "Feature", "properties": { "label": 0, "month": "2", "year": "2024" }, "geometry": { "type": "Polygon", "coordinates": [ [ [ 447761.01260657684179, 2426524.238259105943143 ], [ 447752.839550831529777, 2427814.919014464598149 ], [ 446484.435091233346611, 2427806.475112046580762 ], [ 446492.56570098613156, 2426515.792394051328301 ], [ 447761.01260657684179, 2426524.238259105943143 ] ] ] } },
{ "type": "Feature", "properties": { "label": 0, "month": "2", "year": "2024" }, "geometry": { "type": "Polygon", "coordinates": [ [ [ 443931.536106762068812, 2430371.20967575116083 ], [ 443923.50031298212707, 2431662.026503178291023 ], [ 442655.214890994131565, 2431653.707797909155488 ], [ 442663.208062789868563, 2430362.888865048065782 ], [ 443931.536106762068812, 2430371.20967575116083 ] ] ] } },
{ "type": "Feature", "properties": { "label": 0, "month": "2", "year": "2024" }, "geometry": { "type": "Polygon", "coordinates": [ [ [ 805135.169847324723378, 2288577.721181923523545 ], [ 805116.536933593568392, 2289865.388391283806413 ], [ 803842.536729349754751, 2289847.063056111801416 ], [ 803861.133208896499127, 2288559.407527880743146 ], [ 805135.169847324723378, 2288577.721181923523545 ] ] ] } },
{ "type": "Feature", "properties": { "label": 0, "month": "2", "year": "2024" }, "geometry": { "type": "Polygon", "coordinates": [ [ [ 601635.389015017193742, 2389134.560595341492444 ], [ 601622.193470638943836, 2390424.088877384550869 ], [ 600352.500098136486486, 2390410.956711881328374 ], [ 600365.654811475542374, 2389121.432274193037301 ], [ 601635.389015017193742, 2389134.560595341492444 ] ] ] } },
{ "type": "Feature", "properties": { "label": 0, "month": "2", "year": "2024" }, "geometry": { "type": "Polygon", "coordinates": [ [ [ 886789.258108424488455, 2203550.753389626275748 ], [ 886769.465678984532133, 2204836.98238660255447 ], [ 885492.293603933532722, 2204817.45656465459615 ], [ 885512.053351423004642, 2203531.242516270373017 ], [ 886789.258108424488455, 2203550.753389626275748 ] ] ] } },
{ "type": "Feature", "properties": { "label": 1, "month": "5", "year": "2024" }, "geometry": { "type": "Polygon", "coordinates": [ [ [ 716632.334534930298105, 2336326.528104407247156 ], [ 716615.853206083411351, 2337614.924891191069037 ], [ 715343.968967864755541, 2337598.679584722034633 ], [ 715360.411780396709219, 2336310.29104224126786 ], [ 716632.334534930298105, 2336326.528104407247156 ] ] ] } },
{ "type": "Feature", "properties": { "label": 1, "month": "5", "year": "2024" }, "geometry": { "type": "Polygon", "coordinates": [ [ [ 717920.775868798722513, 2335054.43504472495988 ], [ 717904.26550031802617, 2336342.801597940735519 ], [ 716632.334534930298105, 2336326.528104407247156 ], [ 716648.806443944573402, 2335038.169845707248896 ], [ 717920.775868798722513, 2335054.43504472495988 ] ] ] } },
{ "type": "Feature", "properties": { "label": 1, "month": "5", "year": "2024" }, "geometry": { "type": "Polygon", "coordinates": [ [ [ 717904.26550031802617, 2336342.801597940735519 ], [ 717887.745653108227998, 2337631.206677525304258 ], [ 716615.853206083411351, 2337614.924891191069037 ], [ 716632.334534930298105, 2336326.528104407247156 ], [ 717904.26550031802617, 2336342.801597940735519 ] ] ] } },
{ "type": "Feature", "properties": { "label": 1, "month": "5", "year": "2024" }, "geometry": { "type": "Polygon", "coordinates": [ [ [ 719159.646360722370446, 2337647.524945768993348 ], [ 719143.078454493079334, 2338935.976953024044633 ], [ 717871.216326197376475, 2338919.650345220696181 ], [ 717887.745653108227998, 2337631.206677525304258 ], [ 719159.646360722370446, 2337647.524945768993348 ] ] ] } },
{ "type": "Feature", "properties": { "label": 1, "month": "5", "year": "2024" }, "geometry": { "type": "Polygon", "coordinates": [ [ [ 721736.733938650926575, 2335103.448959553148597 ], [ 721720.10817945911549, 2336391.840687383897603 ], [ 720448.152270793914795, 2336375.457887368276715 ], [ 720464.739564360119402, 2335087.074599576648325 ], [ 721736.733938650926575, 2335103.448959553148597 ] ] ] } },
{ "type": "Feature", "properties": { "label": 1, "month": "5", "year": "2024" }, "geometry": { "type": "Polygon", "coordinates": [ [ [ 820699.201566946343519, 2180729.063825624529272 ], [ 820681.342252199072391, 2182014.044898200314492 ], [ 819404.348826743895188, 2181996.371208174619824 ], [ 819422.176554489182308, 2180711.402543513569981 ], [ 820699.201566946343519, 2180729.063825624529272 ] ] ] } },
{ "type": "Feature", "properties": { "label": 1, "month": "5", "year": "2024" }, "geometry": { "type": "Polygon", "coordinates": [ [ [ 820681.342252199072391, 2182014.044898200314492 ], [ 820663.469030791195109, 2183299.057049457915127 ], [ 819386.507249818183482, 2183281.370953673496842 ], [ 819404.348826743895188, 2181996.371208174619824 ], [ 820681.342252199072391, 2182014.044898200314492 ] ] ] } },
{ "type": "Feature", "properties": { "label": 1, "month": "5", "year": "2024" }, "geometry": { "type": "Polygon", "coordinates": [ [ [ 820663.469030791195109, 2183299.057049457915127 ], [ 820645.58190096123144, 2184584.100338263437152 ], [ 819368.651821964187548, 2184566.401838881894946 ], [ 819386.507249818183482, 2183281.370953673496842 ], [ 820663.469030791195109, 2183299.057049457915127 ] ] ] } },
{ "type": "Feature", "properties": { "label": 1, "month": "5", "year": "2024" }, "geometry": { "type": "Polygon", "coordinates": [ [ [ 821976.239213083405048, 2180746.75572418468073 ], [ 821958.348309230059385, 2182031.749254292342812 ], [ 820681.342252199072391, 2182014.044898200314492 ], [ 820699.201566946343519, 2180729.063825624529272 ], [ 821976.239213083405048, 2180746.75572418468073 ] ] ] } },
{ "type": "Feature", "properties": { "label": 1, "month": "5", "year": "2024" }, "geometry": { "type": "Polygon", "coordinates": [ [ [ 821958.348309230059385, 2182031.749254292342812 ], [ 821940.443441232899204, 2183316.773860929533839 ], [ 820663.469030791195109, 2183299.057049457915127 ], [ 820681.342252199072391, 2182014.044898200314492 ], [ 821958.348309230059385, 2182031.749254292342812 ] ] ] } },
{ "type": "Feature", "properties": { "label": 1, "month": "5", "year": "2024" }, "geometry": { "type": "Polygon", "coordinates": [ [ [ 823324.839344934443943, 2175624.763659479096532 ], [ 823306.972918563755229, 2176909.645987463183701 ], [ 822029.828157487791032, 2176891.961004759185016 ], [ 822047.663222460541874, 2175607.091192594729364 ], [ 823324.839344934443943, 2175624.763659479096532 ] ] ] } },
{ "type": "Feature", "properties": { "label": 1, "month": "5", "year": "2024" }, "geometry": { "type": "Polygon", "coordinates": [ [ [ 823289.092477689031512, 2178194.559154581278563 ], [ 823271.198020531563088, 2179479.503219631500542 ], [ 821994.116154565475881, 2179461.793211772106588 ], [ 822011.979135443689302, 2178176.86165822762996 ], [ 823289.092477689031512, 2178194.559154581278563 ] ] ] } },
{ "type": "Feature", "properties": { "label": 1, "month": "5", "year": "2024" }, "geometry": { "type": "Polygon", "coordinates": [ [ [ 823271.198020531563088, 2179479.503219631500542 ], [ 823253.28954530833289, 2180764.478241380769759 ], [ 821976.239213083405048, 2180746.75572418468073 ], [ 821994.116154565475881, 2179461.793211772106588 ], [ 823271.198020531563088, 2179479.503219631500542 ] ] ] } },
{ "type": "Feature", "properties": { "label": 1, "month": "5", "year": "2024" }, "geometry": { "type": "Polygon", "coordinates": [ [ [ 823253.28954530833289, 2180764.478241380769759 ], [ 823235.367050241562538, 2182049.484278657007962 ], [ 821958.348309230059385, 2182031.749254292342812 ], [ 821976.239213083405048, 2180746.75572418468073 ], [ 823253.28954530833289, 2180764.478241380769759 ] ] ] } },
{ "type": "Feature", "properties": { "label": 1, "month": "5", "year": "2024" }, "geometry": { "type": "Polygon", "coordinates": [ [ [ 824726.918878700817004, 2166649.060797261539847 ], [ 824709.119542556465603, 2167933.741475739516318 ], [ 823431.743697703815997, 2167916.114024886395782 ], [ 823449.512072080164216, 2166631.445926990825683 ], [ 824726.918878700817004, 2166649.060797261539847 ] ] ] } },
{ "type": "Feature", "properties": { "label": 1, "month": "5", "year": "2024" }, "geometry": { "type": "Polygon", "coordinates": [ [ [ 824709.119542556465603, 2167933.741475739516318 ], [ 824691.306146924383938, 2169218.4525803825818 ], [ 823413.961321194772609, 2169200.812551084905863 ], [ 823431.743697703815997, 2167916.114024886395782 ], [ 824709.119542556465603, 2167933.741475739516318 ] ] ] } },
{ "type": "Feature", "properties": { "label": 1, "month": "5", "year": "2024" }, "geometry": { "type": "Polygon", "coordinates": [ [ [ 824691.306146924383938, 2169218.4525803825818 ], [ 824673.47869003273081, 2170503.194169805850834 ], [ 823396.164940790971741, 2170485.541564228478819 ], [ 823413.961321194772609, 2169200.812551084905863 ], [ 824691.306146924383938, 2169218.4525803825818 ] ] ] } },
{ "type": "Feature", "properties": { "label": 1, "month": "5", "year": "2024" }, "geometry": { "type": "Polygon", "coordinates": [ [ [ 824655.637170104193501, 2171787.966302663553506 ], [ 824637.781585364602506, 2173072.769037617836148 ], [ 823360.530161245726049, 2173055.091285950038582 ], [ 823378.35455473116599, 2171770.301122960168868 ], [ 824655.637170104193501, 2171787.966302663553506 ] ] ] } },
{ "type": "Feature", "properties": { "label": 1, "month": "5", "year": "2024" }, "geometry": { "type": "Polygon", "coordinates": [ [ [ 824637.781585364602506, 2173072.769037617836148 ], [ 824619.911934032104909, 2174357.602433359716088 ], [ 823342.691758568864316, 2174339.912111885845661 ], [ 823360.530161245726049, 2173055.091285950038582 ], [ 824637.781585364602506, 2173072.769037617836148 ] ] ] } },
{ "type": "Feature", "properties": { "label": 1, "month": "5", "year": "2024" }, "geometry": { "type": "Polygon", "coordinates": [ [ [ 824619.911934032104909, 2174357.602433359716088 ], [ 824602.02821432473138, 2175642.466548606753349 ], [ 823324.839344934443943, 2175624.763659479096532 ], [ 823342.691758568864316, 2174339.912111885845661 ], [ 824619.911934032104909, 2174357.602433359716088 ] ] ] } },
{ "type": "Feature", "properties": { "label": 1, "month": "5", "year": "2024" }, "geometry": { "type": "Polygon", "coordinates": [ [ [ 824602.02821432473138, 2175642.466548606753349 ], [ 824584.130424459232017, 2176927.361442069988698 ], [ 823306.972918563755229, 2176909.645987463183701 ], [ 823324.839344934443943, 2175624.763659479096532 ], [ 824602.02821432473138, 2175642.466548606753349 ] ] ] } },
{ "type": "Feature", "properties": { "label": 1, "month": "5", "year": "2024" }, "geometry": { "type": "Polygon", "coordinates": [ [ [ 824584.130424459232017, 2176927.361442069988698 ], [ 824566.218562648631632, 2178212.287172514479607 ], [ 823289.092477689031512, 2178194.559154581278563 ], [ 823306.972918563755229, 2176909.645987463183701 ], [ 824584.130424459232017, 2176927.361442069988698 ] ] ] } },
{ "type": "Feature", "properties": { "label": 1, "month": "5", "year": "2024" }, "geometry": { "type": "Polygon", "coordinates": [ [ [ 824566.218562648631632, 2178212.287172514479607 ], [ 824548.292627101996914, 2179497.243798702955246 ], [ 823271.198020531563088, 2179479.503219631500542 ], [ 823289.092477689031512, 2178194.559154581278563 ], [ 824566.218562648631632, 2178212.287172514479607 ] ] ] } },
{ "type": "Feature", "properties": { "label": 1, "month": "5", "year": "2024" }, "geometry": { "type": "Polygon", "coordinates": [ [ [ 824548.292627101996914, 2179497.243798702955246 ], [ 824530.352616030606441, 2180782.231379427481443 ], [ 823253.28954530833289, 2180764.478241380769759 ], [ 823271.198020531563088, 2179479.503219631500542 ], [ 824548.292627101996914, 2179497.243798702955246 ] ] ] } },
{ "type": "Feature", "properties": { "label": 1, "month": "5", "year": "2024" }, "geometry": { "type": "Polygon", "coordinates": [ [ [ 826022.154684273293242, 2165382.042800719384104 ], [ 826004.338499331846833, 2166666.705744106322527 ], [ 824726.918878700817004, 2166649.060797261539847 ], [ 824744.704157130327076, 2165364.410486339591444 ], [ 826022.154684273293242, 2165382.042800719384104 ] ] ] } },
{ "type": "Feature", "properties": { "label": 1, "month": "5", "year": "2024" }, "geometry": { "type": "Polygon", "coordinates": [ [ [ 826004.338499331846833, 2166666.705744106322527 ], [ 825986.508199328556657, 2167951.399052886758 ], [ 824709.119542556465603, 2167933.741475739516318 ], [ 824726.918878700817004, 2166649.060797261539847 ], [ 826004.338499331846833, 2166666.705744106322527 ] ] ] } },
{ "type": "Feature", "properties": { "label": 1, "month": "5", "year": "2024" }, "geometry": { "type": "Polygon", "coordinates": [ [ [ 825986.508199328556657, 2167951.399052886758 ], [ 825968.663782483199611, 2169236.122785677667707 ], [ 824691.306146924383938, 2169218.4525803825818 ], [ 824709.119542556465603, 2167933.741475739516318 ], [ 825986.508199328556657, 2167951.399052886758 ] ] ] } },
{ "type": "Feature", "properties": { "label": 1, "month": "5", "year": "2024" }, "geometry": { "type": "Polygon", "coordinates": [ [ [ 825968.663782483199611, 2169236.122785677667707 ], [ 825950.805247010895982, 2170520.877001086249948 ], [ 824673.47869003273081, 2170503.194169805850834 ], [ 824691.306146924383938, 2169218.4525803825818 ], [ 825968.663782483199611, 2169236.122785677667707 ] ] ] } },
{ "type": "Feature", "properties": { "label": 1, "month": "5", "year": "2024" }, "geometry": { "type": "Polygon", "coordinates": [ [ [ 825950.805247010895982, 2170520.877001086249948 ], [ 825932.93259112117812, 2171805.661757765337825 ], [ 824655.637170104193501, 2171787.966302663553506 ], [ 824673.47869003273081, 2170503.194169805850834 ], [ 825950.805247010895982, 2170520.877001086249948 ] ] ] } },
{ "type": "Feature", "properties": { "label": 1, "month": "5", "year": "2024" }, "geometry": { "type": "Polygon", "coordinates": [ [ [ 825932.93259112117812, 2171805.661757765337825 ], [ 825915.045813029864803, 2173090.47711437754333 ], [ 824637.781585364602506, 2173072.769037617836148 ], [ 824655.637170104193501, 2171787.966302663553506 ], [ 825932.93259112117812, 2171805.661757765337825 ] ] ] } },
{ "type": "Feature", "properties": { "label": 1, "month": "5", "year": "2024" }, "geometry": { "type": "Polygon", "coordinates": [ [ [ 825915.045813029864803, 2173090.47711437754333 ], [ 825897.144910938921385, 2174375.323129606433213 ], [ 824619.911934032104909, 2174357.602433359716088 ], [ 824637.781585364602506, 2173072.769037617836148 ], [ 825915.045813029864803, 2173090.47711437754333 ] ] ] } },
{ "type": "Feature", "properties": { "label": 1, "month": "5", "year": "2024" }, "geometry": { "type": "Polygon", "coordinates": [ [ [ 825879.229883059160784, 2175660.199862172827125 ], [ 825861.300727593479678, 2176945.107370791956782 ], [ 824584.130424459232017, 2176927.361442069988698 ], [ 824602.02821432473138, 2175642.466548606753349 ], [ 825879.229883059160784, 2175660.199862172827125 ] ] ] } },
{ "type": "Feature", "properties": { "label": 1, "month": "5", "year": "2024" }, "geometry": { "type": "Polygon", "coordinates": [ [ [ 825861.300727593479678, 2176945.107370791956782 ], [ 825843.357442740118131, 2178230.045714205130935 ], [ 824566.218562648631632, 2178212.287172514479607 ], [ 824584.130424459232017, 2176927.361442069988698 ], [ 825861.300727593479678, 2176945.107370791956782 ] ] ] } },
{ "type": "Feature", "properties": { "label": 1, "month": "5", "year": "2024" }, "geometry": { "type": "Polygon", "coordinates": [ [ [ 827317.451002898393199, 2164115.059823200106621 ], [ 827299.618079966632649, 2165399.705144126433879 ], [ 826022.154684273293242, 2165382.042800719384104 ], [ 826039.956755935912952, 2164097.410164145752788 ], [ 827317.451002898393199, 2164115.059823200106621 ] ] ] } },
{ "type": "Feature", "properties": { "label": 1, "month": "5", "year": "2024" }, "geometry": { "type": "Polygon", "coordinates": [ [ [ 827299.618079966632649, 2165399.705144126433879 ], [ 827281.770986419636756, 2166684.380769705865532 ], [ 826004.338499331846833, 2166666.705744106322527 ], [ 826022.154684273293242, 2165382.042800719384104 ], [ 827299.618079966632649, 2165399.705144126433879 ] ] ] } },
{ "type": "Feature", "properties": { "label": 1, "month": "5", "year": "2024" }, "geometry": { "type": "Polygon", "coordinates": [ [ [ 827281.770986419636756, 2166684.380769705865532 ], [ 827263.909720469964668, 2167969.086758515797555 ], [ 825986.508199328556657, 2167951.399052886758 ], [ 826004.338499331846833, 2166666.705744106322527 ], [ 827281.770986419636756, 2166684.380769705865532 ] ] ] } },
{ "type": "Feature", "properties": { "label": 1, "month": "5", "year": "2024" }, "geometry": { "type": "Polygon", "coordinates": [ [ [ 829054.428201392525807, 2130742.074788172729313 ], [ 829036.933726168703288, 2132025.965472764335573 ], [ 827758.673820992931724, 2132008.604883086401969 ], [ 827776.13892936008051, 2130724.726988227106631 ], [ 829054.428201392525807, 2130742.074788172729313 ] ] ] } },
{ "type": "Feature", "properties": { "label": 1, "month": "5", "year": "2024" }, "geometry": { "type": "Polygon", "coordinates": [ [ [ 829036.933726168703288, 2132025.965472764335573 ], [ 829019.425069082062691, 2133309.884943943470716 ], [ 827741.19458778668195, 2133292.511566642671824 ], [ 827758.673820992931724, 2132008.604883086401969 ], [ 829036.933726168703288, 2132025.965472764335573 ] ] ] } },
{ "type": "Feature", "properties": { "label": 1, "month": "5", "year": "2024" }, "geometry": { "type": "Polygon", "coordinates": [ [ [ 829019.425069082062691, 2133309.884943943470716 ], [ 829001.902228393126279, 2134593.833259748760611 ], [ 827723.701228011632338, 2134576.44709695642814 ], [ 827741.19458778668195, 2133292.511566642671824 ], [ 829019.425069082062691, 2133309.884943943470716 ] ] ] } },
{ "type": "Feature", "properties": { "label": 1, "month": "5", "year": "2024" }, "geometry": { "type": "Polygon", "coordinates": [ [ [ 828931.668994632083923, 2139729.916131135076284 ], [ 828914.075209684320726, 2141014.009541632141918 ], [ 827636.022469830466434, 2140996.559483141638339 ], [ 827653.586488505126908, 2139712.478847542311996 ], [ 828931.668994632083923, 2139729.916131135076284 ] ] ] } },
{ "type": "Feature", "properties": { "label": 1, "month": "5", "year": "2024" }, "geometry": { "type": "Polygon", "coordinates": [ [ [ 828612.80772309191525, 2162848.111652663443238 ], [ 828594.958172950195149, 2164132.739463747944683 ], [ 827317.451002898393199, 2164115.059823200106621 ], [ 827335.269757003523409, 2162830.444748373236507 ], [ 828612.80772309191525, 2162848.111652663443238 ] ] ] } },
{ "type": "Feature", "properties": { "label": 1, "month": "5", "year": "2024" }, "geometry": { "type": "Polygon", "coordinates": [ [ [ 828594.958172950195149, 2164132.739463747944683 ], [ 828577.094396658823825, 2165417.397518762852997 ], [ 827299.618079966632649, 2165399.705144126433879 ], [ 827317.451002898393199, 2164115.059823200106621 ], [ 828594.958172950195149, 2164132.739463747944683 ] ] ] } },
{ "type": "Feature", "properties": { "label": 1, "month": "5", "year": "2024" }, "geometry": { "type": "Polygon", "coordinates": [ [ [ 830350.240109481848776, 2129475.576478215865791 ], [ 830332.730502508580685, 2130759.45127602154389 ], [ 829054.428201392525807, 2130742.074788172729313 ], [ 829071.908496495801955, 2129458.21283214353025 ], [ 830350.240109481848776, 2129475.576478215865791 ] ] ] } },
{ "type": "Feature", "properties": { "label": 1, "month": "5", "year": "2024" }, "geometry": { "type": "Polygon", "coordinates": [ [ [ 830332.730502508580685, 2130759.45127602154389 ], [ 830315.206658401759341, 2132043.354800269473344 ], [ 829036.933726168703288, 2132025.965472764335573 ], [ 829054.428201392525807, 2130742.074788172729313 ], [ 830332.730502508580685, 2130759.45127602154389 ] ] ] } },
{ "type": "Feature", "properties": { "label": 1, "month": "5", "year": "2024" }, "geometry": { "type": "Polygon", "coordinates": [ [ [ 830315.206658401759341, 2132043.354800269473344 ], [ 830297.668575403280556, 2133327.287108975928277 ], [ 829019.425069082062691, 2133309.884943943470716 ], [ 829036.933726168703288, 2132025.965472764335573 ], [ 830315.206658401759341, 2132043.354800269473344 ] ] ] } },
{ "type": "Feature", "properties": { "label": 1, "month": "5", "year": "2024" }, "geometry": { "type": "Polygon", "coordinates": [ [ [ 830297.668575403280556, 2133327.287108975928277 ], [ 830280.116251766565256, 2134611.248260197229683 ], [ 829001.902228393126279, 2134593.833259748760611 ], [ 829019.425069082062691, 2133309.884943943470716 ], [ 830297.668575403280556, 2133327.287108975928277 ] ] ] } },
{ "type": "Feature", "properties": { "label": 1, "month": "5", "year": "2024" }, "geometry": { "type": "Polygon", "coordinates": [ [ [ 830280.116251766565256, 2134611.248260197229683 ], [ 830262.549685725942254, 2135895.238312010653317 ], [ 828984.365202349377796, 2135877.810478273313493 ], [ 829001.902228393126279, 2134593.833259748760611 ], [ 830280.116251766565256, 2134611.248260197229683 ] ] ] } },
{ "type": "Feature", "properties": { "label": 1, "month": "5", "year": "2024" }, "geometry": { "type": "Polygon", "coordinates": [ [ [ 830262.549685725942254, 2135895.238312010653317 ], [ 830244.968875527381897, 2137179.257322510238737 ], [ 828966.813989211805165, 2137161.816657606977969 ], [ 828984.365202349377796, 2135877.810478273313493 ], [ 830262.549685725942254, 2135895.238312010653317 ] ] ] } },
{ "type": "Feature", "properties": { "label": 1, "month": "5", "year": "2024" }, "geometry": { "type": "Polygon", "coordinates": [ [ [ 830244.968875527381897, 2137179.257322510238737 ], [ 830227.373819403583184, 2138463.305349783040583 ], [ 828949.248587220557965, 2138445.851855847518891 ], [ 828966.813989211805165, 2137161.816657606977969 ], [ 830244.968875527381897, 2137179.257322510238737 ] ] ] } },
{ "type": "Feature", "properties": { "label": 1, "month": "5", "year": "2024" }, "geometry": { "type": "Polygon", "coordinates": [ [ [ 830227.373819403583184, 2138463.305349783040583 ], [ 830209.764515595510602, 2139747.382451974786818 ], [ 828931.668994632083923, 2139729.916131135076284 ], [ 828949.248587220557965, 2138445.851855847518891 ], [ 830227.373819403583184, 2138463.305349783040583 ] ] ] } },
{ "type": "Feature", "properties": { "label": 1, "month": "5", "year": "2024" }, "geometry": { "type": "Polygon", "coordinates": [ [ [ 830209.764515595510602, 2139747.382451974786818 ], [ 830192.140962331090122, 2141031.488687238655984 ], [ 828914.075209684320726, 2141014.009541632141918 ], [ 828931.668994632083923, 2139729.916131135076284 ], [ 830209.764515595510602, 2139747.382451974786818 ] ] ] } },
{ "type": "Feature", "properties": { "label": 1, "month": "5", "year": "2024" }, "geometry": { "type": "Polygon", "coordinates": [ [ [ 830192.140962331090122, 2141031.488687238655984 ], [ 830174.503157843835652, 2142315.62411374039948 ], [ 828896.467230623704381, 2142298.132145496550947 ], [ 828914.075209684320726, 2141014.009541632141918 ], [ 830192.140962331090122, 2141031.488687238655984 ] ] ] } },
{ "type": "Feature", "properties": { "label": 1, "month": "5", "year": "2024" }, "geometry": { "type": "Polygon", "coordinates": [ [ [ 830174.503157843835652, 2142315.62411374039948 ], [ 830156.851100362371653, 2143599.788789671380073 ], [ 828878.845055688871071, 2143582.284000929445028 ], [ 828896.467230623704381, 2142298.132145496550947 ], [ 830174.503157843835652, 2142315.62411374039948 ] ] ] } },
{ "type": "Feature", "properties": { "label": 1, "month": "5", "year": "2024" }, "geometry": { "type": "Polygon", "coordinates": [ [ [ 830156.851100362371653, 2143599.788789671380073 ], [ 830139.184788110433146, 2144883.982773234136403 ], [ 828861.208683118806221, 2144866.465166139882058 ], [ 828878.845055688871071, 2143582.284000929445028 ], [ 830156.851100362371653, 2143599.788789671380073 ] ] ] } },
{ "type": "Feature", "properties": { "label": 1, "month": "5", "year": "2024" }, "geometry": { "type": "Polygon", "coordinates": [ [ [ 830139.184788110433146, 2144883.982773234136403 ], [ 830121.504219314316288, 2146168.206122672185302 ], [ 828843.558111150050536, 2146150.675699363462627 ], [ 828861.208683118806221, 2144866.465166139882058 ], [ 830139.184788110433146, 2144883.982773234136403 ] ] ] } },
{ "type": "Feature", "properties": { "label": 1, "month": "5", "year": "2024" }, "geometry": { "type": "Polygon", "coordinates": [ [ [ 830121.504219314316288, 2146168.206122672185302 ], [ 830103.80939219542779, 2147452.45889622438699 ], [ 828825.893338011810556, 2147434.915658842772245 ], [ 828843.558111150050536, 2146150.675699363462627 ], [ 830121.504219314316288, 2146168.206122672185302 ] ] ] } },
{ "type": "Feature", "properties": { "label": 1, "month": "5", "year": "2024" }, "geometry": { "type": "Polygon", "coordinates": [ [ [ 830103.80939219542779, 2147452.45889622438699 ], [ 830086.100304970284924, 2148736.741152164526284 ], [ 828808.214361940743402, 2148719.1851028627716 ], [ 828825.893338011810556, 2147434.915658842772245 ], [ 830103.80939219542779, 2147452.45889622438699 ] ] ] } },
{ "type": "Feature", "properties": { "label": 1, "month": "5", "year": "2024" }, "geometry": { "type": "Polygon", "coordinates": [ [ [ 830086.100304970284924, 2148736.741152164526284 ], [ 830068.376955858082511, 2150021.052948787808418 ], [ 828790.52118116163183, 2150003.484089711215347 ], [ 828808.214361940743402, 2148719.1851028627716 ], [ 830086.100304970284924, 2148736.741152164526284 ] ] ] } },
{ "type": "Feature", "properties": { "label": 1, "month": "5", "year": "2024" }, "geometry": { "type": "Polygon", "coordinates": [ [ [ 830068.376955858082511, 2150021.052948787808418 ], [ 830050.639343070448376, 2151305.394344406668097 ], [ 828772.813793901586905, 2151287.812677697278559 ], [ 828790.52118116163183, 2150003.484089711215347 ], [ 830068.376955858082511, 2150021.052948787808418 ] ] ] } },
{ "type": "Feature", "properties": { "label": 1, "month": "5", "year": "2024" }, "geometry": { "type": "Polygon", "coordinates": [ [ [ 829979.54621938127093, 2156443.057083708699793 ], [ 829961.737261351663619, 2157727.547349650878459 ], [ 828684.063698144047521, 2157709.901677148416638 ], [ 828701.842144496156834, 2156425.424208045937121 ], [ 829979.54621938127093, 2156443.057083708699793 ] ] ] } },
{ "type": "Feature", "properties": { "label": 1, "month": "5", "year": "2024" }, "geometry": { "type": "Polygon", "coordinates": [ [ [ 829943.91402888786979, 2159012.067564874421805 ], [ 829926.076520179631189, 2160296.617787837982178 ], [ 828648.464152130763978, 2160278.946528141852468 ], [ 828666.271034618839622, 2158994.40909769339487 ], [ 829943.91402888786979, 2159012.067564874421805 ] ] ] } },
{ "type": "Feature", "properties": { "label": 1, "month": "5", "year": "2024" }, "geometry": { "type": "Polygon", "coordinates": [ [ [ 829926.076520179631189, 2160296.617787837982178 ], [ 829908.2247334276326, 2161581.198077008593827 ], [ 828630.643048885744065, 2161563.514026960823685 ], [ 828648.464152130763978, 2160278.946528141852468 ], [ 829926.076520179631189, 2160296.617787837982178 ] ] ] } },
{ "type": "Feature", "properties": { "label": 1, "month": "5", "year": "2024" }, "geometry": { "type": "Polygon", "coordinates": [ [ [ 831646.109434608835727, 2128209.109741151332855 ], [ 831628.584806126309559, 2129492.968764380086213 ], [ 830350.240109481848776, 2129475.576478215865791 ], [ 830367.735481071518734, 2128191.730348829645663 ], [ 831646.109434608835727, 2128209.109741151332855 ] ] ] } },
{ "type": "Feature", "properties": { "label": 1, "month": "5", "year": "2024" }, "geometry": { "type": "Polygon", "coordinates": [ [ [ 831611.045885254628956, 2130776.856453895103186 ], [ 831593.492670230800286, 2132060.772867721971124 ], [ 830315.206658401759341, 2132043.354800269473344 ], [ 830332.730502508580685, 2130759.45127602154389 ], [ 831611.045885254628956, 2130776.856453895103186 ] ] ] } },
{ "type": "Feature", "properties": { "label": 1, "month": "5", "year": "2024" }, "geometry": { "type": "Polygon", "coordinates": [ [ [ 831593.492670230800286, 2132060.772867721971124 ], [ 831575.925159292295575, 2133344.718063889537007 ], [ 830297.668575403280556, 2133327.287108975928277 ], [ 830315.206658401759341, 2132043.354800269473344 ], [ 831593.492670230800286, 2132060.772867721971124 ] ] ] } },
{ "type": "Feature", "properties": { "label": 1, "month": "5", "year": "2024" }, "geometry": { "type": "Polygon", "coordinates": [ [ [ 831575.925159292295575, 2133344.718063889537007 ], [ 831558.34335066867061, 2134628.69210044387728 ], [ 830280.116251766565256, 2134611.248260197229683 ], [ 830297.668575403280556, 2133327.287108975928277 ], [ 831575.925159292295575, 2133344.718063889537007 ] ] ] } },
{ "type": "Feature", "properties": { "label": 1, "month": "5", "year": "2024" }, "geometry": { "type": "Polygon", "coordinates": [ [ [ 831558.34335066867061, 2134628.69210044387728 ], [ 831540.747242592740804, 2135912.695035450626165 ], [ 830262.549685725942254, 2135895.238312010653317 ], [ 830280.116251766565256, 2134611.248260197229683 ], [ 831558.34335066867061, 2134628.69210044387728 ] ] ] } },
{ "type": "Feature", "properties": { "label": 1, "month": "5", "year": "2024" }, "geometry": { "type": "Polygon", "coordinates": [ [ [ 831540.747242592740804, 2135912.695035450626165 ], [ 831523.136833292199299, 2137196.726927009411156 ], [ 830244.968875527381897, 2137179.257322510238737 ], [ 830262.549685725942254, 2135895.238312010653317 ], [ 831540.747242592740804, 2135912.695035450626165 ] ] ] } },
{ "type": "Feature", "properties": { "label": 1, "month": "5", "year": "2024" }, "geometry": { "type": "Polygon", "coordinates": [ [ [ 831523.136833292199299, 2137196.726927009411156 ], [ 831505.512120992178097, 2138480.787833217531443 ], [ 830227.373819403583184, 2138463.305349783040583 ], [ 830244.968875527381897, 2137179.257322510238737 ], [ 831523.136833292199299, 2137196.726927009411156 ] ] ] } },
{ "type": "Feature", "properties": { "label": 1, "month": "5", "year": "2024" }, "geometry": { "type": "Polygon", "coordinates": [ [ [ 831505.512120992178097, 2138480.787833217531443 ], [ 831487.873103918507695, 2139764.877812196500599 ], [ 830209.764515595510602, 2139747.382451974786818 ], [ 830227.373819403583184, 2138463.305349783040583 ], [ 831505.512120992178097, 2138480.787833217531443 ] ] ] } },
{ "type": "Feature", "properties": { "label": 1, "month": "5", "year": "2024" }, "geometry": { "type": "Polygon", "coordinates": [ [ [ 831487.873103918507695, 2139764.877812196500599 ], [ 831470.21978028898593, 2141048.996922108810395 ], [ 830192.140962331090122, 2141031.488687238655984 ], [ 830209.764515595510602, 2139747.382451974786818 ], [ 831487.873103918507695, 2139764.877812196500599 ] ] ] } },
{ "type": "Feature", "properties": { "label": 1, "month": "5", "year": "2024" }, "geometry": { "type": "Polygon", "coordinates": [ [ [ 831470.21978028898593, 2141048.996922108810395 ], [ 831452.552148324437439, 2142333.145221111364663 ], [ 830174.503157843835652, 2142315.62411374039948 ], [ 830192.140962331090122, 2141031.488687238655984 ], [ 831470.21978028898593, 2141048.996922108810395 ] ] ] } },
{ "type": "Feature", "properties": { "label": 1, "month": "5", "year": "2024" }, "geometry": { "type": "Polygon", "coordinates": [ [ [ 831452.552148324437439, 2142333.145221111364663 ], [ 831434.870206243125722, 2143617.32276740623638 ], [ 830156.851100362371653, 2143599.788789671380073 ], [ 830174.503157843835652, 2142315.62411374039948 ], [ 831452.552148324437439, 2142333.145221111364663 ] ] ] } },
{ "type": "Feature", "properties": { "label": 1, "month": "5", "year": "2024" }, "geometry": { "type": "Polygon", "coordinates": [ [ [ 831434.870206243125722, 2143617.32276740623638 ], [ 831417.173952255863696, 2144901.529619188047945 ], [ 830139.184788110433146, 2144883.982773234136403 ], [ 830156.851100362371653, 2143599.788789671380073 ], [ 831434.870206243125722, 2143617.32276740623638 ] ] ] } },
{ "type": "Feature", "properties": { "label": 1, "month": "5", "year": "2024" }, "geometry": { "type": "Polygon", "coordinates": [ [ [ 831417.173952255863696, 2144901.529619188047945 ], [ 831399.463384573929943, 2146185.765834690537304 ], [ 830121.504219314316288, 2146168.206122672185302 ], [ 830139.184788110433146, 2144883.982773234136403 ], [ 831417.173952255863696, 2144901.529619188047945 ] ] ] } },
{ "type": "Feature", "properties": { "label": 1, "month": "5", "year": "2024" }, "geometry": { "type": "Polygon", "coordinates": [ [ [ 831399.463384573929943, 2146185.765834690537304 ], [ 831381.738501411164179, 2147470.031472156289965 ], [ 830103.80939219542779, 2147452.45889622438699 ], [ 830121.504219314316288, 2146168.206122672185302 ], [ 831399.463384573929943, 2146185.765834690537304 ] ] ] } },
{ "type": "Feature", "properties": { "label": 1, "month": "5", "year": "2024" }, "geometry": { "type": "Polygon", "coordinates": [ [ [ 831381.738501411164179, 2147470.031472156289965 ], [ 831363.999300971045159, 2148754.326589861884713 ], [ 830086.100304970284924, 2148736.741152164526284 ], [ 830103.80939219542779, 2147452.45889622438699 ], [ 831381.738501411164179, 2147470.031472156289965 ] ] ] } },
{ "type": "Feature", "properties": { "label": 1, "month": "5", "year": "2024" }, "geometry": { "type": "Polygon", "coordinates": [ [ [ 831363.999300971045159, 2148754.326589861884713 ], [ 831346.245781457284465, 2150038.651246095541865 ], [ 830068.376955858082511, 2150021.052948787808418 ], [ 830086.100304970284924, 2148736.741152164526284 ], [ 831363.999300971045159, 2148754.326589861884713 ] ] ] } },
{ "type": "Feature", "properties": { "label": 1, "month": "5", "year": "2024" }, "geometry": { "type": "Polygon", "coordinates": [ [ [ 831346.245781457284465, 2150038.651246095541865 ], [ 831328.477941074525006, 2151323.005499157123268 ], [ 830050.639343070448376, 2151305.394344406668097 ], [ 830068.376955858082511, 2150021.052948787808418 ], [ 831346.245781457284465, 2150038.651246095541865 ] ] ] } },
{ "type": "Feature", "properties": { "label": 1, "month": "5", "year": "2024" }, "geometry": { "type": "Polygon", "coordinates": [ [ [ 831328.477941074525006, 2151323.005499157123268 ], [ 831310.695778021588922, 2152607.389407380484045 ], [ 830032.887464819708839, 2152589.765397340524942 ], [ 830050.639343070448376, 2151305.394344406668097 ], [ 831328.477941074525006, 2151323.005499157123268 ] ] ] } },
{ "type": "Feature", "properties": { "label": 1, "month": "5", "year": "2024" }, "geometry": { "type": "Polygon", "coordinates": [ [ [ 831275.088476691860706, 2155176.246422743890435 ], [ 831257.263334804330952, 2156460.719646636862308 ], [ 829979.54621938127093, 2156443.057083708699793 ], [ 829997.340904769138433, 2155158.596708610188216 ], [ 831275.088476691860706, 2155176.246422743890435 ] ] ] } },
{ "type": "Feature", "properties": { "label": 1, "month": "5", "year": "2024" }, "geometry": { "type": "Polygon", "coordinates": [ [ [ 831257.263334804330952, 2156460.719646636862308 ], [ 831239.423863021656871, 2157745.222759212367237 ], [ 829961.737261351663619, 2157727.547349650878459 ], [ 829979.54621938127093, 2156443.057083708699793 ], [ 831257.263334804330952, 2156460.719646636862308 ] ] ] } },
{ "type": "Feature", "properties": { "label": 1, "month": "5", "year": "2024" }, "geometry": { "type": "Polygon", "coordinates": [ [ [ 833012.050784392049536, 2121807.585824477020651 ], [ 832994.568617437616922, 2123091.315340028144419 ], [ 831716.065059811342508, 2123073.9591517993249 ], [ 831733.518252699403092, 2121790.24259064393118 ], [ 833012.050784392049536, 2121807.585824477020651 ] ] ] } },
{ "type": "Feature", "properties": { "label": 1, "month": "5", "year": "2024" }, "geometry": { "type": "Polygon", "coordinates": [ [ [ 832994.568617437616922, 2123091.315340028144419 ], [ 832977.072109924862161, 2124375.073230016976595 ], [ 831698.597583307651803, 2124357.704089508391917 ], [ 831716.065059811342508, 2123073.9591517993249 ], [ 832994.568617437616922, 2123091.315340028144419 ] ] ] } },
{ "type": "Feature", "properties": { "label": 1, "month": "5", "year": "2024" }, "geometry": { "type": "Polygon", "coordinates": [ [ [ 832959.561260087648407, 2125658.859552346169949 ], [ 832942.036066162399948, 2126942.674364946782589 ], [ 831663.619772462174296, 2126925.279326250310987 ], [ 831681.115821442450397, 2125641.477461682166904 ], [ 832959.561260087648407, 2125658.859552346169949 ] ] ] } },
{ "type": "Feature", "properties": { "label": 1, "month": "5", "year": "2024" }, "geometry": { "type": "Polygon", "coordinates": [ [ [ 832942.036066162399948, 2126942.674364946782589 ], [ 832924.496526380768046, 2128226.517725758254528 ], [ 831646.109434608835727, 2128209.109741151332855 ], [ 831663.619772462174296, 2126925.279326250310987 ], [ 832942.036066162399948, 2126942.674364946782589 ] ] ] } },
{ "type": "Feature", "properties": { "label": 1, "month": "5", "year": "2024" }, "geometry": { "type": "Polygon", "coordinates": [ [ [ 832854.194873282569461, 2133362.177810822147876 ], [ 832836.583577636629343, 2134646.164782620966434 ], [ 831558.34335066867061, 2134628.69210044387728 ], [ 831575.925159292295575, 2133344.718063889537007 ], [ 832854.194873282569461, 2133362.177810822147876 ] ] ] } },
{ "type": "Feature", "properties": { "label": 1, "month": "5", "year": "2024" }, "geometry": { "type": "Polygon", "coordinates": [ [ [ 832836.583577636629343, 2134646.164782620966434 ], [ 832818.957925481954589, 2135930.180650738999248 ], [ 831540.747242592740804, 2135912.695035450626165 ], [ 831558.34335066867061, 2134628.69210044387728 ], [ 832836.583577636629343, 2134646.164782620966434 ] ] ] } },
{ "type": "Feature", "properties": { "label": 1, "month": "5", "year": "2024" }, "geometry": { "type": "Polygon", "coordinates": [ [ [ 832818.957925481954589, 2135930.180650738999248 ], [ 832801.317915035993792, 2137214.225473267491907 ], [ 831523.136833292199299, 2137196.726927009411156 ], [ 831540.747242592740804, 2135912.695035450626165 ], [ 832818.957925481954589, 2135930.180650738999248 ] ] ] } },
{ "type": "Feature", "properties": { "label": 1, "month": "5", "year": "2024" }, "geometry": { "type": "Polygon", "coordinates": [ [ [ 832801.317915035993792, 2137214.225473267491907 ], [ 832783.663544514449313, 2138498.299308290239424 ], [ 831505.512120992178097, 2138480.787833217531443 ], [ 831523.136833292199299, 2137196.726927009411156 ], [ 832801.317915035993792, 2137214.225473267491907 ] ] ] } },
{ "type": "Feature", "properties": { "label": 1, "month": "5", "year": "2024" }, "geometry": { "type": "Polygon", "coordinates": [ [ [ 832783.663544514449313, 2138498.299308290239424 ], [ 832765.994812126969919, 2139782.402213952504098 ], [ 831487.873103918507695, 2139764.877812196500599 ], [ 831505.512120992178097, 2138480.787833217531443 ], [ 832783.663544514449313, 2138498.299308290239424 ] ] ] } },
{ "type": "Feature", "properties": { "label": 1, "month": "5", "year": "2024" }, "geometry": { "type": "Polygon", "coordinates": [ [ [ 832765.994812126969919, 2139782.402213952504098 ], [ 832748.311716081690975, 2141066.534248398151249 ], [ 831470.21978028898593, 2141048.996922108810395 ], [ 831487.873103918507695, 2139764.877812196500599 ], [ 832765.994812126969919, 2139782.402213952504098 ] ] ] } },
{ "type": "Feature", "properties": { "label": 1, "month": "5", "year": "2024" }, "geometry": { "type": "Polygon", "coordinates": [ [ [ 832748.311716081690975, 2141066.534248398151249 ], [ 832730.614254586398602, 2142350.695469787344337 ], [ 831452.552148324437439, 2142333.145221111364663 ], [ 831470.21978028898593, 2141048.996922108810395 ], [ 832748.311716081690975, 2141066.534248398151249 ] ] ] } },
{ "type": "Feature", "properties": { "label": 1, "month": "5", "year": "2024" }, "geometry": { "type": "Polygon", "coordinates": [ [ [ 832730.614254586398602, 2142350.695469787344337 ], [ 832712.902425847016275, 2143634.88593630772084 ], [ 831434.870206243125722, 2143617.32276740623638 ], [ 831452.552148324437439, 2142333.145221111364663 ], [ 832730.614254586398602, 2142350.695469787344337 ] ] ] } },
{ "type": "Feature", "properties": { "label": 1, "month": "5", "year": "2024" }, "geometry": { "type": "Polygon", "coordinates": [ [ [ 832712.902425847016275, 2143634.88593630772084 ], [ 832695.176228064112365, 2144919.10570616228506 ], [ 831417.173952255863696, 2144901.529619188047945 ], [ 831434.870206243125722, 2143617.32276740623638 ], [ 832712.902425847016275, 2143634.88593630772084 ] ] ] } },
{ "type": "Feature", "properties": { "label": 1, "month": "5", "year": "2024" }, "geometry": { "type": "Polygon", "coordinates": [ [ [ 832695.176228064112365, 2144919.10570616228506 ], [ 832677.435659438371658, 2146203.354837586171925 ], [ 831399.463384573929943, 2146185.765834690537304 ], [ 831417.173952255863696, 2144901.529619188047945 ], [ 832695.176228064112365, 2144919.10570616228506 ] ] ] } },
{ "type": "Feature", "properties": { "label": 1, "month": "5", "year": "2024" }, "geometry": { "type": "Polygon", "coordinates": [ [ [ 832659.680718168616295, 2147487.633388817775995 ], [ 832641.911402445519343, 2148771.941418126225471 ], [ 831363.999300971045159, 2148754.326589861884713 ], [ 831381.738501411164179, 2147470.031472156289965 ], [ 832659.680718168616295, 2147487.633388817775995 ] ] ] } },
{ "type": "Feature", "properties": { "label": 1, "month": "5", "year": "2024" }, "geometry": { "type": "Polygon", "coordinates": [ [ [ 832641.911402445519343, 2148771.941418126225471 ], [ 832624.127710462547839, 2150056.27898379182443 ], [ 831346.245781457284465, 2150038.651246095541865 ], [ 831363.999300971045159, 2148754.326589861884713 ], [ 832641.911402445519343, 2148771.941418126225471 ] ] ] } },
{ "type": "Feature", "properties": { "label": 1, "month": "5", "year": "2024" }, "geometry": { "type": "Polygon", "coordinates": [ [ [ 832624.127710462547839, 2150056.27898379182443 ], [ 832606.32964041410014, 2151340.646144127938896 ], [ 831328.477941074525006, 2151323.005499157123268 ], [ 831346.245781457284465, 2150038.651246095541865 ], [ 832624.127710462547839, 2150056.27898379182443 ] ] ] } },
{ "type": "Feature", "properties": { "label": 1, "month": "5", "year": "2024" }, "geometry": { "type": "Polygon", "coordinates": [ [ [ 832606.32964041410014, 2151340.646144127938896 ], [ 832588.517190483165905, 2152625.042957467027009 ], [ 831310.695778021588922, 2152607.389407380484045 ], [ 831328.477941074525006, 2151323.005499157123268 ], [ 832606.32964041410014, 2151340.646144127938896 ] ] ] } },
{ "type": "Feature", "properties": { "label": 1, "month": "5", "year": "2024" }, "geometry": { "type": "Polygon", "coordinates": [ [ [ 832552.849143721628934, 2155193.925776528660208 ], [ 832534.993543253978714, 2156478.411899016238749 ], [ 831257.263334804330952, 2156460.719646636862308 ], [ 831275.088476691860706, 2155176.246422743890435 ], [ 832552.849143721628934, 2155193.925776528660208 ] ] ] } },
{ "type": "Feature", "properties": { "label": 1, "month": "5", "year": "2024" }, "geometry": { "type": "Polygon", "coordinates": [ [ [ 832534.993543253978714, 2156478.411899016238749 ], [ 832517.12355563021265, 2157762.927908010780811 ], [ 831239.423863021656871, 2157745.222759212367237 ], [ 831257.263334804330952, 2156460.719646636862308 ], [ 832534.993543253978714, 2156478.411899016238749 ] ] ] } },
{ "type": "Feature", "properties": { "label": 1, "month": "5", "year": "2024" }, "geometry": { "type": "Polygon", "coordinates": [ [ [ 834325.575617614900693, 2119257.557248383760452 ], [ 834308.093264289316721, 2120541.24319735262543 ], [ 833029.518612544285133, 2120523.884625462349504 ], [ 833046.972103650565259, 2119240.211685130372643 ], [ 834325.575617614900693, 2119257.557248383760452 ] ] ] } },
{ "type": "Feature", "properties": { "label": 1, "month": "5", "year": "2024" }, "geometry": { "type": "Polygon", "coordinates": [ [ [ 834308.093264289316721, 2120541.24319735262543 ], [ 834290.596516995457932, 2121824.957402868196368 ], [ 833012.050784392049536, 2121807.585824477020651 ], [ 833029.518612544285133, 2120523.884625462349504 ], [ 834308.093264289316721, 2120541.24319735262543 ] ] ] } },
{ "type": "Feature", "properties": { "label": 1, "month": "5", "year": "2024" }, "geometry": { "type": "Polygon", "coordinates": [ [ [ 834290.596516995457932, 2121824.957402868196368 ], [ 834273.085373959271237, 2123108.699922798201442 ], [ 832994.568617437616922, 2123091.315340028144419 ], [ 833012.050784392049536, 2121807.585824477020651 ], [ 834290.596516995457932, 2121824.957402868196368 ] ] ] } },
{ "type": "Feature", "properties": { "label": 1, "month": "5", "year": "2024" }, "geometry": { "type": "Polygon", "coordinates": [ [ [ 834273.085373959271237, 2123108.699922798201442 ], [ 834255.55983341159299, 2124392.470815046690404 ], [ 832977.072109924862161, 2124375.073230016976595 ], [ 832994.568617437616922, 2123091.315340028144419 ], [ 834273.085373959271237, 2123108.699922798201442 ] ] ] } },
{ "type": "Feature", "properties": { "label": 1, "month": "5", "year": "2024" }, "geometry": { "type": "Polygon", "coordinates": [ [ [ 834255.55983341159299, 2124392.470815046690404 ], [ 834238.019893579301424, 2125676.270137502346188 ], [ 832959.561260087648407, 2125658.859552346169949 ], [ 832977.072109924862161, 2124375.073230016976595 ], [ 834255.55983341159299, 2124392.470815046690404 ] ] ] } },
{ "type": "Feature", "properties": { "label": 1, "month": "5", "year": "2024" }, "geometry": { "type": "Polygon", "coordinates": [ [ [ 834238.019893579301424, 2125676.270137502346188 ], [ 834220.465552683454007, 2126960.097948097623885 ], [ 832942.036066162399948, 2126942.674364946782589 ], [ 832959.561260087648407, 2125658.859552346169949 ], [ 834238.019893579301424, 2125676.270137502346188 ] ] ] } },
{ "type": "Feature", "properties": { "label": 1, "month": "5", "year": "2024" }, "geometry": { "type": "Polygon", "coordinates": [ [ [ 833902.022795381490141, 2150073.936164068523794 ], [ 833884.194493589107879, 2151358.31628151005134 ], [ 832606.32964041410014, 2151340.646144127938896 ], [ 832624.127710462547839, 2150056.27898379182443 ], [ 833902.022795381490141, 2150073.936164068523794 ] ] ] } },
{ "type": "Feature", "properties": { "label": 1, "month": "5", "year": "2024" }, "geometry": { "type": "Polygon", "coordinates": [ [ [ 833884.194493589107879, 2151358.31628151005134 ], [ 833866.351754705538042, 2152642.726049771066755 ], [ 832588.517190483165905, 2152625.042957467027009 ], [ 832606.32964041410014, 2151340.646144127938896 ], [ 833884.194493589107879, 2151358.31628151005134 ] ] ] } },
{ "type": "Feature", "properties": { "label": 1, "month": "5", "year": "2024" }, "geometry": { "type": "Polygon", "coordinates": [ [ [ 833830.622958348831162, 2155211.634772158227861 ], [ 833812.736897215945646, 2156496.13384304009378 ], [ 832534.993543253978714, 2156478.411899016238749 ], [ 832552.849143721628934, 2155193.925776528660208 ], [ 833830.622958348831162, 2155211.634772158227861 ] ] ] } },
{ "type": "Feature", "properties": { "label": 1, "month": "5", "year": "2024" }, "geometry": { "type": "Polygon", "coordinates": [ [ [ 835604.192389101604931, 2119274.931058335117996 ], [ 835586.681171541684307, 2120558.630065926350653 ], [ 834308.093264289316721, 2120541.24319735262543 ], [ 834325.575617614900693, 2119257.557248383760452 ], [ 835604.192389101604931, 2119274.931058335117996 ] ] ] } },
{ "type": "Feature", "properties": { "label": 1, "month": "5", "year": "2024" }, "geometry": { "type": "Polygon", "coordinates": [ [ [ 835586.681171541684307, 2120558.630065926350653 ], [ 835569.155503083253279, 2121842.357327933888882 ], [ 834290.596516995457932, 2121824.957402868196368 ], [ 834308.093264289316721, 2120541.24319735262543 ], [ 835586.681171541684307, 2120558.630065926350653 ] ] ] } },
{ "type": "Feature", "properties": { "label": 1, "month": "5", "year": "2024" }, "geometry": { "type": "Polygon", "coordinates": [ [ [ 835569.155503083253279, 2121842.357327933888882 ], [ 835551.615381942247041, 2123126.112902238033712 ], [ 834273.085373959271237, 2123108.699922798201442 ], [ 834290.596516995457932, 2121824.957402868196368 ], [ 835569.155503083253279, 2121842.357327933888882 ] ] ] } },
{ "type": "Feature", "properties": { "label": 1, "month": "5", "year": "2024" }, "geometry": { "type": "Polygon", "coordinates": [ [ [ 835551.615381942247041, 2123126.112902238033712 ], [ 835534.060806334717199, 2124409.896846718620509 ], [ 834255.55983341159299, 2124392.470815046690404 ], [ 834273.085373959271237, 2123108.699922798201442 ], [ 835551.615381942247041, 2123126.112902238033712 ] ] ] } },
{ "type": "Feature", "properties": { "label": 1, "month": "5", "year": "2024" }, "geometry": { "type": "Polygon", "coordinates": [ [ [ 835481.310334857087582, 2128261.419480327982455 ], [ 835463.697923510335386, 2129545.317484731320292 ], [ 834185.313660586019978, 2129527.839265496935695 ], [ 834202.896808946272358, 2128243.954304769169539 ], [ 835481.310334857087582, 2128261.419480327982455 ] ] ] } },
{ "type": "Feature", "properties": { "label": 1, "month": "5", "year": "2024" }, "geometry": { "type": "Polygon", "coordinates": [ [ [ 835428.429708758601919, 2132113.199531218502671 ], [ 835410.773901757784188, 2133397.183689319062978 ], [ 834132.477769921300933, 2133379.666351917665452 ], [ 834150.104142863070592, 2132095.695231053512543 ], [ 835428.429708758601919, 2132113.199531218502671 ] ] ] } },
{ "type": "Feature", "properties": { "label": 1, "month": "5", "year": "2024" }, "geometry": { "type": "Polygon", "coordinates": [ [ [ 835410.773901757784188, 2133397.183689319062978 ], [ 835393.103625935735181, 2134681.196681376546621 ], [ 834114.836985212517902, 2134663.666308883111924 ], [ 834132.477769921300933, 2133379.666351917665452 ], [ 835410.773901757784188, 2133397.183689319062978 ] ] ] } },
{ "type": "Feature", "properties": { "label": 1, "month": "5", "year": "2024" }, "geometry": { "type": "Polygon", "coordinates": [ [ [ 835375.418879489996471, 2135965.238565458916128 ], [ 835357.719660612754524, 2137249.309399636927992 ], [ 834079.51217329967767, 2137231.752963424660265 ], [ 834097.181786936242133, 2135947.695160023868084 ], [ 835375.418879489996471, 2135965.238565458916128 ] ] ] } },
{ "type": "Feature", "properties": { "label": 1, "month": "5", "year": "2024" }, "geometry": { "type": "Polygon", "coordinates": [ [ [ 835357.719660612754524, 2137249.309399636927992 ], [ 835340.005967493867502, 2138533.409242015331984 ], [ 834061.828142503043637, 2138515.839777173940092 ], [ 834079.51217329967767, 2137231.752963424660265 ], [ 835357.719660612754524, 2137249.309399636927992 ] ] ] } },
{ "type": "Feature", "properties": { "label": 1, "month": "5", "year": "2024" }, "geometry": { "type": "Polygon", "coordinates": [ [ [ 835340.005967493867502, 2138533.409242015331984 ], [ 835322.277798320516013, 2139817.538150710985065 ], [ 834044.129692748887464, 2139799.955659407190979 ], [ 834061.828142503043637, 2138515.839777173940092 ], [ 835340.005967493867502, 2138533.409242015331984 ] ] ] } },
{ "type": "Feature", "properties": { "label": 1, "month": "5", "year": "2024" }, "geometry": { "type": "Polygon", "coordinates": [ [ [ 835162.072553108213469, 2151376.015913468785584 ], [ 835144.199523189105093, 2152660.438686484005302 ], [ 833866.351754705538042, 2152642.726049771066755 ], [ 833884.194493589107879, 2151358.31628151005134 ], [ 835162.072553108213469, 2151376.015913468785584 ] ] ] } },
{ "type": "Feature", "properties": { "label": 1, "month": "5", "year": "2024" }, "geometry": { "type": "Polygon", "coordinates": [ [ [ 835144.199523189105093, 2152660.438686484005302 ], [ 835126.311997125390917, 2153944.891166480723768 ], [ 833848.494576901663095, 2153927.165527200326324 ], [ 833866.351754705538042, 2152642.726049771066755 ], [ 835144.199523189105093, 2152660.438686484005302 ] ] ] } },
{ "type": "Feature", "properties": { "label": 1, "month": "5", "year": "2024" }, "geometry": { "type": "Polygon", "coordinates": [ [ [ 835126.311997125390917, 2153944.891166480723768 ], [ 835108.409973072586581, 2155229.373411825392395 ], [ 833830.622958348831162, 2155211.634772158227861 ], [ 833848.494576901663095, 2153927.165527200326324 ], [ 835126.311997125390917, 2153944.891166480723768 ] ] ] } },
{ "type": "Feature", "properties": { "label": 1, "month": "5", "year": "2024" }, "geometry": { "type": "Polygon", "coordinates": [ [ [ 835108.409973072586581, 2155229.373411825392395 ], [ 835090.493449186906219, 2156513.885480895172805 ], [ 833812.736897215945646, 2156496.13384304009378 ], [ 833830.622958348831162, 2155211.634772158227861 ], [ 835108.409973072586581, 2155229.373411825392395 ] ] ] } },
{ "type": "Feature", "properties": { "label": 1, "month": "5", "year": "2024" }, "geometry": { "type": "Polygon", "coordinates": [ [ [ 836865.282386874081567, 2120576.045233315322548 ], [ 836847.727795229060575, 2121859.785601822193712 ], [ 835569.155503083253279, 2121842.357327933888882 ], [ 835586.681171541684307, 2120558.630065926350653 ], [ 836865.282386874081567, 2120576.045233315322548 ] ] ] } },
{ "type": "Feature", "properties": { "label": 1, "month": "5", "year": "2024" }, "geometry": { "type": "Polygon", "coordinates": [ [ [ 836847.727795229060575, 2121859.785601822193712 ], [ 836830.158693958539516, 2123143.554280482698232 ], [ 835551.615381942247041, 2123126.112902238033712 ], [ 835569.155503083253279, 2121842.357327933888882 ], [ 836847.727795229060575, 2121859.785601822193712 ] ] ] } },
{ "type": "Feature", "properties": { "label": 1, "month": "5", "year": "2024" }, "geometry": { "type": "Polygon", "coordinates": [ [ [ 836830.158693958539516, 2123143.554280482698232 ], [ 836812.575081266229972, 2124427.351327172480524 ], [ 835534.060806334717199, 2124409.896846718620509 ], [ 835551.615381942247041, 2123126.112902238033712 ], [ 836830.158693958539516, 2123143.554280482698232 ] ] ] } },
{ "type": "Feature", "properties": { "label": 1, "month": "5", "year": "2024" }, "geometry": { "type": "Polygon", "coordinates": [ [ [ 836812.575081266229972, 2124427.351327172480524 ], [ 836794.97695535607636, 2125711.176799805369228 ], [ 835516.491774479625747, 2125693.70921927317977 ], [ 835534.060806334717199, 2124409.896846718620509 ], [ 836812.575081266229972, 2124427.351327172480524 ] ] ] } },
{ "type": "Feature", "properties": { "label": 1, "month": "5", "year": "2024" }, "geometry": { "type": "Polygon", "coordinates": [ [ [ 836777.364314429345541, 2126995.030756286811084 ], [ 836759.737156679620966, 2128278.913254573009908 ], [ 835481.310334857087582, 2128261.419480327982455 ], [ 835498.908284583245404, 2126977.550077825784683 ], [ 836777.364314429345541, 2126995.030756286811084 ] ] ] } },
{ "type": "Feature", "properties": { "label": 1, "month": "5", "year": "2024" }, "geometry": { "type": "Polygon", "coordinates": [ [ [ 836759.737156679620966, 2128278.913254573009908 ], [ 836742.095480303629301, 2129562.824352606665343 ], [ 835463.697923510335386, 2129545.317484731320292 ], [ 835481.310334857087582, 2128261.419480327982455 ], [ 836759.737156679620966, 2128278.913254573009908 ] ] ] } },
{ "type": "Feature", "properties": { "label": 1, "month": "5", "year": "2024" }, "geometry": { "type": "Polygon", "coordinates": [ [ [ 836635.94042952125892, 2137266.894784064032137 ], [ 836618.197072022361681, 2138551.007704968564212 ], [ 835340.005967493867502, 2138533.409242015331984 ], [ 835357.719660612754524, 2137249.309399636927992 ], [ 836635.94042952125892, 2137266.894784064032137 ] ] ] } },
{ "type": "Feature", "properties": { "label": 1, "month": "5", "year": "2024" }, "geometry": { "type": "Polygon", "coordinates": [ [ [ 836618.197072022361681, 2138551.007704968564212 ], [ 836600.439181370078586, 2139835.149690029211342 ], [ 835322.277798320516013, 2139817.538150710985065 ], [ 835340.005967493867502, 2138533.409242015331984 ], [ 836618.197072022361681, 2138551.007704968564212 ] ] ] } },
{ "type": "Feature", "properties": { "label": 1, "month": "5", "year": "2024" }, "geometry": { "type": "Polygon", "coordinates": [ [ [ 836600.439181370078586, 2139835.149690029211342 ], [ 836582.666755738435313, 2141119.320797391235828 ], [ 835304.535151277901605, 2141101.696183869615197 ], [ 835322.277798320516013, 2139817.538150710985065 ], [ 836600.439181370078586, 2139835.149690029211342 ] ] ] } },
{ "type": "Feature", "properties": { "label": 1, "month": "5", "year": "2024" }, "geometry": { "type": "Polygon", "coordinates": [ [ [ 836582.666755738435313, 2141119.320797391235828 ], [ 836564.879793300293386, 2142403.521085211075842 ], [ 835286.778024547966197, 2142385.883399666752666 ], [ 835304.535151277901605, 2141101.696183869615197 ], [ 836582.666755738435313, 2141119.320797391235828 ] ] ] } },
{ "type": "Feature", "properties": { "label": 1, "month": "5", "year": "2024" }, "geometry": { "type": "Polygon", "coordinates": [ [ [ 836564.879793300293386, 2142403.521085211075842 ], [ 836547.078292223159224, 2143687.750611654017121 ], [ 835269.006416314281523, 2143670.099856257904321 ], [ 835286.778024547966197, 2142385.883399666752666 ], [ 836564.879793300293386, 2142403.521085211075842 ] ] ] } },
{ "type": "Feature", "properties": { "label": 1, "month": "5", "year": "2024" }, "geometry": { "type": "Polygon", "coordinates": [ [ [ 836547.078292223159224, 2143687.750611654017121 ], [ 836529.262250671861693, 2144972.009434928186238 ], [ 835251.220324754016474, 2144954.345611860975623 ], [ 835269.006416314281523, 2143670.099856257904321 ], [ 836547.078292223159224, 2143687.750611654017121 ] ] ] } },
{ "type": "Feature", "properties": { "label": 1, "month": "5", "year": "2024" }, "geometry": { "type": "Polygon", "coordinates": [ [ [ 836422.060548437293619, 2152678.180869798175991 ], [ 836404.142672026180662, 2153962.64640217833221 ], [ 835126.311997125390917, 2153944.891166480723768 ], [ 835144.199523189105093, 2152660.438686484005302 ], [ 836422.060548437293619, 2152678.180869798175991 ] ] ] } },
{ "type": "Feature", "properties": { "label": 1, "month": "5", "year": "2024" }, "geometry": { "type": "Polygon", "coordinates": [ [ [ 837825.163491949671879, 2143705.430566886439919 ], [ 837807.317498340271413, 2144989.702507714275271 ], [ 836529.262250671861693, 2144972.009434928186238 ], [ 836547.078292223159224, 2143687.750611654017121 ], [ 837825.163491949671879, 2143705.430566886439919 ] ] ] } },
{ "type": "Feature", "properties": { "label": 1, "month": "5", "year": "2024" }, "geometry": { "type": "Polygon", "coordinates": [ [ [ 837807.317498340271413, 2144989.702507714275271 ], [ 837789.456905258819461, 2146274.003801408689469 ], [ 836511.431666811462492, 2146256.297613261733204 ], [ 836529.262250671861693, 2144972.009434928186238 ], [ 837807.317498340271413, 2144989.702507714275271 ] ] ] } },
{ "type": "Feature", "properties": { "label": 1, "month": "5", "year": "2024" }, "geometry": { "type": "Polygon", "coordinates": [ [ [ 839205.653538443613797, 2225997.576673991512507 ], [ 839186.80206958972849, 2227283.871556714642793 ], [ 837910.756652874290012, 2227265.278743181377649 ], [ 837929.574482336174697, 2225978.996932480018586 ], [ 839205.653538443613797, 2225997.576673991512507 ] ] ] } },
{ "type": "Feature", "properties": { "label": 1, "month": "5", "year": "2024" }, "geometry": { "type": "Polygon", "coordinates": [ [ [ 840462.860827256226912, 2227302.49680346576497 ], [ 840443.960820053005591, 2228588.837922433856875 ], [ 839167.935761976637878, 2228570.199556622188538 ], [ 839186.80206958972849, 2227283.871556714642793 ], [ 840462.860827256226912, 2227302.49680346576497 ] ] ] } },
{ "type": "Feature", "properties": { "label": 1, "month": "5", "year": "2024" }, "geometry": { "type": "Polygon", "coordinates": [ [ [ 849723.263041278813034, 2115616.538804280105978 ], [ 849705.479403641074896, 2116900.300412762910128 ], [ 848426.655726136406884, 2116882.642972540576011 ], [ 848444.410647967131808, 2115598.894979467149824 ], [ 849723.263041278813034, 2115616.538804280105978 ] ] ] } },
{ "type": "Feature", "properties": { "label": 1, "month": "5", "year": "2024" }, "geometry": { "type": "Polygon", "coordinates": [ [ [ 849705.479403641074896, 2116900.300412762910128 ], [ 849687.680694428971037, 2118184.090078393928707 ], [ 848408.885789651889354, 2118166.419024965260178 ], [ 848426.655726136406884, 2116882.642972540576011 ], [ 849705.479403641074896, 2116900.300412762910128 ] ] ] } },
{ "type": "Feature", "properties": { "label": 1, "month": "5", "year": "2024" }, "geometry": { "type": "Polygon", "coordinates": [ [ [ 851037.708662510383874, 2113066.744137246161699 ], [ 851019.926558289676905, 2114350.463474577758461 ], [ 849741.031609239289537, 2114332.80519517371431 ], [ 849758.785109424497932, 2113049.099527709186077 ], [ 851037.708662510383874, 2113066.744137246161699 ] ] ] } },
{ "type": "Feature", "properties": { "label": 1, "month": "5", "year": "2024" }, "geometry": { "type": "Polygon", "coordinates": [ [ [ 851019.926558289676905, 2114350.463474577758461 ], [ 851002.12932939035818, 2115634.21075135609135 ], [ 849723.263041278813034, 2115616.538804280105978 ], [ 849741.031609239289537, 2114332.80519517371431 ], [ 851019.926558289676905, 2114350.463474577758461 ] ] ] } },
{ "type": "Feature", "properties": { "label": 1, "month": "5", "year": "2024" }, "geometry": { "type": "Polygon", "coordinates": [ [ [ 851002.12932939035818, 2115634.21075135609135 ], [ 850984.316973903449252, 2116917.986025301273912 ], [ 849705.479403641074896, 2116900.300412762910128 ], [ 849723.263041278813034, 2115616.538804280105978 ], [ 851002.12932939035818, 2115634.21075135609135 ] ] ] } },
{ "type": "Feature", "properties": { "label": 1, "month": "5", "year": "2024" }, "geometry": { "type": "Polygon", "coordinates": [ [ [ 850984.316973903449252, 2116917.986025301273912 ], [ 850966.489489913452417, 2118201.789354195818305 ], [ 849687.680694428971037, 2118184.090078393928707 ], [ 849705.479403641074896, 2116900.300412762910128 ], [ 850984.316973903449252, 2116917.986025301273912 ] ] ] } },
{ "type": "Feature", "properties": { "label": 1, "month": "5", "year": "2024" }, "geometry": { "type": "Polygon", "coordinates": [ [ [ 852316.646167103201151, 2113084.416771080810577 ], [ 852298.835456805536523, 2114368.149828350171447 ], [ 851019.926558289676905, 2114350.463474577758461 ], [ 851037.708662510383874, 2113066.744137246161699 ], [ 852316.646167103201151, 2113084.416771080810577 ] ] ] } },
{ "type": "Feature", "properties": { "label": 1, "month": "5", "year": "2024" }, "geometry": { "type": "Polygon", "coordinates": [ [ [ 852298.835456805536523, 2114368.149828350171447 ], [ 852281.009564925683662, 2115651.910822854377329 ], [ 851002.12932939035818, 2115634.21075135609135 ], [ 851019.926558289676905, 2114350.463474577758461 ], [ 852298.835456805536523, 2114368.149828350171447 ] ] ] } },
{ "type": "Feature", "properties": { "label": 1, "month": "5", "year": "2024" }, "geometry": { "type": "Polygon", "coordinates": [ [ [ 852281.009564925683662, 2115651.910822854377329 ], [ 852263.168489542324096, 2116935.699812323320657 ], [ 850984.316973903449252, 2116917.986025301273912 ], [ 851002.12932939035818, 2115634.21075135609135 ], [ 852281.009564925683662, 2115651.910822854377329 ] ] ] } },
{ "type": "Feature", "properties": { "label": 1, "month": "5", "year": "2024" }, "geometry": { "type": "Polygon", "coordinates": [ [ [ 853595.597675833501853, 2113102.117431364953518 ], [ 853577.758357414859347, 2114385.864258644171059 ], [ 852298.835456805536523, 2114368.149828350171447 ], [ 852316.646167103201151, 2113084.416771080810577 ], [ 853595.597675833501853, 2113102.117431364953518 ] ] ] } },
{ "type": "Feature", "properties": { "label": 1, "month": "5", "year": "2024" }, "geometry": { "type": "Polygon", "coordinates": [ [ [ 853577.758357414859347, 2114385.864258644171059 ], [ 853559.903800505679101, 2115669.639020941685885 ], [ 852281.009564925683662, 2115651.910822854377329 ], [ 852298.835456805536523, 2114368.149828350171447 ], [ 853577.758357414859347, 2114385.864258644171059 ] ] ] } },
{ "type": "Feature", "properties": { "label": 1, "month": "5", "year": "2024" }, "geometry": { "type": "Polygon", "coordinates": [ [ [ 853559.903800505679101, 2115669.639020941685885 ], [ 853542.034003174165264, 2116953.441775989253074 ], [ 852263.168489542324096, 2116935.699812323320657 ], [ 852281.009564925683662, 2115651.910822854377329 ], [ 853559.903800505679101, 2115669.639020941685885 ] ] ] } },
{ "type": "Feature", "properties": { "label": 1, "month": "5", "year": "2024" }, "geometry": { "type": "Polygon", "coordinates": [ [ [ 854874.563241329044104, 2113119.846120261587203 ], [ 854856.695312743773684, 2114403.606767628341913 ], [ 853577.758357414859347, 2114385.864258644171059 ], [ 853595.597675833501853, 2113102.117431364953518 ], [ 854874.563241329044104, 2113119.846120261587203 ] ] ] } },
{ "type": "Feature", "properties": { "label": 1, "month": "5", "year": "2024" }, "geometry": { "type": "Polygon", "coordinates": [ [ [ 854856.695312743773684, 2114403.606767628341913 ], [ 854838.812088759150356, 2115687.39534779265523 ], [ 853559.903800505679101, 2115669.639020941685885 ], [ 853577.758357414859347, 2114385.864258644171059 ], [ 854856.695312743773684, 2114403.606767628341913 ] ] ] } },
{ "type": "Feature", "properties": { "label": 1, "month": "5", "year": "2024" }, "geometry": { "type": "Polygon", "coordinates": [ [ [ 854838.812088759150356, 2115687.39534779265523 ], [ 854820.913567428477108, 2116971.211918483953923 ], [ 853542.034003174165264, 2116953.441775989253074 ], [ 853559.903800505679101, 2115669.639020941685885 ], [ 854838.812088759150356, 2115687.39534779265523 ] ] ] } },
{ "type": "Feature", "properties": { "label": 1, "month": "5", "year": "2024" }, "geometry": { "type": "Polygon", "coordinates": [ [ [ 856153.54291622817982, 2113137.602839935105294 ], [ 856135.646375425742008, 2114421.377357468008995 ], [ 854856.695312743773684, 2114403.606767628341913 ], [ 854874.563241329044104, 2113119.846120261587203 ], [ 856153.54291622817982, 2113137.602839935105294 ] ] ] } },
{ "type": "Feature", "properties": { "label": 1, "month": "5", "year": "2024" }, "geometry": { "type": "Polygon", "coordinates": [ [ [ 856135.646375425742008, 2114421.377357468008995 ], [ 856117.734482312807813, 2115705.179805565625429 ], [ 854838.812088759150356, 2115687.39534779265523 ], [ 854856.695312743773684, 2114403.606767628341913 ], [ 856135.646375425742008, 2114421.377357468008995 ] ] ] } },
{ "type": "Feature", "properties": { "label": 1, "month": "5", "year": "2024" }, "geometry": { "type": "Polygon", "coordinates": [ [ [ 856117.734482312807813, 2115705.179805565625429 ], [ 856099.807234929874539, 2116989.010241965763271 ], [ 854820.913567428477108, 2116971.211918483953923 ], [ 854838.812088759150356, 2115687.39534779265523 ], [ 856117.734482312807813, 2115705.179805565625429 ] ] ] } },
{ "type": "Feature", "properties": { "label": 1, "month": "5", "year": "2024" }, "geometry": { "type": "Polygon", "coordinates": [ [ [ 857414.611598100047559, 2114439.176030339673162 ], [ 857396.671033800928853, 2115722.992396449670196 ], [ 856117.734482312807813, 2115705.179805565625429 ], [ 856135.646375425742008, 2114421.377357468008995 ], [ 857414.611598100047559, 2114439.176030339673162 ] ] ] } },
{ "type": "Feature", "properties": { "label": 1, "month": "5", "year": "2024" }, "geometry": { "type": "Polygon", "coordinates": [ [ [ 857396.671033800928853, 2115722.992396449670196 ], [ 857378.715058308327571, 2117006.836748615372926 ], [ 856099.807234929874539, 2116989.010241965763271 ], [ 856117.734482312807813, 2115705.179805565625429 ], [ 857396.671033800928853, 2115722.992396449670196 ] ] ] } },
{ "type": "Feature", "properties": { "label": 1, "month": "5", "year": "2024" }, "geometry": { "type": "Polygon", "coordinates": [ [ [ 857378.715058308327571, 2117006.836748615372926 ], [ 857360.743669646908529, 2118290.709144597873092 ], [ 856081.864631320117041, 2118272.868724412750453 ], [ 856099.807234929874539, 2116989.010241965763271 ], [ 857378.715058308327571, 2117006.836748615372926 ] ] ] } },
{ "type": "Feature", "properties": { "label": 1, "month": "5", "year": "2024" }, "geometry": { "type": "Polygon", "coordinates": [ [ [ 857360.743669646908529, 2118290.709144597873092 ], [ 857342.756865845294669, 2119574.609642142895609 ], [ 856063.906669516232796, 2119556.755310672335327 ], [ 856081.864631320117041, 2118272.868724412750453 ], [ 857360.743669646908529, 2118290.709144597873092 ] ] ] } },
{ "type": "Feature", "properties": { "label": 1, "month": "5", "year": "2024" }, "geometry": { "type": "Polygon", "coordinates": [ [ [ 857342.756865845294669, 2119574.609642142895609 ], [ 857324.75464492617175, 2120858.538299051113427 ], [ 856045.933347559068352, 2120840.670058529358357 ], [ 856063.906669516232796, 2119556.755310672335327 ], [ 857342.756865845294669, 2119574.609642142895609 ] ] ] } },
{ "type": "Feature", "properties": { "label": 1, "month": "5", "year": "2024" }, "geometry": { "type": "Polygon", "coordinates": [ [ [ 857324.75464492617175, 2120858.538299051113427 ], [ 857306.73700491245836, 2122142.49517311854288 ], [ 856027.944663478410803, 2122124.613025809172541 ], [ 856045.933347559068352, 2120840.670058529358357 ], [ 857324.75464492617175, 2120858.538299051113427 ] ] ] } },
{ "type": "Feature", "properties": { "label": 1, "month": "5", "year": "2024" }, "geometry": { "type": "Polygon", "coordinates": [ [ [ 857306.73700491245836, 2122142.49517311854288 ], [ 857288.703943819040433, 2123426.480322184972465 ], [ 856009.94061530509498, 2123408.584270323626697 ], [ 856027.944663478410803, 2122124.613025809172541 ], [ 857306.73700491245836, 2122142.49517311854288 ] ] ] } },
{ "type": "Feature", "properties": { "label": 1, "month": "5", "year": "2024" }, "geometry": { "type": "Polygon", "coordinates": [ [ [ 858675.62179585872218, 2115740.833122605923563 ], [ 858657.637090193689801, 2117024.691440616734326 ], [ 857378.715058308327571, 2117006.836748615372926 ], [ 857396.671033800928853, 2115722.992396449670196 ], [ 858675.62179585872218, 2115740.833122605923563 ] ] ] } },
{ "type": "Feature", "properties": { "label": 1, "month": "5", "year": "2024" }, "geometry": { "type": "Polygon", "coordinates": [ [ [ 858657.637090193689801, 2117024.691440616734326 ], [ 858639.636914421105757, 2118308.577800191007555 ], [ 857360.743669646908529, 2118290.709144597873092 ], [ 857378.715058308327571, 2117006.836748615372926 ], [ 858657.637090193689801, 2117024.691440616734326 ] ] ] } },
{ "type": "Feature", "properties": { "label": 1, "month": "5", "year": "2024" }, "geometry": { "type": "Polygon", "coordinates": [ [ [ 858639.636914421105757, 2118308.577800191007555 ], [ 858621.621266553876922, 2119592.492259080521762 ], [ 857342.756865845294669, 2119574.609642142895609 ], [ 857360.743669646908529, 2118290.709144597873092 ], [ 858639.636914421105757, 2118308.577800191007555 ] ] ] } },
{ "type": "Feature", "properties": { "label": 1, "month": "5", "year": "2024" }, "geometry": { "type": "Polygon", "coordinates": [ [ [ 858621.621266553876922, 2119592.492259080521762 ], [ 858603.590144604910165, 2120876.434875089675188 ], [ 857324.75464492617175, 2120858.538299051113427 ], [ 857342.756865845294669, 2119574.609642142895609 ], [ 858621.621266553876922, 2119592.492259080521762 ] ] ] } },
{ "type": "Feature", "properties": { "label": 1, "month": "5", "year": "2024" }, "geometry": { "type": "Polygon", "coordinates": [ [ [ 858603.590144604910165, 2120876.434875089675188 ], [ 858585.543546584667638, 2122160.405705997254699 ], [ 857306.73700491245836, 2122142.49517311854288 ], [ 857324.75464492617175, 2120858.538299051113427 ], [ 858603.590144604910165, 2120876.434875089675188 ] ] ] } },
{ "type": "Feature", "properties": { "label": 1, "month": "5", "year": "2024" }, "geometry": { "type": "Polygon", "coordinates": [ [ [ 858585.543546584667638, 2122160.405705997254699 ], [ 858567.481470495695248, 2123444.404809644911438 ], [ 857288.703943819040433, 2123426.480322184972465 ], [ 857306.73700491245836, 2122142.49517311854288 ], [ 858585.543546584667638, 2122160.405705997254699 ] ] ] } },
{ "type": "Feature", "properties": { "label": 1, "month": "5", "year": "2024" }, "geometry": { "type": "Polygon", "coordinates": [ [ [ 859936.573383224196732, 2117042.574320154730231 ], [ 859918.544418273027986, 2118326.474693385884166 ], [ 858639.636914421105757, 2118308.577800191007555 ], [ 858657.637090193689801, 2117024.691440616734326 ], [ 859936.573383224196732, 2117042.574320154730231 ] ] ] } },
{ "type": "Feature", "properties": { "label": 1, "month": "5", "year": "2024" }, "geometry": { "type": "Polygon", "coordinates": [ [ [ 859918.544418273027986, 2118326.474693385884166 ], [ 859900.499924270436168, 2119610.403163690119982 ], [ 858621.621266553876922, 2119592.492259080521762 ], [ 858639.636914421105757, 2118308.577800191007555 ], [ 859918.544418273027986, 2118326.474693385884166 ] ] ] } },
{ "type": "Feature", "properties": { "label": 1, "month": "5", "year": "2024" }, "geometry": { "type": "Polygon", "coordinates": [ [ [ 859900.499924270436168, 2119610.403163690119982 ], [ 859882.439899222226813, 2120894.359788834117353 ], [ 858603.590144604910165, 2120876.434875089675188 ], [ 858621.621266553876922, 2119592.492259080521762 ], [ 859900.499924270436168, 2119610.403163690119982 ] ] ] } },
{ "type": "Feature", "properties": { "label": 1, "month": "5", "year": "2024" }, "geometry": { "type": "Polygon", "coordinates": [ [ [ 859882.439899222226813, 2120894.359788834117353 ], [ 859864.364341120701283, 2122178.344626631122082 ], [ 858585.543546584667638, 2122160.405705997254699 ], [ 858603.590144604910165, 2120876.434875089675188 ], [ 859882.439899222226813, 2120894.359788834117353 ] ] ] } },
{ "type": "Feature", "properties": { "label": 1, "month": "5", "year": "2024" }, "geometry": { "type": "Polygon", "coordinates": [ [ [ 859864.364341120701283, 2122178.344626631122082 ], [ 859846.273247960838489, 2123462.357734894379973 ], [ 858567.481470495695248, 2123444.404809644911438 ], [ 858585.543546584667638, 2122160.405705997254699 ], [ 859864.364341120701283, 2122178.344626631122082 ] ] ] } },
{ "type": "Feature", "properties": { "label": 1, "month": "5", "year": "2024" }, "geometry": { "type": "Polygon", "coordinates": [ [ [ 861197.466233833925799, 2118344.399826376698911 ], [ 861179.392891629599035, 2119628.342358141206205 ], [ 859900.499924270436168, 2119610.403163690119982 ], [ 859918.544418273027986, 2118326.474693385884166 ], [ 861197.466233833925799, 2118344.399826376698911 ] ] ] } },
{ "type": "Feature", "properties": { "label": 1, "month": "5", "year": "2024" }, "geometry": { "type": "Polygon", "coordinates": [ [ [ 861179.392891629599035, 2119628.342358141206205 ], [ 861161.30396140483208, 2120912.313042481429875 ], [ 859882.439899222226813, 2120894.359788834117353 ], [ 859900.499924270436168, 2119610.403163690119982 ], [ 861179.392891629599035, 2119628.342358141206205 ] ] ] } },
{ "type": "Feature", "properties": { "label": 1, "month": "5", "year": "2024" }, "geometry": { "type": "Polygon", "coordinates": [ [ [ 861161.30396140483208, 2120912.313042481429875 ], [ 861143.199441144475713, 2122196.311937214341015 ], [ 859864.364341120701283, 2122178.344626631122082 ], [ 859882.439899222226813, 2120894.359788834117353 ], [ 861161.30396140483208, 2120912.313042481429875 ] ] ] } },
{ "type": "Feature", "properties": { "label": 1, "month": "5", "year": "2024" }, "geometry": { "type": "Polygon", "coordinates": [ [ [ 861143.199441144475713, 2122196.311937214341015 ], [ 861125.079328833846375, 2123480.339100144337863 ], [ 859846.273247960838489, 2123462.357734894379973 ], [ 859864.364341120701283, 2122178.344626631122082 ], [ 861143.199441144475713, 2122196.311937214341015 ] ] ] } },
{ "type": "Feature", "properties": { "label": 1, "month": "5", "year": "2024" }, "geometry": { "type": "Polygon", "coordinates": [ [ [ 861125.079328833846375, 2123480.339100144337863 ], [ 861106.9436224559322, 2124764.394589110277593 ], [ 859828.166617735405453, 2124746.399171475786716 ], [ 859846.273247960838489, 2123462.357734894379973 ], [ 861125.079328833846375, 2123480.339100144337863 ] ] ] } },
{ "type": "Feature", "properties": { "label": 1, "month": "5", "year": "2024" }, "geometry": { "type": "Polygon", "coordinates": [ [ [ 861106.9436224559322, 2124764.394589110277593 ], [ 861088.79231998254545, 2126048.478461973834783 ], [ 859810.044448437052779, 2126030.468994229100645 ], [ 859828.166617735405453, 2124746.399171475786716 ], [ 861106.9436224559322, 2124764.394589110277593 ] ] ] } },
{ "type": "Feature", "properties": { "label": 1, "month": "5", "year": "2024" }, "geometry": { "type": "Polygon", "coordinates": [ [ [ 861088.79231998254545, 2126048.478461973834783 ], [ 861070.625419393763877, 2127332.590776617173105 ], [ 859791.906738050631247, 2127314.567261031828821 ], [ 859810.044448437052779, 2126030.468994229100645 ], [ 861088.79231998254545, 2126048.478461973834783 ] ] ] } },
{ "type": "Feature", "properties": { "label": 1, "month": "5", "year": "2024" }, "geometry": { "type": "Polygon", "coordinates": [ [ [ 861070.625419393763877, 2127332.590776617173105 ], [ 861052.442918661981821, 2128616.731590929441154 ], [ 859773.753484560642391, 2128598.694029797799885 ], [ 859791.906738050631247, 2127314.567261031828821 ], [ 861070.625419393763877, 2127332.590776617173105 ] ] ] } },
{ "type": "Feature", "properties": { "label": 1, "month": "5", "year": "2024" }, "geometry": { "type": "Polygon", "coordinates": [ [ [ 862440.182383784558624, 2120930.294638250954449 ], [ 862422.048899288987741, 2122214.30763996206224 ], [ 861143.199441144475713, 2122196.311937214341015 ], [ 861161.30396140483208, 2120912.313042481429875 ], [ 862440.182383784558624, 2120930.294638250954449 ] ] ] } },
{ "type": "Feature", "properties": { "label": 1, "month": "5", "year": "2024" }, "geometry": { "type": "Polygon", "coordinates": [ [ [ 862422.048899288987741, 2122214.30763996206224 ], [ 862403.899765745969489, 2123498.348907591309398 ], [ 861125.079328833846375, 2123480.339100144337863 ], [ 861143.199441144475713, 2122196.311937214341015 ], [ 862422.048899288987741, 2122214.30763996206224 ] ] ] } },
{ "type": "Feature", "properties": { "label": 1, "month": "5", "year": "2024" }, "geometry": { "type": "Polygon", "coordinates": [ [ [ 862403.899765745969489, 2123498.348907591309398 ], [ 862385.734981122659519, 2124782.418498991988599 ], [ 861106.9436224559322, 2124764.394589110277593 ], [ 861125.079328833846375, 2123480.339100144337863 ], [ 862403.899765745969489, 2123498.348907591309398 ] ] ] } },
{ "type": "Feature", "properties": { "label": 1, "month": "5", "year": "2024" }, "geometry": { "type": "Polygon", "coordinates": [ [ [ 862385.734981122659519, 2124782.418498991988599 ], [ 862367.554543389589526, 2126066.516471997834742 ], [ 861088.79231998254545, 2126048.478461973834783 ], [ 861106.9436224559322, 2124764.394589110277593 ], [ 862385.734981122659519, 2124782.418498991988599 ] ] ] } },
{ "type": "Feature", "properties": { "label": 1, "month": "5", "year": "2024" }, "geometry": { "type": "Polygon", "coordinates": [ [ [ 862367.554543389589526, 2126066.516471997834742 ], [ 862349.358450508792885, 2127350.642884493339807 ], [ 861070.625419393763877, 2127332.590776617173105 ], [ 861088.79231998254545, 2126048.478461973834783 ], [ 862367.554543389589526, 2126066.516471997834742 ] ] ] } },
{ "type": "Feature", "properties": { "label": 1, "month": "5", "year": "2024" }, "geometry": { "type": "Polygon", "coordinates": [ [ [ 862349.358450508792885, 2127350.642884493339807 ], [ 862331.146700439509004, 2128634.797794375568628 ], [ 861052.442918661981821, 2128616.731590929441154 ], [ 861070.625419393763877, 2127332.590776617173105 ], [ 862349.358450508792885, 2127350.642884493339807 ] ] ] } },
{ "type": "Feature", "properties": { "label": 1, "month": "5", "year": "2024" }, "geometry": { "type": "Polygon", "coordinates": [ [ [ 863682.73461131984368, 2123516.387159460224211 ], [ 863664.540746370097622, 2124800.47090331511572 ], [ 862385.734981122659519, 2124782.418498991988599 ], [ 862403.899765745969489, 2123498.348907591309398 ], [ 863682.73461131984368, 2123516.387159460224211 ] ] ] } },
{ "type": "Feature", "properties": { "label": 1, "month": "5", "year": "2024" }, "geometry": { "type": "Polygon", "coordinates": [ [ [ 863664.540746370097622, 2124800.47090331511572 ], [ 863646.331171285244636, 2126084.583026495296508 ], [ 862367.554543389589526, 2126066.516471997834742 ], [ 862385.734981122659519, 2124782.418498991988599 ], [ 863664.540746370097622, 2124800.47090331511572 ] ] ] } },
{ "type": "Feature", "properties": { "label": 1, "month": "5", "year": "2024" }, "geometry": { "type": "Polygon", "coordinates": [ [ [ 863646.331171285244636, 2126084.583026495296508 ], [ 863628.105884017655626, 2127368.723586870823056 ], [ 862349.358450508792885, 2127350.642884493339807 ], [ 862367.554543389589526, 2126066.516471997834742 ], [ 863646.331171285244636, 2126084.583026495296508 ] ] ] } },
{ "type": "Feature", "properties": { "label": 1, "month": "5", "year": "2024" }, "geometry": { "type": "Polygon", "coordinates": [ [ [ 863628.105884017655626, 2127368.723586870823056 ], [ 863609.864882516209036, 2128652.892642345279455 ], [ 862331.146700439509004, 2128634.797794375568628 ], [ 862349.358450508792885, 2127350.642884493339807 ], [ 863628.105884017655626, 2127368.723586870823056 ] ] ] } },
{ "type": "Feature", "properties": { "label": 1, "month": "5", "year": "2024" }, "geometry": { "type": "Polygon", "coordinates": [ [ [ 863609.864882516209036, 2128652.892642345279455 ], [ 863591.608164728386328, 2129937.090250817593187 ], [ 862312.919291141675785, 2129918.981259557418525 ], [ 862331.146700439509004, 2128634.797794375568628 ], [ 863609.864882516209036, 2128652.892642345279455 ] ] ] } },
{ "type": "Feature", "properties": { "label": 1, "month": "5", "year": "2024" }, "geometry": { "type": "Polygon", "coordinates": [ [ [ 864925.122256291098893, 2126102.678127702325583 ], [ 864906.867772541940212, 2127386.832885992247611 ], [ 863628.105884017655626, 2127368.723586870823056 ], [ 863646.331171285244636, 2126084.583026495296508 ], [ 864925.122256291098893, 2126102.678127702325583 ] ] ] } },
{ "type": "Feature", "properties": { "label": 1, "month": "5", "year": "2024" }, "geometry": { "type": "Polygon", "coordinates": [ [ [ 864906.867772541940212, 2127386.832885992247611 ], [ 864888.597517509013414, 2128671.016137070488185 ], [ 863609.864882516209036, 2128652.892642345279455 ], [ 863628.105884017655626, 2127368.723586870823056 ], [ 864906.867772541940212, 2127386.832885992247611 ] ] ] } },
{ "type": "Feature", "properties": { "label": 1, "month": "5", "year": "2024" }, "geometry": { "type": "Polygon", "coordinates": [ [ [ 864888.597517509013414, 2128671.016137070488185 ], [ 864870.311489126645029, 2129955.227938843891025 ], [ 863591.608164728386328, 2129937.090250817593187 ], [ 863609.864882516209036, 2128652.892642345279455 ], [ 864888.597517509013414, 2128671.016137070488185 ] ] ] } },
{ "type": "Feature", "properties": { "label": 1, "month": "5", "year": "2024" }, "geometry": { "type": "Polygon", "coordinates": [ [ [ 864870.311489126645029, 2129955.227938843891025 ], [ 864852.009685331373475, 2131239.468349252827466 ], [ 863573.335728595964611, 2131221.316470223944634 ], [ 863591.608164728386328, 2129937.090250817593187 ], [ 864870.311489126645029, 2129955.227938843891025 ] ] ] } },
{ "type": "Feature", "properties": { "label": 1, "month": "5", "year": "2024" }, "geometry": { "type": "Polygon", "coordinates": [ [ [ 864852.009685331373475, 2131239.468349252827466 ], [ 864833.692104049958289, 2132523.737426241394132 ], [ 863555.047572062932886, 2132505.571358523797244 ], [ 863573.335728595964611, 2131221.316470223944634 ], [ 864852.009685331373475, 2131239.468349252827466 ] ] ] } },
{ "type": "Feature", "properties": { "label": 1, "month": "5", "year": "2024" }, "geometry": { "type": "Polygon", "coordinates": [ [ [ 866185.644168707542121, 2127404.970784058794379 ], [ 866167.344658041372895, 2128689.168280771933496 ], [ 864888.597517509013414, 2128671.016137070488185 ], [ 864906.867772541940212, 2127386.832885992247611 ], [ 866185.644168707542121, 2127404.970784058794379 ] ] ] } },
{ "type": "Feature", "properties": { "label": 1, "month": "5", "year": "2024" }, "geometry": { "type": "Polygon", "coordinates": [ [ [ 866167.344658041372895, 2128689.168280771933496 ], [ 866149.029316962347366, 2129973.394325872417539 ], [ 864870.311489126645029, 2129955.227938843891025 ], [ 864888.597517509013414, 2128671.016137070488185 ], [ 866167.344658041372895, 2128689.168280771933496 ] ] ] } },
{ "type": "Feature", "properties": { "label": 1, "month": "5", "year": "2024" }, "geometry": { "type": "Polygon", "coordinates": [ [ [ 866149.029316962347366, 2129973.394325872417539 ], [ 866130.698143394780345, 2131257.64897728851065 ], [ 864852.009685331373475, 2131239.468349252827466 ], [ 864870.311489126645029, 2129955.227938843891025 ], [ 866149.029316962347366, 2129973.394325872417539 ] ] ] } },
{ "type": "Feature", "properties": { "label": 1, "month": "5", "year": "2024" }, "geometry": { "type": "Polygon", "coordinates": [ [ [ 866130.698143394780345, 2131257.64897728851065 ], [ 866112.351135252509266, 2132541.932292967569083 ], [ 864833.692104049958289, 2132523.737426241394132 ], [ 864852.009685331373475, 2131239.468349252827466 ], [ 866130.698143394780345, 2131257.64897728851065 ] ] ] } },
{ "type": "Feature", "properties": { "label": 1, "month": "5", "year": "2024" }, "geometry": { "type": "Polygon", "coordinates": [ [ [ 867446.10635673860088, 2128707.349075693171471 ], [ 867427.761700856382959, 2129991.589414139278233 ], [ 866149.029316962347366, 2129973.394325872417539 ], [ 866167.344658041372895, 2128689.168280771933496 ], [ 867446.10635673860088, 2128707.349075693171471 ] ] ] } },
{ "type": "Feature", "properties": { "label": 1, "month": "5", "year": "2024" }, "geometry": { "type": "Polygon", "coordinates": [ [ [ 867427.761700856382959, 2129991.589414139278233 ], [ 867409.401155404862948, 2131275.858356569893658 ], [ 866130.698143394780345, 2131257.64897728851065 ], [ 866149.029316962347366, 2129973.394325872417539 ], [ 867427.761700856382959, 2129991.589414139278233 ] ] ] } },
{ "type": "Feature", "properties": { "label": 1, "month": "5", "year": "2024" }, "geometry": { "type": "Polygon", "coordinates": [ [ [ 867409.401155404862948, 2131275.858356569893658 ], [ 867391.024718289729208, 2132560.155960947275162 ], [ 866112.351135252509266, 2132541.932292967569083 ], [ 866130.698143394780345, 2131257.64897728851065 ], [ 867409.401155404862948, 2131275.858356569893658 ] ] ] } },
{ "type": "Feature", "properties": { "label": 1, "month": "5", "year": "2024" }, "geometry": { "type": "Polygon", "coordinates": [ [ [ 867391.024718289729208, 2132560.155960947275162 ], [ 867372.632387414923869, 2133844.482285233680159 ], [ 866093.988290451932698, 2133826.244330871850252 ], [ 866112.351135252509266, 2132541.932292967569083 ], [ 867391.024718289729208, 2132560.155960947275162 ] ] ] } },
{ "type": "Feature", "properties": { "label": 1, "month": "5", "year": "2024" }, "geometry": { "type": "Polygon", "coordinates": [ [ [ 868706.508693432901055, 2130009.813205872662365 ], [ 868688.118773985654116, 2131294.096489345654845 ], [ 867409.401155404862948, 2131275.858356569893658 ], [ 867427.761700856382959, 2129991.589414139278233 ], [ 868706.508693432901055, 2130009.813205872662365 ] ] ] } },
{ "type": "Feature", "properties": { "label": 1, "month": "5", "year": "2024" }, "geometry": { "type": "Polygon", "coordinates": [ [ [ 868688.118773985654116, 2131294.096489345654845 ], [ 868669.712905781227164, 2132578.408432426396757 ], [ 867391.024718289729208, 2132560.155960947275162 ], [ 867409.401155404862948, 2131275.858356569893658 ], [ 868688.118773985654116, 2131294.096489345654845 ] ] ] } },
{ "type": "Feature", "properties": { "label": 1, "month": "5", "year": "2024" }, "geometry": { "type": "Polygon", "coordinates": [ [ [ 868669.712905781227164, 2132578.408432426396757 ], [ 868651.291086713084951, 2133862.749093082733452 ], [ 867372.632387414923869, 2133844.482285233680159 ], [ 867391.024718289729208, 2132560.155960947275162 ], [ 868669.712905781227164, 2132578.408432426396757 ] ] ] } },
{ "type": "Feature", "properties": { "label": 1, "month": "5", "year": "2024" }, "geometry": { "type": "Polygon", "coordinates": [ [ [ 868651.291086713084951, 2133862.749093082733452 ], [ 868632.853314669569954, 2135147.118529288098216 ], [ 867354.224160679150373, 2135128.837387392763048 ], [ 867372.632387414923869, 2133844.482285233680159 ], [ 868651.291086713084951, 2133862.749093082733452 ] ] ] } },
{ "type": "Feature", "properties": { "label": 1, "month": "5", "year": "2024" }, "geometry": { "type": "Polygon", "coordinates": [ [ [ 868632.853314669569954, 2135147.118529288098216 ], [ 868614.399587534135208, 2136431.516799049451947 ], [ 867335.800035985652357, 2136413.221325457561761 ], [ 867354.224160679150373, 2135128.837387392763048 ], [ 868632.853314669569954, 2135147.118529288098216 ] ] ] } },
{ "type": "Feature", "properties": { "label": 1, "month": "5", "year": "2024" }, "geometry": { "type": "Polygon", "coordinates": [ [ [ 868614.399587534135208, 2136431.516799049451947 ], [ 868595.929903194541112, 2137715.943960394710302 ], [ 867317.360011222306639, 2137697.634157439228147 ], [ 867335.800035985652357, 2136413.221325457561761 ], [ 868614.399587534135208, 2136431.516799049451947 ] ] ] } },
{ "type": "Feature", "properties": { "label": 1, "month": "5", "year": "2024" }, "geometry": { "type": "Polygon", "coordinates": [ [ [ 869929.964440966024995, 2133881.044756689574569 ], [ 869911.497121488442644, 2135165.428576925769448 ], [ 868632.853314669569954, 2135147.118529288098216 ], [ 868651.291086713084951, 2133862.749093082733452 ], [ 869929.964440966024995, 2133881.044756689574569 ] ] ] } },
{ "type": "Feature", "properties": { "label": 1, "month": "5", "year": "2024" }, "geometry": { "type": "Polygon", "coordinates": [ [ [ 869911.497121488442644, 2135165.428576925769448 ], [ 869893.013789788936265, 2136449.841228384058923 ], [ 868614.399587534135208, 2136431.516799049451947 ], [ 868632.853314669569954, 2135147.118529288098216 ], [ 869911.497121488442644, 2135165.428576925769448 ] ] ] } },
{ "type": "Feature", "properties": { "label": 1, "month": "5", "year": "2024" }, "geometry": { "type": "Polygon", "coordinates": [ [ [ 869893.013789788936265, 2136449.841228384058923 ], [ 869874.514443740714341, 2137734.282769070006907 ], [ 868595.929903194541112, 2137715.943960394710302 ], [ 868614.399587534135208, 2136431.516799049451947 ], [ 869893.013789788936265, 2136449.841228384058923 ] ] ] } },
{ "type": "Feature", "properties": { "label": 1, "month": "5", "year": "2024" }, "geometry": { "type": "Polygon", "coordinates": [ [ [ 869874.514443740714341, 2137734.282769070006907 ], [ 869855.999081211630255, 2139018.753257025033236 ], [ 868577.444259529002011, 2139000.400071346201003 ], [ 868595.929903194541112, 2137715.943960394710302 ], [ 869874.514443740714341, 2137734.282769070006907 ] ] ] } },
{ "type": "Feature", "properties": { "label": 1, "month": "5", "year": "2024" }, "geometry": { "type": "Polygon", "coordinates": [ [ [ 869855.999081211630255, 2139018.753257025033236 ], [ 869837.467700069071725, 2140303.252750304061919 ], [ 868558.942654417594895, 2140284.885189979337156 ], [ 868577.444259529002011, 2139000.400071346201003 ], [ 869855.999081211630255, 2139018.753257025033236 ] ] ] } },
{ "type": "Feature", "properties": { "label": 1, "month": "5", "year": "2024" }, "geometry": { "type": "Polygon", "coordinates": [ [ [ 869837.467700069071725, 2140303.252750304061919 ], [ 869818.920298178098164, 2141587.781306982506067 ], [ 868540.425085732480511, 2141569.399374372791499 ], [ 868558.942654417594895, 2140284.885189979337156 ], [ 869837.467700069071725, 2140303.252750304061919 ] ] ] } },
{ "type": "Feature", "properties": { "label": 1, "month": "5", "year": "2024" }, "geometry": { "type": "Polygon", "coordinates": [ [ [ 869818.920298178098164, 2141587.781306982506067 ], [ 869800.356873392593116, 2142872.338985172566026 ], [ 868521.891551348846406, 2142853.942682626191527 ], [ 868540.425085732480511, 2141569.399374372791499 ], [ 869818.920298178098164, 2141587.781306982506067 ] ] ] } },
{ "type": "Feature", "properties": { "label": 1, "month": "5", "year": "2024" }, "geometry": { "type": "Polygon", "coordinates": [ [ [ 871190.155633758753538, 2135183.767532575409859 ], [ 871171.642695363610983, 2136468.194615717511624 ], [ 869893.013789788936265, 2136449.841228384058923 ], [ 869911.497121488442644, 2135165.428576925769448 ], [ 871190.155633758753538, 2135183.767532575409859 ] ] ] } },
{ "type": "Feature", "properties": { "label": 1, "month": "5", "year": "2024" }, "geometry": { "type": "Polygon", "coordinates": [ [ [ 871171.642695363610983, 2136468.194615717511624 ], [ 871153.113685474731028, 2137752.65058573987335 ], [ 869874.514443740714341, 2137734.282769070006907 ], [ 869893.013789788936265, 2136449.841228384058923 ], [ 871171.642695363610983, 2136468.194615717511624 ] ] ] } },
{ "type": "Feature", "properties": { "label": 1, "month": "5", "year": "2024" }, "geometry": { "type": "Polygon", "coordinates": [ [ [ 871153.113685474731028, 2137752.65058573987335 ], [ 871134.568601947510615, 2139037.135500662494451 ], [ 869855.999081211630255, 2139018.753257025033236 ], [ 869874.514443740714341, 2137734.282769070006907 ], [ 871153.113685474731028, 2137752.65058573987335 ] ] ] } },
{ "type": "Feature", "properties": { "label": 1, "month": "5", "year": "2024" }, "geometry": { "type": "Polygon", "coordinates": [ [ [ 871134.568601947510615, 2139037.135500662494451 ], [ 871116.007442636531778, 2140321.649418553337455 ], [ 869837.467700069071725, 2140303.252750304061919 ], [ 869855.999081211630255, 2139018.753257025033236 ], [ 871134.568601947510615, 2139037.135500662494451 ] ] ] } },
{ "type": "Feature", "properties": { "label": 1, "month": "5", "year": "2024" }, "geometry": { "type": "Polygon", "coordinates": [ [ [ 871116.007442636531778, 2140321.649418553337455 ], [ 871097.430205394048244, 2141606.192397490143776 ], [ 869818.920298178098164, 2141587.781306982506067 ], [ 869837.467700069071725, 2140303.252750304061919 ], [ 871116.007442636531778, 2140321.649418553337455 ] ] ] } },
{ "type": "Feature", "properties": { "label": 1, "month": "5", "year": "2024" }, "geometry": { "type": "Polygon", "coordinates": [ [ [ 871097.430205394048244, 2141606.192397490143776 ], [ 871078.836888066725805, 2142890.764495568349957 ], [ 869800.356873392593116, 2142872.338985172566026 ], [ 869818.920298178098164, 2141587.781306982506067 ], [ 871097.430205394048244, 2141606.192397490143776 ] ] ] } },
{ "type": "Feature", "properties": { "label": 1, "month": "5", "year": "2024" }, "geometry": { "type": "Polygon", "coordinates": [ [ [ 871078.836888066725805, 2142890.764495568349957 ], [ 871060.227488504257053, 2144175.365770897828043 ], [ 869781.77742358064279, 2144156.925842975266278 ], [ 869800.356873392593116, 2142872.338985172566026 ], [ 871078.836888066725805, 2142890.764495568349957 ] ] ] } },
{ "type": "Feature", "properties": { "label": 1, "month": "5", "year": "2024" }, "geometry": { "type": "Polygon", "coordinates": [ [ [ 872431.727681010845117, 2137771.047412656713277 ], [ 872413.152874345891178, 2139055.546804536134005 ], [ 871134.568601947510615, 2139037.135500662494451 ], [ 871153.113685474731028, 2137752.65058573987335 ], [ 872431.727681010845117, 2137771.047412656713277 ] ] ] } },
{ "type": "Feature", "properties": { "label": 1, "month": "5", "year": "2024" }, "geometry": { "type": "Polygon", "coordinates": [ [ [ 872413.152874345891178, 2139055.546804536134005 ], [ 872394.561934724217281, 2140340.075197018682957 ], [ 871116.007442636531778, 2140321.649418553337455 ], [ 871134.568601947510615, 2139037.135500662494451 ], [ 872413.152874345891178, 2139055.546804536134005 ] ] ] } },
{ "type": "Feature", "properties": { "label": 1, "month": "5", "year": "2024" }, "geometry": { "type": "Polygon", "coordinates": [ [ [ 872394.561934724217281, 2140340.075197018682957 ], [ 872375.954859987716191, 2141624.632648180238903 ], [ 871097.430205394048244, 2141606.192397490143776 ], [ 871116.007442636531778, 2140321.649418553337455 ], [ 872394.561934724217281, 2140340.075197018682957 ] ] ] } },
{ "type": "Feature", "properties": { "label": 1, "month": "5", "year": "2024" }, "geometry": { "type": "Polygon", "coordinates": [ [ [ 872375.954859987716191, 2141624.632648180238903 ], [ 872357.33164797083009, 2142909.219216103199869 ], [ 871078.836888066725805, 2142890.764495568349957 ], [ 871097.430205394048244, 2141606.192397490143776 ], [ 872375.954859987716191, 2141624.632648180238903 ] ] ] } },
{ "type": "Feature", "properties": { "label": 1, "month": "5", "year": "2024" }, "geometry": { "type": "Polygon", "coordinates": [ [ [ 872357.33164797083009, 2142909.219216103199869 ], [ 872338.692296509630978, 2144193.834958916064352 ], [ 871060.227488504257053, 2144175.365770897828043 ], [ 871078.836888066725805, 2142890.764495568349957 ], [ 872357.33164797083009, 2142909.219216103199869 ] ] ] } },
{ "type": "Feature", "properties": { "label": 1, "month": "5", "year": "2024" }, "geometry": { "type": "Polygon", "coordinates": [ [ [ 873673.13122894987464, 2140358.530087974853814 ], [ 873654.494314572541043, 2141643.102061321027577 ], [ 872375.954859987716191, 2141624.632648180238903 ], [ 872394.561934724217281, 2140340.075197018682957 ], [ 873673.13122894987464, 2140358.530087974853814 ] ] ] } },
{ "type": "Feature", "properties": { "label": 1, "month": "5", "year": "2024" }, "geometry": { "type": "Polygon", "coordinates": [ [ [ 873654.494314572541043, 2141643.102061321027577 ], [ 873635.841205715667456, 2142927.703149065840989 ], [ 872357.33164797083009, 2142909.219216103199869 ], [ 872375.954859987716191, 2141624.632648180238903 ], [ 873654.494314572541043, 2141643.102061321027577 ] ] ] } },
{ "type": "Feature", "properties": { "label": 1, "month": "5", "year": "2024" }, "geometry": { "type": "Polygon", "coordinates": [ [ [ 873635.841205715667456, 2142927.703149065840989 ], [ 873617.171900203684345, 2144212.33340931031853 ], [ 872338.692296509630978, 2144193.834958916064352 ], [ 872357.33164797083009, 2142909.219216103199869 ], [ 873635.841205715667456, 2142927.703149065840989 ] ] ] } },
{ "type": "Feature", "properties": { "label": 1, "month": "5", "year": "2024" }, "geometry": { "type": "Polygon", "coordinates": [ [ [ 873617.171900203684345, 2144212.33340931031853 ], [ 873598.486395854619332, 2145496.992900183424354 ], [ 872320.0368034359999, 2145478.479934744536877 ], [ 872338.692296509630978, 2144193.834958916064352 ], [ 873617.171900203684345, 2144212.33340931031853 ] ] ] } },
{ "type": "Feature", "properties": { "label": 1, "month": "5", "year": "2024" }, "geometry": { "type": "Polygon", "coordinates": [ [ [ 874876.950834410032257, 2145515.535180245991796 ], [ 874858.219058372545987, 2146800.238522519357502 ], [ 873579.784690487431362, 2146781.681679847184569 ], [ 873598.486395854619332, 2145496.992900183424354 ], [ 874876.950834410032257, 2145515.535180245991796 ] ] ] } },
{ "type": "Feature", "properties": { "label": 1, "month": "5", "year": "2024" }, "geometry": { "type": "Polygon", "coordinates": [ [ [ 876192.904925165115856, 2142964.75866141077131 ], [ 876174.17570507817436, 2144249.418106401339173 ], [ 874895.666352189145982, 2144230.861124373506755 ], [ 874914.365613907342777, 2142946.21629673987627 ], [ 876192.904925165115856, 2142964.75866141077131 ] ] ] } },
{ "type": "Feature", "properties": { "label": 1, "month": "5", "year": "2024" }, "geometry": { "type": "Polygon", "coordinates": [ [ [ 875059.895899715134874, 2218811.57089193444699 ], [ 875040.200329609797336, 2220098.054815763607621 ], [ 873763.560228486545384, 2220078.639739788137376 ], [ 873783.222442963393405, 2218792.170287538319826 ], [ 875059.895899715134874, 2218811.57089193444699 ] ] ] } },
{ "type": "Feature", "properties": { "label": 1, "month": "5", "year": "2024" }, "geometry": { "type": "Polygon", "coordinates": [ [ [ 875040.200329609797336, 2220098.054815763607621 ], [ 875020.488311263732612, 2221384.571431360673159 ], [ 873743.88162371981889, 2221365.141886359080672 ], [ 873763.560228486545384, 2220078.639739788137376 ], [ 875040.200329609797336, 2220098.054815763607621 ] ] ] } },
{ "type": "Feature", "properties": { "label": 1, "month": "5", "year": "2024" }, "geometry": { "type": "Polygon", "coordinates": [ [ [ 876336.584179802099243, 2218831.003650952596217 ], [ 876316.855251743458211, 2220117.502095876261592 ], [ 875040.200329609797336, 2220098.054815763607621 ], [ 875059.895899715134874, 2218811.57089193444699 ], [ 876336.584179802099243, 2218831.003650952596217 ] ] ] } },
{ "type": "Feature", "properties": { "label": 1, "month": "5", "year": "2024" }, "geometry": { "type": "Polygon", "coordinates": [ [ [ 877633.033062235685065, 2217563.988178799394518 ], [ 877613.287335652625188, 2218850.468567056115717 ], [ 876336.584179802099243, 2218831.003650952596217 ], [ 876356.296604049624875, 2217544.537835877854377 ], [ 877633.033062235685065, 2217563.988178799394518 ] ] ] } },
{ "type": "Feature", "properties": { "label": 1, "month": "5", "year": "2024" }, "geometry": { "type": "Polygon", "coordinates": [ [ [ 877613.287335652625188, 2218850.468567056115717 ], [ 877593.525047307135537, 2220136.981582601554692 ], [ 876316.855251743458211, 2220117.502095876261592 ], [ 876336.584179802099243, 2218831.003650952596217 ], [ 877613.287335652625188, 2218850.468567056115717 ] ] ] } },
{ "type": "Feature", "properties": { "label": 1, "month": "5", "year": "2024" }, "geometry": { "type": "Polygon", "coordinates": [ [ [ 878929.546864897478372, 2216297.0081861554645 ], [ 878909.784450944280252, 2217583.470631735865027 ], [ 877633.033062235685065, 2217563.988178799394518 ], [ 877652.76222945516929, 2216277.540358509402722 ], [ 878929.546864897478372, 2216297.0081861554645 ] ] ] } },
{ "type": "Feature", "properties": { "label": 1, "month": "5", "year": "2024" }, "geometry": { "type": "Polygon", "coordinates": [ [ [ 878909.784450944280252, 2217583.470631735865027 ], [ 878890.00541968701873, 2218869.965642718132585 ], [ 877613.287335652625188, 2218850.468567056115717 ], [ 877633.033062235685065, 2217563.988178799394518 ], [ 878909.784450944280252, 2217583.470631735865027 ] ] ] } },
{ "type": "Feature", "properties": { "label": 1, "month": "5", "year": "2024" }, "geometry": { "type": "Polygon", "coordinates": [ [ [ 881288.363177990657277, 2144323.938750183209777 ], [ 881269.497560556745157, 2145608.686380450613797 ], [ 879990.958102161297575, 2145589.997492735739797 ], [ 880009.793695321306586, 2144305.264677274040878 ], [ 881288.363177990657277, 2144323.938750183209777 ] ] ] } },
{ "type": "Feature", "properties": { "label": 1, "month": "5", "year": "2024" }, "geometry": { "type": "Polygon", "coordinates": [ [ [ 881269.497560556745157, 2145608.686380450613797 ], [ 881250.615398638183251, 2146893.463285033591092 ], [ 879972.106021767365746, 2146874.75958494329825 ], [ 879990.958102161297575, 2145589.997492735739797 ], [ 881269.497560556745157, 2145608.686380450613797 ] ] ] } },
{ "type": "Feature", "properties": { "label": 1, "month": "5", "year": "2024" }, "geometry": { "type": "Polygon", "coordinates": [ [ [ 881212.801432312699035, 2149463.105149801354855 ], [ 881193.869623380945995, 2150747.970226360019296 ], [ 879915.45083470758982, 2150729.222103736829013 ], [ 879934.352390290470794, 2149444.37183225620538 ], [ 881212.801432312699035, 2149463.105149801354855 ] ] ] } },
{ "type": "Feature", "properties": { "label": 1, "month": "5", "year": "2024" }, "geometry": { "type": "Polygon", "coordinates": [ [ [ 880888.707850632374175, 2171309.864061180036515 ], [ 880869.494321194244549, 2172595.238691826816648 ], [ 879591.598616107134148, 2172576.239258202258497 ], [ 879610.780916465097107, 2171290.879390817601234 ], [ 880888.707850632374175, 2171309.864061180036515 ] ] ] } },
{ "type": "Feature", "properties": { "label": 1, "month": "5", "year": "2024" }, "geometry": { "type": "Polygon", "coordinates": [ [ [ 880206.346485621412285, 2216316.508076763246208 ], [ 880186.550822601653636, 2217602.985197172034532 ], [ 878909.784450944280252, 2217583.470631735865027 ], [ 878929.546864897478372, 2216297.0081861554645 ], [ 880206.346485621412285, 2216316.508076763246208 ] ] ] } },
{ "type": "Feature", "properties": { "label": 1, "month": "5", "year": "2024" }, "geometry": { "type": "Polygon", "coordinates": [ [ [ 882548.052180776954629, 2145627.404596633277833 ], [ 882529.139935154351406, 2146912.196363551542163 ], [ 881250.615398638183251, 2146893.463285033591092 ], [ 881269.497560556745157, 2145608.686380450613797 ], [ 882548.052180776954629, 2145627.404596633277833 ] ] ] } },
{ "type": "Feature", "properties": { "label": 1, "month": "5", "year": "2024" }, "geometry": { "type": "Polygon", "coordinates": [ [ [ 881522.768783074337989, 2213763.153786727692932 ], [ 881502.973327740328386, 2215049.580688935238868 ], [ 880226.12547581421677, 2215030.063459865748882 ], [ 880245.88779559219256, 2213743.651287201792002 ], [ 881522.768783074337989, 2213763.153786727692932 ] ] ] } },
{ "type": "Feature", "properties": { "label": 1, "month": "5", "year": "2024" }, "geometry": { "type": "Polygon", "coordinates": [ [ [ 881502.973327740328386, 2215049.580688935238868 ], [ 881483.161144072189927, 2216336.040032792836428 ], [ 880206.346485621412285, 2216316.508076763246208 ], [ 880226.12547581421677, 2215030.063459865748882 ], [ 881502.973327740328386, 2215049.580688935238868 ] ] ] } },
{ "type": "Feature", "properties": { "label": 1, "month": "5", "year": "2024" }, "geometry": { "type": "Polygon", "coordinates": [ [ [ 881483.161144072189927, 2216336.040032792836428 ], [ 881463.332229649182409, 2217622.531877608038485 ], [ 880186.550822601653636, 2217602.985197172034532 ], [ 880206.346485621412285, 2216316.508076763246208 ], [ 881483.161144072189927, 2216336.040032792836428 ] ] ] } },
{ "type": "Feature", "properties": { "label": 1, "month": "5", "year": "2024" }, "geometry": { "type": "Polygon", "coordinates": [ [ [ 882799.66486539458856, 2213782.688255039043725 ], [ 882779.836272166110575, 2215069.129936364013702 ], [ 881502.973327740328386, 2215049.580688935238868 ], [ 881522.768783074337989, 2213763.153786727692932 ], [ 882799.66486539458856, 2213782.688255039043725 ] ] ] } },
{ "type": "Feature", "properties": { "label": 1, "month": "5", "year": "2024" }, "geometry": { "type": "Polygon", "coordinates": [ [ [ 882779.836272166110575, 2215069.129936364013702 ], [ 882759.990892686415464, 2216355.604056757409126 ], [ 881483.161144072189927, 2216336.040032792836428 ], [ 881502.973327740328386, 2215049.580688935238868 ], [ 882779.836272166110575, 2215069.129936364013702 ] ] ] } },
{ "type": "Feature", "properties": { "label": 1, "month": "5", "year": "2024" }, "geometry": { "type": "Polygon", "coordinates": [ [ [ 884722.579569487017579, 2171367.000039802398533 ], [ 884703.272339381044731, 2172652.419259145390242 ], [ 883425.331130272941664, 2172633.328689910471439 ], [ 883444.607124579953961, 2171347.924383284989744 ], [ 884722.579569487017579, 2171367.000039802398533 ] ] ] } },
{ "type": "Feature", "properties": { "label": 1, "month": "5", "year": "2024" }, "geometry": { "type": "Polygon", "coordinates": [ [ [ 886000.56728977477178, 2171386.106029793154448 ], [ 885981.228821624070406, 2172671.540211688261479 ], [ 884703.272339381044731, 2172652.419259145390242 ], [ 884722.579569487017579, 2171367.000039802398533 ], [ 886000.56728977477178, 2171386.106029793154448 ] ] ] } },
{ "type": "Feature", "properties": { "label": 1, "month": "5", "year": "2024" }, "geometry": { "type": "Polygon", "coordinates": [ [ [ 885981.228821624070406, 2172671.540211688261479 ], [ 885961.873530944460072, 2173957.004883422050625 ], [ 884683.948344263015315, 2173937.868970850016922 ], [ 884703.272339381044731, 2172652.419259145390242 ], [ 885981.228821624070406, 2172671.540211688261479 ] ] ] } },
{ "type": "Feature", "properties": { "label": 1, "month": "5", "year": "2024" }, "geometry": { "type": "Polygon", "coordinates": [ [ [ 885884.284095593029633, 2179099.169640715699643 ], [ 885864.844656733796, 2180384.787640739697963 ], [ 884587.076811029110104, 2180365.576965757645667 ], [ 884606.484666563104838, 2179079.973913170397282 ], [ 885884.284095593029633, 2179099.169640715699643 ] ] ] } },
{ "type": "Feature", "properties": { "label": 1, "month": "5", "year": "2024" }, "geometry": { "type": "Polygon", "coordinates": [ [ [ 885864.844656733796, 2180384.787640739697963 ], [ 885845.38838111422956, 2181670.436482373159379 ], [ 884567.652176324510947, 2181651.210862485226244 ], [ 884587.076811029110104, 2180365.576965757645667 ], [ 885864.844656733796, 2180384.787640739697963 ] ] ] } },
{ "type": "Feature", "properties": { "label": 1, "month": "5", "year": "2024" }, "geometry": { "type": "Polygon", "coordinates": [ [ [ 885845.38838111422956, 2181670.436482373159379 ], [ 885825.915266350610182, 2182956.116224304307252 ], [ 884548.210760075948201, 2182936.875662046484649 ], [ 884567.652176324510947, 2181651.210862485226244 ], [ 885845.38838111422956, 2181670.436482373159379 ] ] ] } },
{ "type": "Feature", "properties": { "label": 1, "month": "5", "year": "2024" }, "geometry": { "type": "Polygon", "coordinates": [ [ [ 885825.915266350610182, 2182956.116224304307252 ], [ 885806.425310055492446, 2184241.826925275381655 ], [ 884528.752559911925346, 2184222.571423166897148 ], [ 884548.210760075948201, 2182936.875662046484649 ], [ 885825.915266350610182, 2182956.116224304307252 ] ] ] } },
{ "type": "Feature", "properties": { "label": 1, "month": "5", "year": "2024" }, "geometry": { "type": "Polygon", "coordinates": [ [ [ 885806.425310055492446, 2184241.826925275381655 ], [ 885786.918509844341315, 2185527.56864400440827 ], [ 884509.277573458501138, 2185508.298204585909843 ], [ 884528.752559911925346, 2184222.571423166897148 ], [ 885806.425310055492446, 2184241.826925275381655 ] ] ] } },
{ "type": "Feature", "properties": { "label": 1, "month": "5", "year": "2024" }, "geometry": { "type": "Polygon", "coordinates": [ [ [ 885786.918509844341315, 2185527.56864400440827 ], [ 885767.394863324705511, 2186813.341439253650606 ], [ 884489.78579833288677, 2186794.056065073702484 ], [ 884509.277573458501138, 2185508.298204585909843 ], [ 885786.918509844341315, 2185527.56864400440827 ] ] ] } },
{ "type": "Feature", "properties": { "label": 1, "month": "5", "year": "2024" }, "geometry": { "type": "Polygon", "coordinates": [ [ [ 885767.394863324705511, 2186813.341439253650606 ], [ 885747.854368100408465, 2188099.145369820296764 ], [ 884470.277232155320235, 2188079.845063409768045 ], [ 884489.78579833288677, 2186794.056065073702484 ], [ 885767.394863324705511, 2186813.341439253650606 ] ] ] } },
{ "type": "Feature", "properties": { "label": 1, "month": "5", "year": "2024" }, "geometry": { "type": "Polygon", "coordinates": [ [ [ 887528.841539852321148, 2154697.150565047748387 ], [ 887509.691057008341886, 2155982.208744612522423 ], [ 886231.317607300472446, 2155963.252762799616903 ], [ 886250.437596496776678, 2154678.209628130774945 ], [ 887528.841539852321148, 2154697.150565047748387 ] ] ] } },
{ "type": "Feature", "properties": { "label": 1, "month": "5", "year": "2024" }, "geometry": { "type": "Polygon", "coordinates": [ [ [ 887278.57033801311627, 2171405.242355675436556 ], [ 887259.200629567261785, 2172690.691549943294376 ], [ 885981.228821624070406, 2172671.540211688261479 ], [ 886000.56728977477178, 2171386.106029793154448 ], [ 887278.57033801311627, 2171405.242355675436556 ] ] ] } },
{ "type": "Feature", "properties": { "label": 1, "month": "5", "year": "2024" }, "geometry": { "type": "Polygon", "coordinates": [ [ [ 887239.814041072735563, 2173976.171231541316956 ], [ 887220.410570154665038, 2175261.681459044571966 ], [ 885942.501415371196344, 2175242.500103595666587 ], [ 885961.873530944460072, 2173957.004883422050625 ], [ 887239.814041072735563, 2173976.171231541316956 ] ] ] } },
{ "type": "Feature", "properties": { "label": 1, "month": "5", "year": "2024" }, "geometry": { "type": "Polygon", "coordinates": [ [ [ 887220.410570154665038, 2175261.681459044571966 ], [ 887200.990214430261403, 2176547.222291043493897 ], [ 885923.112472534878179, 2176528.025930790230632 ], [ 885942.501415371196344, 2175242.500103595666587 ], [ 887220.410570154665038, 2175261.681459044571966 ] ] ] } },
{ "type": "Feature", "properties": { "label": 1, "month": "5", "year": "2024" }, "geometry": { "type": "Polygon", "coordinates": [ [ [ 887200.990214430261403, 2176547.222291043493897 ], [ 887181.552971516968682, 2177832.79378614667803 ], [ 885903.706700068200007, 2177813.582423619460315 ], [ 885923.112472534878179, 2176528.025930790230632 ], [ 887200.990214430261403, 2176547.222291043493897 ] ] ] } },
{ "type": "Feature", "properties": { "label": 1, "month": "5", "year": "2024" }, "geometry": { "type": "Polygon", "coordinates": [ [ [ 887181.552971516968682, 2177832.79378614667803 ], [ 887162.098839030833915, 2179118.396002999506891 ], [ 885884.284095593029633, 2179099.169640715699643 ], [ 885903.706700068200007, 2177813.582423619460315 ], [ 887181.552971516968682, 2177832.79378614667803 ] ] ] } },
{ "type": "Feature", "properties": { "label": 1, "month": "5", "year": "2024" }, "geometry": { "type": "Polygon", "coordinates": [ [ [ 887162.098839030833915, 2179118.396002999506891 ], [ 887142.627814581617713, 2180404.029000238049775 ], [ 885864.844656733796, 2180384.787640739697963 ], [ 885884.284095593029633, 2179099.169640715699643 ], [ 887162.098839030833915, 2179118.396002999506891 ] ] ] } },
{ "type": "Feature", "properties": { "label": 1, "month": "5", "year": "2024" }, "geometry": { "type": "Polygon", "coordinates": [ [ [ 887142.627814581617713, 2180404.029000238049775 ], [ 887123.139895776286721, 2181689.692836561705917 ], [ 885845.38838111422956, 2181670.436482373159379 ], [ 885864.844656733796, 2180384.787640739697963 ], [ 887142.627814581617713, 2180404.029000238049775 ] ] ] } },
{ "type": "Feature", "properties": { "label": 1, "month": "5", "year": "2024" }, "geometry": { "type": "Polygon", "coordinates": [ [ [ 887123.139895776286721, 2181689.692836561705917 ], [ 887103.635080224135891, 2182975.387570635415614 ], [ 885825.915266350610182, 2182956.116224304307252 ], [ 885845.38838111422956, 2181670.436482373159379 ], [ 887123.139895776286721, 2181689.692836561705917 ] ] ] } },
{ "type": "Feature", "properties": { "label": 1, "month": "5", "year": "2024" }, "geometry": { "type": "Polygon", "coordinates": [ [ [ 887103.635080224135891, 2182975.387570635415614 ], [ 887084.113365521887317, 2184261.113261209800839 ], [ 885806.425310055492446, 2184241.826925275381655 ], [ 885825.915266350610182, 2182956.116224304307252 ], [ 887103.635080224135891, 2182975.387570635415614 ] ] ] } },
{ "type": "Feature", "properties": { "label": 1, "month": "5", "year": "2024" }, "geometry": { "type": "Polygon", "coordinates": [ [ [ 887084.113365521887317, 2184261.113261209800839 ], [ 887064.574749277206138, 2185546.869966994039714 ], [ 885786.918509844341315, 2185527.56864400440827 ], [ 885806.425310055492446, 2184241.826925275381655 ], [ 887084.113365521887317, 2184261.113261209800839 ] ] ] } },
{ "type": "Feature", "properties": { "label": 1, "month": "5", "year": "2024" }, "geometry": { "type": "Polygon", "coordinates": [ [ [ 887064.574749277206138, 2185546.869966994039714 ], [ 887045.019229081342928, 2186832.657746769487858 ], [ 885767.394863324705511, 2186813.341439253650606 ], [ 885786.918509844341315, 2185527.56864400440827 ], [ 887064.574749277206138, 2185546.869966994039714 ] ] ] } },
{ "type": "Feature", "properties": { "label": 1, "month": "5", "year": "2024" }, "geometry": { "type": "Polygon", "coordinates": [ [ [ 887045.019229081342928, 2186832.657746769487858 ], [ 887025.446802528575063, 2188118.476659298408777 ], [ 885747.854368100408465, 2188099.145369820296764 ], [ 885767.394863324705511, 2186813.341439253650606 ], [ 887045.019229081342928, 2186832.657746769487858 ] ] ] } },
{ "type": "Feature", "properties": { "label": 1, "month": "5", "year": "2024" }, "geometry": { "type": "Polygon", "coordinates": [ [ [ 888788.079914049012586, 2156001.194466158282012 ], [ 888768.882028565974906, 2157286.297465823590755 ], [ 887490.523724756436422, 2157267.296651961281896 ], [ 887509.691057008341886, 2155982.208744612522423 ], [ 888788.079914049012586, 2156001.194466158282012 ] ] ] } },
{ "type": "Feature", "properties": { "label": 1, "month": "5", "year": "2024" }, "geometry": { "type": "Polygon", "coordinates": [ [ [ 888595.339865592541173, 2168853.571727141272277 ], [ 888575.972782582975924, 2170138.975189628079534 ], [ 887297.92316878400743, 2170119.823590191546828 ], [ 887317.259124254225753, 2168834.435194964520633 ], [ 888595.339865592541173, 2168853.571727141272277 ] ] ] } },
{ "type": "Feature", "properties": { "label": 1, "month": "5", "year": "2024" }, "geometry": { "type": "Polygon", "coordinates": [ [ [ 888575.972782582975924, 2170138.975189628079534 ], [ 888556.588766773464158, 2171424.40901984134689 ], [ 887278.57033801311627, 2171405.242355675436556 ], [ 887297.92316878400743, 2170119.823590191546828 ], [ 888575.972782582975924, 2170138.975189628079534 ] ] ] } },
{ "type": "Feature", "properties": { "label": 1, "month": "5", "year": "2024" }, "geometry": { "type": "Polygon", "coordinates": [ [ [ 888556.588766773464158, 2171424.40901984134689 ], [ 888537.187815779820085, 2172709.873276308644563 ], [ 887259.200629567261785, 2172690.691549943294376 ], [ 887278.57033801311627, 2171405.242355675436556 ], [ 888556.588766773464158, 2171424.40901984134689 ] ] ] } },
{ "type": "Feature", "properties": { "label": 1, "month": "5", "year": "2024" }, "geometry": { "type": "Polygon", "coordinates": [ [ [ 888537.187815779820085, 2172709.873276308644563 ], [ 888517.76992721715942, 2173995.368017587345093 ], [ 887239.814041072735563, 2173976.171231541316956 ], [ 887259.200629567261785, 2172690.691549943294376 ], [ 888537.187815779820085, 2172709.873276308644563 ] ] ] } },
{ "type": "Feature", "properties": { "label": 1, "month": "5", "year": "2024" }, "geometry": { "type": "Polygon", "coordinates": [ [ [ 888517.76992721715942, 2173995.368017587345093 ], [ 888498.335098695475608, 2175280.893302240874618 ], [ 887220.410570154665038, 2175261.681459044571966 ], [ 887239.814041072735563, 2173976.171231541316956 ], [ 888517.76992721715942, 2173995.368017587345093 ] ] ] } },
{ "type": "Feature", "properties": { "label": 1, "month": "5", "year": "2024" }, "geometry": { "type": "Polygon", "coordinates": [ [ [ 888439.928949432913214, 2179137.653002443257719 ], [ 888420.426337120588869, 2180423.301046683453023 ], [ 887142.627814581617713, 2180404.029000238049775 ], [ 887162.098839030833915, 2179118.396002999506891 ], [ 888439.928949432913214, 2179137.653002443257719 ] ] ] } },
{ "type": "Feature", "properties": { "label": 1, "month": "5", "year": "2024" }, "geometry": { "type": "Polygon", "coordinates": [ [ [ 888420.426337120588869, 2180423.301046683453023 ], [ 888400.906772859743796, 2181708.97992746392265 ], [ 887123.139895776286721, 2181689.692836561705917 ], [ 887142.627814581617713, 2180404.029000238049775 ], [ 888420.426337120588869, 2180423.301046683453023 ] ] ] } },
{ "type": "Feature", "properties": { "label": 1, "month": "5", "year": "2024" }, "geometry": { "type": "Polygon", "coordinates": [ [ [ 888381.37025424069725, 2182994.689703467767686 ], [ 888361.816778855049051, 2184280.430433403234929 ], [ 887084.113365521887317, 2184261.113261209800839 ], [ 887103.635080224135891, 2182975.387570635415614 ], [ 888381.37025424069725, 2182994.689703467767686 ] ] ] } },
{ "type": "Feature", "properties": { "label": 1, "month": "5", "year": "2024" }, "geometry": { "type": "Polygon", "coordinates": [ [ [ 888361.816778855049051, 2184280.430433403234929 ], [ 888342.246344292536378, 2185566.20217600883916 ], [ 887064.574749277206138, 2185546.869966994039714 ], [ 887084.113365521887317, 2184261.113261209800839 ], [ 888361.816778855049051, 2184280.430433403234929 ] ] ] } },
{ "type": "Feature", "properties": { "label": 1, "month": "5", "year": "2024" }, "geometry": { "type": "Polygon", "coordinates": [ [ [ 888342.246344292536378, 2185566.20217600883916 ], [ 888322.658948136726394, 2186852.004990042652935 ], [ 887045.019229081342928, 2186832.657746769487858 ], [ 887064.574749277206138, 2185546.869966994039714 ], [ 888342.246344292536378, 2185566.20217600883916 ] ] ] } },
{ "type": "Feature", "properties": { "label": 1, "month": "5", "year": "2024" }, "geometry": { "type": "Polygon", "coordinates": [ [ [ 888322.658948136726394, 2186852.004990042652935 ], [ 888303.054587967926636, 2188137.838934283237904 ], [ 887025.446802528575063, 2188118.476659298408777 ], [ 887045.019229081342928, 2186832.657746769487858 ], [ 888322.658948136726394, 2186852.004990042652935 ] ] ] } },
{ "type": "Feature", "properties": { "label": 1, "month": "5", "year": "2024" }, "geometry": { "type": "Polygon", "coordinates": [ [ [ 890066.484231038251892, 2156020.209929793607444 ], [ 890047.255790105555207, 2157305.328071717172861 ], [ 888768.882028565974906, 2157286.297465823590755 ], [ 888788.079914049012586, 2156001.194466158282012 ], [ 890066.484231038251892, 2156020.209929793607444 ] ] ] } },
{ "type": "Feature", "properties": { "label": 1, "month": "5", "year": "2024" }, "geometry": { "type": "Polygon", "coordinates": [ [ [ 889912.18150880583562, 2166301.992202758323401 ], [ 889892.817269428400323, 2167587.350227426271886 ], [ 888614.690018183784559, 2167568.198573882691562 ], [ 888634.02324273227714, 2166282.855671361554414 ], [ 889912.18150880583562, 2166301.992202758323401 ] ] ] } },
{ "type": "Feature", "properties": { "label": 1, "month": "5", "year": "2024" }, "geometry": { "type": "Polygon", "coordinates": [ [ [ 889892.817269428400323, 2167587.350227426271886 ], [ 889873.436044537462294, 2168872.738500320818275 ], [ 888595.339865592541173, 2168853.571727141272277 ], [ 888614.690018183784559, 2167568.198573882691562 ], [ 889892.817269428400323, 2167587.350227426271886 ] ] ] } },
{ "type": "Feature", "properties": { "label": 1, "month": "5", "year": "2024" }, "geometry": { "type": "Polygon", "coordinates": [ [ [ 889815.190432838397101, 2172729.085393198765814 ], [ 889795.741241946816444, 2174014.595243981108069 ], [ 888517.76992721715942, 2173995.368017587345093 ], [ 888537.187815779820085, 2172709.873276308644563 ], [ 889815.190432838397101, 2172729.085393198765814 ] ] ] } },
{ "type": "Feature", "properties": { "label": 1, "month": "5", "year": "2024" }, "geometry": { "type": "Polygon", "coordinates": [ [ [ 889776.275053557590581, 2175300.135635600890964 ], [ 889756.79186527011916, 2176585.70662664854899 ], [ 888478.883327821502462, 2176566.449188859201968 ], [ 888498.335098695475608, 2175280.893302240874618 ], [ 889776.275053557590581, 2175300.135635600890964 ] ] ] } },
{ "type": "Feature", "properties": { "label": 1, "month": "5", "year": "2024" }, "geometry": { "type": "Polygon", "coordinates": [ [ [ 889756.79186527011916, 2176585.70662664854899 ], [ 889737.291674672625959, 2177871.308275723829865 ], [ 888459.414612199296243, 2177852.035736045334488 ], [ 888478.883327821502462, 2176566.449188859201968 ], [ 889756.79186527011916, 2176585.70662664854899 ] ] ] } },
{ "type": "Feature", "properties": { "label": 1, "month": "5", "year": "2024" }, "geometry": { "type": "Polygon", "coordinates": [ [ [ 889737.291674672625959, 2177871.308275723829865 ], [ 889717.774479355895892, 2179156.940641456283629 ], [ 888439.928949432913214, 2179137.653002443257719 ], [ 888459.414612199296243, 2177852.035736045334488 ], [ 889737.291674672625959, 2177871.308275723829865 ] ] ] } },
{ "type": "Feature", "properties": { "label": 1, "month": "5", "year": "2024" }, "geometry": { "type": "Polygon", "coordinates": [ [ [ 889698.240276907803491, 2180442.603782504331321 ], [ 889678.68906491342932, 2181728.297757526859641 ], [ 888400.906772859743796, 2181708.97992746392265 ], [ 888420.426337120588869, 2180423.301046683453023 ], [ 889698.240276907803491, 2180442.603782504331321 ] ] ] } },
{ "type": "Feature", "properties": { "label": 1, "month": "5", "year": "2024" }, "geometry": { "type": "Polygon", "coordinates": [ [ [ 889264.180097743985243, 2208735.098009307868779 ], [ 889244.254058544756845, 2210021.485217873007059 ], [ 887967.182613829150796, 2210001.835964998230338 ], [ 887987.075735019985586, 2208715.463793905451894 ], [ 889264.180097743985243, 2208735.098009307868779 ] ] ] } },
{ "type": "Feature", "properties": { "label": 1, "month": "5", "year": "2024" }, "geometry": { "type": "Polygon", "coordinates": [ [ [ 891344.904060595203191, 2156039.255137904081494 ], [ 891325.645061986753717, 2157324.388471993152052 ], [ 890047.255790105555207, 2157305.328071717172861 ], [ 890066.484231038251892, 2156020.209929793607444 ], [ 891344.904060595203191, 2156039.255137904081494 ] ] ] } },
{ "type": "Feature", "properties": { "label": 1, "month": "5", "year": "2024" }, "geometry": { "type": "Polygon", "coordinates": [ [ [ 891325.645061986753717, 2157324.388471993152052 ], [ 891306.369039495941252, 2158609.551584649365395 ], [ 890028.010382671607658, 2158590.475994708016515 ], [ 890047.255790105555207, 2157305.328071717172861 ], [ 891325.645061986753717, 2157324.388471993152052 ] ] ] } },
{ "type": "Feature", "properties": { "label": 1, "month": "5", "year": "2024" }, "geometry": { "type": "Polygon", "coordinates": [ [ [ 891209.733485420001671, 2165035.815868344623595 ], [ 891190.355269566178322, 2166321.15887781791389 ], [ 889912.18150880583562, 2166301.992202758323401 ], [ 889931.528765050461516, 2165016.664367835503072 ], [ 891209.733485420001671, 2165035.815868344623595 ] ] ] } },
{ "type": "Feature", "properties": { "label": 1, "month": "5", "year": "2024" }, "geometry": { "type": "Polygon", "coordinates": [ [ [ 891093.208533318014815, 2172748.327903014142066 ], [ 891073.72803783416748, 2174033.852913125418127 ], [ 889795.741241946816444, 2174014.595243981108069 ], [ 889815.190432838397101, 2172729.085393198765814 ], [ 891093.208533318014815, 2172748.327903014142066 ] ] ] } },
{ "type": "Feature", "properties": { "label": 1, "month": "5", "year": "2024" }, "geometry": { "type": "Polygon", "coordinates": [ [ [ 891073.72803783416748, 2174033.852913125418127 ], [ 891054.230487316614017, 2175319.408461538143456 ], [ 889776.275053557590581, 2175300.135635600890964 ], [ 889795.741241946816444, 2174014.595243981108069 ], [ 891073.72803783416748, 2174033.852913125418127 ] ] ] } },
{ "type": "Feature", "properties": { "label": 1, "month": "5", "year": "2024" }, "geometry": { "type": "Polygon", "coordinates": [ [ [ 891054.230487316614017, 2175319.408461538143456 ], [ 891034.715879343450069, 2176604.994606831111014 ], [ 889756.79186527011916, 2176585.70662664854899 ], [ 889776.275053557590581, 2175300.135635600890964 ], [ 891054.230487316614017, 2175319.408461538143456 ] ] ] } },
{ "type": "Feature", "properties": { "label": 1, "month": "5", "year": "2024" }, "geometry": { "type": "Polygon", "coordinates": [ [ [ 890561.241717689670622, 2207468.393841814715415 ], [ 890541.299879451282322, 2208754.76401003729552 ], [ 889264.180097743985243, 2208735.098009307868779 ], [ 889284.089073500828817, 2207448.742930788546801 ], [ 890561.241717689670622, 2207468.393841814715415 ] ] ] } },
{ "type": "Feature", "properties": { "label": 1, "month": "5", "year": "2024" }, "geometry": { "type": "Polygon", "coordinates": [ [ [ 892623.339455344132148, 2156058.330092855729163 ], [ 892604.049896829179488, 2157343.478669041302055 ], [ 891325.645061986753717, 2157324.388471993152052 ], [ 891344.904060595203191, 2156039.255137904081494 ], [ 892623.339455344132148, 2156058.330092855729163 ] ] ] } },
{ "type": "Feature", "properties": { "label": 1, "month": "5", "year": "2024" }, "geometry": { "type": "Polygon", "coordinates": [ [ [ 892604.049896829179488, 2157343.478669041302055 ], [ 892584.743257047608495, 2158628.657021280378103 ], [ 891306.369039495941252, 2158609.551584649365395 ], [ 891325.645061986753717, 2157324.388471993152052 ], [ 892604.049896829179488, 2157343.478669041302055 ] ] ] } },
{ "type": "Feature", "properties": { "label": 1, "month": "5", "year": "2024" }, "geometry": { "type": "Polygon", "coordinates": [ [ [ 892584.743257047608495, 2158628.657021280378103 ], [ 892565.419533608015627, 2159913.865207888185978 ], [ 891287.075990741373971, 2159894.744534196332097 ], [ 891306.369039495941252, 2158609.551584649365395 ], [ 892584.743257047608495, 2158628.657021280378103 ] ] ] } },
{ "type": "Feature", "properties": { "label": 1, "month": "5", "year": "2024" }, "geometry": { "type": "Polygon", "coordinates": [ [ [ 892507.345837369561195, 2163769.669357398990542 ], [ 892487.953755322378129, 2165054.997465046588331 ], [ 891209.733485420001671, 2165035.815868344623595 ], [ 891229.094663070747629, 2163750.502987657673657 ], [ 892507.345837369561195, 2163769.669357398990542 ] ] ] } },
{ "type": "Feature", "properties": { "label": 1, "month": "5", "year": "2024" }, "geometry": { "type": "Polygon", "coordinates": [ [ [ 892487.953755322378129, 2165054.997465046588331 ], [ 892468.544577613705769, 2166340.355698936153203 ], [ 891190.355269566178322, 2166321.15887781791389 ], [ 891209.733485420001671, 2165035.815868344623595 ], [ 892487.953755322378129, 2165054.997465046588331 ] ] ] } },
{ "type": "Feature", "properties": { "label": 1, "month": "5", "year": "2024" }, "geometry": { "type": "Polygon", "coordinates": [ [ [ 892468.544577613705769, 2166340.355698936153203 ], [ 892449.118301839800552, 2167625.744117514695972 ], [ 891170.960013116244227, 2167606.532074504997581 ], [ 891190.355269566178322, 2166321.15887781791389 ], [ 892468.544577613705769, 2166340.355698936153203 ] ] ] } },
{ "type": "Feature", "properties": { "label": 1, "month": "5", "year": "2024" }, "geometry": { "type": "Polygon", "coordinates": [ [ [ 892429.67492558574304, 2168911.16277924226597 ], [ 892410.214446440106258, 2170196.61174259101972 ], [ 891132.118368826224469, 2170177.369263416156173 ], [ 891151.547713670879602, 2168891.935516880359501 ], [ 892429.67492558574304, 2168911.16277924226597 ] ] ] } },
{ "type": "Feature", "properties": { "label": 1, "month": "5", "year": "2024" }, "geometry": { "type": "Polygon", "coordinates": [ [ [ 892410.214446440106258, 2170196.61174259101972 ], [ 892390.73686198447831, 2171482.091066058725119 ], [ 891112.67197617678903, 2171462.833372620400041 ], [ 891132.118368826224469, 2170177.369263416156173 ], [ 892410.214446440106258, 2170196.61174259101972 ] ] ] } },
{ "type": "Feature", "properties": { "label": 1, "month": "5", "year": "2024" }, "geometry": { "type": "Polygon", "coordinates": [ [ [ 892371.242169798933901, 2172767.600808167364448 ], [ 892351.7303674594732, 2174053.14102744916454 ], [ 891073.72803783416748, 2174033.852913125418127 ], [ 891093.208533318014815, 2172748.327903014142066 ], [ 892371.242169798933901, 2172767.600808167364448 ] ] ] } },
{ "type": "Feature", "properties": { "label": 1, "month": "5", "year": "2024" }, "geometry": { "type": "Polygon", "coordinates": [ [ [ 892351.7303674594732, 2174053.14102744916454 ], [ 892332.201452541863546, 2175338.71178248571232 ], [ 891054.230487316614017, 2175319.408461538143456 ], [ 891073.72803783416748, 2174033.852913125418127 ], [ 892351.7303674594732, 2174053.14102744916454 ] ] ] } },
{ "type": "Feature", "properties": { "label": 1, "month": "5", "year": "2024" }, "geometry": { "type": "Polygon", "coordinates": [ [ [ 892214.668462648754939, 2183052.780845229048282 ], [ 892195.019691503839567, 2184338.566991883795708 ], [ 890917.269889298710041, 2184319.157296304125339 ], [ 890936.886892901849933, 2183033.386338323820382 ], [ 892214.668462648754939, 2183052.780845229048282 ] ] ] } },
{ "type": "Feature", "properties": { "label": 1, "month": "5", "year": "2024" }, "geometry": { "type": "Polygon", "coordinates": [ [ [ 892195.019691503839567, 2184338.566991883795708 ], [ 892175.35378826840315, 2185624.384143522009254 ], [ 890897.635811243439093, 2185604.959261829499155 ], [ 890917.269889298710041, 2184319.157296304125339 ], [ 892195.019691503839567, 2184338.566991883795708 ] ] ] } },
{ "type": "Feature", "properties": { "label": 1, "month": "5", "year": "2024" }, "geometry": { "type": "Polygon", "coordinates": [ [ [ 892175.35378826840315, 2185624.384143522009254 ], [ 892155.670750489924103, 2186910.232358881738037 ], [ 890877.984656298533082, 2186890.792293658014387 ], [ 890897.635811243439093, 2185604.959261829499155 ], [ 892175.35378826840315, 2185624.384143522009254 ] ] ] } },
{ "type": "Feature", "properties": { "label": 1, "month": "5", "year": "2024" }, "geometry": { "type": "Polygon", "coordinates": [ [ [ 891878.30771426379215, 2204915.402013852726668 ], [ 891858.367362067103386, 2206201.723249160684645 ], [ 890581.166437106439844, 2206182.055741891264915 ], [ 890601.074040197534487, 2204895.749651146121323 ], [ 891878.30771426379215, 2204915.402013852726668 ] ] ] } },
{ "type": "Feature", "properties": { "label": 1, "month": "5", "year": "2024" }, "geometry": { "type": "Polygon", "coordinates": [ [ [ 893843.778687585494481, 2159933.015780582092702 ], [ 893824.407143754186109, 2161218.269144350197166 ], [ 892546.078724110731855, 2161199.103287207894027 ], [ 892565.419533608015627, 2159913.865207888185978 ], [ 893843.778687585494481, 2159933.015780582092702 ] ] ] } },
{ "type": "Feature", "properties": { "label": 1, "month": "5", "year": "2024" }, "geometry": { "type": "Polygon", "coordinates": [ [ [ 893785.612616055062972, 2163788.865775845013559 ], [ 893766.189627361018211, 2165074.209160329308361 ], [ 892487.953755322378129, 2165054.997465046588331 ], [ 892507.345837369561195, 2163769.669357398990542 ], [ 893785.612616055062972, 2163788.865775845013559 ] ] ] } },
{ "type": "Feature", "properties": { "label": 1, "month": "5", "year": "2024" }, "geometry": { "type": "Polygon", "coordinates": [ [ [ 893766.189627361018211, 2165074.209160329308361 ], [ 893746.749485546490178, 2166359.582668527495116 ], [ 892468.544577613705769, 2166340.355698936153203 ], [ 892487.953755322378129, 2165054.997465046588331 ], [ 893766.189627361018211, 2165074.209160329308361 ] ] ] } },
{ "type": "Feature", "properties": { "label": 1, "month": "5", "year": "2024" }, "geometry": { "type": "Polygon", "coordinates": [ [ [ 893746.749485546490178, 2166359.582668527495116 ], [ 893727.292188192019239, 2167644.986358871217817 ], [ 892449.118301839800552, 2167625.744117514695972 ], [ 892468.544577613705769, 2166340.355698936153203 ], [ 893746.749485546490178, 2166359.582668527495116 ] ] ] } },
{ "type": "Feature", "properties": { "label": 1, "month": "5", "year": "2024" }, "geometry": { "type": "Polygon", "coordinates": [ [ [ 893707.817732875468209, 2168930.420289812143892 ], [ 893688.32611716655083, 2170215.884519825223833 ], [ 892410.214446440106258, 2170196.61174259101972 ], [ 892429.67492558574304, 2168911.16277924226597 ], [ 893707.817732875468209, 2168930.420289812143892 ] ] ] } },
{ "type": "Feature", "properties": { "label": 1, "month": "5", "year": "2024" }, "geometry": { "type": "Polygon", "coordinates": [ [ [ 893688.32611716655083, 2170215.884519825223833 ], [ 893668.817338642547838, 2171501.379107405431569 ], [ 892390.73686198447831, 2171482.091066058725119 ], [ 892410.214446440106258, 2170196.61174259101972 ], [ 893688.32611716655083, 2170215.884519825223833 ] ] ] } },
{ "type": "Feature", "properties": { "label": 1, "month": "5", "year": "2024" }, "geometry": { "type": "Polygon", "coordinates": [ [ [ 893668.817338642547838, 2171501.379107405431569 ], [ 893649.291394864441827, 2172786.904111072886735 ], [ 892371.242169798933901, 2172767.600808167364448 ], [ 892390.73686198447831, 2171482.091066058725119 ], [ 893668.817338642547838, 2171501.379107405431569 ] ] ] } },
{ "type": "Feature", "properties": { "label": 1, "month": "5", "year": "2024" }, "geometry": { "type": "Polygon", "coordinates": [ [ [ 893649.291394864441827, 2172786.904111072886735 ], [ 893629.748283398570493, 2174072.459589366335422 ], [ 892351.7303674594732, 2174053.14102744916454 ], [ 892371.242169798933901, 2172767.600808167364448 ], [ 893649.291394864441827, 2172786.904111072886735 ] ] ] } },
{ "type": "Feature", "properties": { "label": 1, "month": "5", "year": "2024" }, "geometry": { "type": "Polygon", "coordinates": [ [ [ 893629.748283398570493, 2174072.459589366335422 ], [ 893610.18800181010738, 2175358.045600841753185 ], [ 892332.201452541863546, 2175338.71178248571232 ], [ 892351.7303674594732, 2174053.14102744916454 ], [ 893629.748283398570493, 2174072.459589366335422 ] ] ] } },
{ "type": "Feature", "properties": { "label": 1, "month": "5", "year": "2024" }, "geometry": { "type": "Polygon", "coordinates": [ [ [ 893610.18800181010738, 2175358.045600841753185 ], [ 893590.610547654796392, 2176643.66220408026129 ], [ 892312.655422614887357, 2176624.313131831586361 ], [ 892332.201452541863546, 2175338.71178248571232 ], [ 893610.18800181010738, 2175358.045600841753185 ] ] ] } },
{ "type": "Feature", "properties": { "label": 1, "month": "5", "year": "2024" }, "geometry": { "type": "Polygon", "coordinates": [ [ [ 893590.610547654796392, 2176643.66220408026129 ], [ 893571.015918489312753, 2177929.309457677416503 ], [ 892293.092275248141959, 2177909.945134110748768 ], [ 892312.655422614887357, 2176624.313131831586361 ], [ 893590.610547654796392, 2176643.66220408026129 ] ] ] } },
{ "type": "Feature", "properties": { "label": 1, "month": "5", "year": "2024" }, "geometry": { "type": "Polygon", "coordinates": [ [ [ 893492.46560274832882, 2183072.20614837249741 ], [ 893472.785061769885942, 2184358.007533490192145 ], [ 892195.019691503839567, 2184338.566991883795708 ], [ 892214.668462648754939, 2183052.780845229048282 ], [ 893492.46560274832882, 2183072.20614837249741 ] ] ] } },
{ "type": "Feature", "properties": { "label": 1, "month": "5", "year": "2024" }, "geometry": { "type": "Polygon", "coordinates": [ [ [ 893472.785061769885942, 2184358.007533490192145 ], [ 893453.087331060436554, 2185643.839921002741903 ], [ 892175.35378826840315, 2185624.384143522009254 ], [ 892195.019691503839567, 2184338.566991883795708 ], [ 893472.785061769885942, 2184358.007533490192145 ] ] ] } },
{ "type": "Feature", "properties": { "label": 1, "month": "5", "year": "2024" }, "geometry": { "type": "Polygon", "coordinates": [ [ [ 893453.087331060436554, 2185643.839921002741903 ], [ 893433.372408148599789, 2186929.703369646333158 ], [ 892155.670750489924103, 2186910.232358881738037 ], [ 892175.35378826840315, 2185624.384143522009254 ], [ 893453.087331060436554, 2185643.839921002741903 ] ] ] } },
{ "type": "Feature", "properties": { "label": 1, "month": "5", "year": "2024" }, "geometry": { "type": "Polygon", "coordinates": [ [ [ 893195.451440560864285, 2202362.50893439957872 ], [ 893175.512793448520824, 2203648.781533283181489 ], [ 891898.230894781067036, 2203629.112726015970111 ], [ 891918.136906115920283, 2202342.855326596647501 ], [ 893195.451440560864285, 2202362.50893439957872 ] ] ] } },
{ "type": "Feature", "properties": { "label": 1, "month": "5", "year": "2024" }, "geometry": { "type": "Polygon", "coordinates": [ [ [ 893175.512793448520824, 2203648.781533283181489 ], [ 893155.556919323513284, 2204935.086017962079495 ], [ 891878.30771426379215, 2204915.402013852726668 ], [ 891898.230894781067036, 2203629.112726015970111 ], [ 893175.512793448520824, 2203648.781533283181489 ] ] ] } },
{ "type": "Feature", "properties": { "label": 1, "month": "5", "year": "2024" }, "geometry": { "type": "Polygon", "coordinates": [ [ [ 895122.153505295049399, 2159952.196254654787481 ], [ 895102.751224882551469, 2161237.46495278691873 ], [ 893824.407143754186109, 2161218.269144350197166 ], [ 893843.778687585494481, 2159933.015780582092702 ], [ 895122.153505295049399, 2159952.196254654787481 ] ] ] } },
{ "type": "Feature", "properties": { "label": 1, "month": "5", "year": "2024" }, "geometry": { "type": "Polygon", "coordinates": [ [ [ 895102.751224882551469, 2161237.46495278691873 ], [ 895083.331741171423346, 2162522.763596909120679 ], [ 893805.018454047385603, 2162503.552456642035395 ], [ 893824.407143754186109, 2161218.269144350197166 ], [ 895102.751224882551469, 2161237.46495278691873 ] ] ] } },
{ "type": "Feature", "properties": { "label": 1, "month": "5", "year": "2024" }, "geometry": { "type": "Polygon", "coordinates": [ [ [ 895083.331741171423346, 2162522.763596909120679 ], [ 895063.895051730796695, 2163808.092245380859822 ], [ 893785.612616055062972, 2163788.865775845013559 ], [ 893805.018454047385603, 2162503.552456642035395 ], [ 895083.331741171423346, 2162522.763596909120679 ] ] ] } },
{ "type": "Feature", "properties": { "label": 1, "month": "5", "year": "2024" }, "geometry": { "type": "Polygon", "coordinates": [ [ [ 895063.895051730796695, 2163808.092245380859822 ], [ 895044.441154139349237, 2165093.450956613291055 ], [ 893766.189627361018211, 2165074.209160329308361 ], [ 893785.612616055062972, 2163788.865775845013559 ], [ 895063.895051730796695, 2163808.092245380859822 ] ] ] } },
{ "type": "Feature", "properties": { "label": 1, "month": "5", "year": "2024" }, "geometry": { "type": "Polygon", "coordinates": [ [ [ 895044.441154139349237, 2165093.450956613291055 ], [ 895024.970045965630561, 2166378.839789000339806 ], [ 893746.749485546490178, 2166359.582668527495116 ], [ 893766.189627361018211, 2165074.209160329308361 ], [ 895044.441154139349237, 2165093.450956613291055 ] ] ] } },
{ "type": "Feature", "properties": { "label": 1, "month": "5", "year": "2024" }, "geometry": { "type": "Polygon", "coordinates": [ [ [ 895024.970045965630561, 2166378.839789000339806 ], [ 895005.481724774464965, 2167664.258800972718745 ], [ 893727.292188192019239, 2167644.986358871217817 ], [ 893746.749485546490178, 2166359.582668527495116 ], [ 895024.970045965630561, 2166378.839789000339806 ] ] ] } },
{ "type": "Feature", "properties": { "label": 1, "month": "5", "year": "2024" }, "geometry": { "type": "Polygon", "coordinates": [ [ [ 894927.356261098524556, 2172806.237814169377089 ], [ 894907.78183823521249, 2174091.808601308614016 ], [ 893629.748283398570493, 2174072.459589366335422 ], [ 893649.291394864441827, 2172786.904111072886735 ], [ 894927.356261098524556, 2172806.237814169377089 ] ] ] } },
{ "type": "Feature", "properties": { "label": 1, "month": "5", "year": "2024" }, "geometry": { "type": "Polygon", "coordinates": [ [ [ 894907.78183823521249, 2174091.808601308614016 ], [ 894888.190187699859962, 2175377.409919058904052 ], [ 893610.18800181010738, 2175358.045600841753185 ], [ 893629.748283398570493, 2174072.459589366335422 ], [ 894907.78183823521249, 2174091.808601308614016 ] ] ] } },
{ "type": "Feature", "properties": { "label": 1, "month": "5", "year": "2024" }, "geometry": { "type": "Polygon", "coordinates": [ [ [ 894888.190187699859962, 2175377.409919058904052 ], [ 894868.581307036802173, 2176663.04182601114735 ], [ 893590.610547654796392, 2176643.66220408026129 ], [ 893610.18800181010738, 2175358.045600841753185 ], [ 894888.190187699859962, 2175377.409919058904052 ] ] ] } },
{ "type": "Feature", "properties": { "label": 1, "month": "5", "year": "2024" }, "geometry": { "type": "Polygon", "coordinates": [ [ [ 894730.836492167785764, 2185663.326596712693572 ], [ 894711.089681822806597, 2186949.20532841887325 ], [ 893433.372408148599789, 2186929.703369646333158 ], [ 893453.087331060436554, 2185643.839921002741903 ], [ 894730.836492167785764, 2185663.326596712693572 ] ] ] } },
{ "type": "Feature", "properties": { "label": 1, "month": "5", "year": "2024" }, "geometry": { "type": "Polygon", "coordinates": [ [ [ 896555.387098234379664, 2149690.204939680639654 ], [ 896536.092077510431409, 2150975.251573360990733 ], [ 895257.487978708231822, 2150956.148956561461091 ], [ 895276.752719616051763, 2149671.117727448698133 ], [ 896555.387098234379664, 2149690.204939680639654 ] ] ] } },
{ "type": "Feature", "properties": { "label": 1, "month": "5", "year": "2024" }, "geometry": { "type": "Polygon", "coordinates": [ [ [ 896400.544039352796972, 2159971.406632505357265 ], [ 896381.111020117532462, 2161256.690714921336621 ], [ 895102.751224882551469, 2161237.46495278691873 ], [ 895122.153505295049399, 2159952.196254654787481 ], [ 896400.544039352796972, 2159971.406632505357265 ] ] ] } },
{ "type": "Feature", "properties": { "label": 1, "month": "5", "year": "2024" }, "geometry": { "type": "Polygon", "coordinates": [ [ [ 896381.111020117532462, 2161256.690714921336621 ], [ 896361.660740149905905, 2162542.004740766715258 ], [ 895083.331741171423346, 2162522.763596909120679 ], [ 895102.751224882551469, 2161237.46495278691873 ], [ 896381.111020117532462, 2161256.690714921336621 ] ] ] } },
{ "type": "Feature", "properties": { "label": 1, "month": "5", "year": "2024" }, "geometry": { "type": "Polygon", "coordinates": [ [ [ 896361.660740149905905, 2162542.004740766715258 ], [ 896342.193197013693862, 2163827.348768429365009 ], [ 895063.895051730796695, 2163808.092245380859822 ], [ 895083.331741171423346, 2162522.763596909120679 ], [ 896361.660740149905905, 2162542.004740766715258 ] ] ] } },
{ "type": "Feature", "properties": { "label": 1, "month": "5", "year": "2024" }, "geometry": { "type": "Polygon", "coordinates": [ [ [ 896342.193197013693862, 2163827.348768429365009 ], [ 896322.708388269529678, 2165112.722856289241463 ], [ 895044.441154139349237, 2165093.450956613291055 ], [ 895063.895051730796695, 2163808.092245380859822 ], [ 896342.193197013693862, 2163827.348768429365009 ] ] ] } },
{ "type": "Feature", "properties": { "label": 1, "month": "5", "year": "2024" }, "geometry": { "type": "Polygon", "coordinates": [ [ [ 896322.708388269529678, 2165112.722856289241463 ], [ 896303.206311475601979, 2166398.127062748651952 ], [ 895024.970045965630561, 2166378.839789000339806 ], [ 895044.441154139349237, 2165093.450956613291055 ], [ 896322.708388269529678, 2165112.722856289241463 ] ] ] } },
{ "type": "Feature", "properties": { "label": 1, "month": "5", "year": "2024" }, "geometry": { "type": "Polygon", "coordinates": [ [ [ 896166.20806279568933, 2175396.804739557672292 ], [ 896146.567753346287645, 2176682.452000037766993 ], [ 894868.581307036802173, 2176663.04182601114735 ], [ 894888.190187699859962, 2175377.409919058904052 ], [ 896166.20806279568933, 2175396.804739557672292 ] ] ] } },
{ "type": "Feature", "properties": { "label": 1, "month": "5", "year": "2024" }, "geometry": { "type": "Polygon", "coordinates": [ [ [ 896146.567753346287645, 2176682.452000037766993 ], [ 896126.910153737291694, 2177968.129905732814223 ], [ 894848.955193793401122, 2177948.704380738083273 ], [ 894868.581307036802173, 2176663.04182601114735 ], [ 896146.567753346287645, 2176682.452000037766993 ] ] ] } },
{ "type": "Feature", "properties": { "label": 1, "month": "5", "year": "2024" }, "geometry": { "type": "Polygon", "coordinates": [ [ [ 896126.910153737291694, 2177968.129905732814223 ], [ 896107.235261497087777, 2179253.838515244890004 ], [ 894829.311845505144447, 2179234.397641875781119 ], [ 894848.955193793401122, 2177948.704380738083273 ], [ 896126.910153737291694, 2177968.129905732814223 ] ] ] } },
{ "type": "Feature", "properties": { "label": 1, "month": "5", "year": "2024" }, "geometry": { "type": "Polygon", "coordinates": [ [ [ 896008.601324149873108, 2185682.844173120334744 ], [ 895988.822624067077413, 2186968.738237652927637 ], [ 894711.089681822806597, 2186949.20532841887325 ], [ 894730.836492167785764, 2185663.326596712693572 ], [ 896008.601324149873108, 2185682.844173120334744 ] ] ] } },
{ "type": "Feature", "properties": { "label": 1, "month": "5", "year": "2024" }, "geometry": { "type": "Polygon", "coordinates": [ [ [ 895810.035072780097835, 2198543.192038711160421 ], [ 895790.083159951958805, 2199829.399898083414882 ], [ 894512.672289179638028, 2199809.713804111350328 ], [ 894532.5917349770898, 2198523.521251435857266 ], [ 895810.035072780097835, 2198543.192038711160421 ] ] ] } },
{ "type": "Feature", "properties": { "label": 1, "month": "5", "year": "2024" }, "geometry": { "type": "Polygon", "coordinates": [ [ [ 895790.083159951958805, 2199829.399898083414882 ], [ 895770.113912030123174, 2201115.639460928272456 ], [ 894492.735566084855236, 2201095.93806289229542 ], [ 894512.672289179638028, 2199809.713804111350328 ], [ 895790.083159951958805, 2199829.399898083414882 ] ] ] } },
{ "type": "Feature", "properties": { "label": 1, "month": "5", "year": "2024" }, "geometry": { "type": "Polygon", "coordinates": [ [ [ 897853.345270215533674, 2148424.288986773230135 ], [ 897834.037263715174049, 2149709.32165847485885 ], [ 896555.387098234379664, 2149690.204939680639654 ], [ 896574.664880016818643, 2148405.187725047115237 ], [ 897853.345270215533674, 2148424.288986773230135 ] ] ] } },
{ "type": "Feature", "properties": { "label": 1, "month": "5", "year": "2024" }, "geometry": { "type": "Polygon", "coordinates": [ [ [ 897834.037263715174049, 2149709.32165847485885 ], [ 897814.711960949702188, 2150994.383746694773436 ], [ 896536.092077510431409, 2150975.251573360990733 ], [ 896555.387098234379664, 2149690.204939680639654 ], [ 897834.037263715174049, 2149709.32165847485885 ] ] ] } },
{ "type": "Feature", "properties": { "label": 1, "month": "5", "year": "2024" }, "geometry": { "type": "Polygon", "coordinates": [ [ [ 897678.950342388125136, 2159990.646916538476944 ], [ 897659.486582078738138, 2161275.94643314788118 ], [ 896381.111020117532462, 2161256.690714921336621 ], [ 896400.544039352796972, 2159971.406632505357265 ], [ 897678.950342388125136, 2159990.646916538476944 ] ] ] } },
{ "type": "Feature", "properties": { "label": 1, "month": "5", "year": "2024" }, "geometry": { "type": "Polygon", "coordinates": [ [ [ 897659.486582078738138, 2161275.94643314788118 ], [ 897640.005503602325916, 2162561.275890644174069 ], [ 896361.660740149905905, 2162542.004740766715258 ], [ 896381.111020117532462, 2161256.690714921336621 ], [ 897659.486582078738138, 2161275.94643314788118 ] ] ] } },
{ "type": "Feature", "properties": { "label": 1, "month": "5", "year": "2024" }, "geometry": { "type": "Polygon", "coordinates": [ [ [ 897640.005503602325916, 2162561.275890644174069 ], [ 897620.50710451300256, 2163846.635347390547395 ], [ 896342.193197013693862, 2163827.348768429365009 ], [ 896361.660740149905905, 2162542.004740766715258 ], [ 897640.005503602325916, 2162561.275890644174069 ] ] ] } },
{ "type": "Feature", "properties": { "label": 1, "month": "5", "year": "2024" }, "geometry": { "type": "Polygon", "coordinates": [ [ [ 897620.50710451300256, 2163846.635347390547395 ], [ 897600.991382358246483, 2165132.024861773476005 ], [ 896322.708388269529678, 2165112.722856289241463 ], [ 896342.193197013693862, 2163827.348768429365009 ], [ 897620.50710451300256, 2163846.635347390547395 ] ] ] } },
{ "type": "Feature", "properties": { "label": 1, "month": "5", "year": "2024" }, "geometry": { "type": "Polygon", "coordinates": [ [ [ 897444.241679682047106, 2175416.230064780451357 ], [ 897424.569939159788191, 2176701.892728626262397 ], [ 896146.567753346287645, 2176682.452000037766993 ], [ 896166.20806279568933, 2175396.804739557672292 ], [ 897444.241679682047106, 2175416.230064780451357 ] ] ] } },
{ "type": "Feature", "properties": { "label": 1, "month": "5", "year": "2024" }, "geometry": { "type": "Polygon", "coordinates": [ [ [ 897424.569939159788191, 2176701.892728626262397 ], [ 897404.880850898800418, 2177987.586035089567304 ], [ 896126.910153737291694, 2177968.129905732814223 ], [ 896146.567753346287645, 2176682.452000037766993 ], [ 897424.569939159788191, 2176701.892728626262397 ] ] ] } },
{ "type": "Feature", "properties": { "label": 1, "month": "5", "year": "2024" }, "geometry": { "type": "Polygon", "coordinates": [ [ [ 897286.381879563443363, 2185702.392652680631727 ], [ 897266.571287435479462, 2186988.302099811844528 ], [ 895988.822624067077413, 2186968.738237652927637 ], [ 896008.601324149873108, 2185682.844173120334744 ], [ 897286.381879563443363, 2185702.392652680631727 ] ] ] } },
{ "type": "Feature", "properties": { "label": 1, "month": "5", "year": "2024" }, "geometry": { "type": "Polygon", "coordinates": [ [ [ 897127.410706647671759, 2195990.542661687359214 ], [ 897107.46110264013987, 2197276.702652639709413 ], [ 895829.96965303667821, 2197257.015823856461793 ], [ 895849.886903236387298, 2195970.871194557286799 ], [ 897127.410706647671759, 2195990.542661687359214 ] ] ] } },
{ "type": "Feature", "properties": { "label": 1, "month": "5", "year": "2024" }, "geometry": { "type": "Polygon", "coordinates": [ [ [ 897087.494110805098899, 2198562.894226519856602 ], [ 897067.509728607372381, 2199849.117442274931818 ], [ 895790.083159951958805, 2199829.399898083414882 ], [ 895810.035072780097835, 2198543.192038711160421 ], [ 897087.494110805098899, 2198562.894226519856602 ] ] ] } },
{ "type": "Feature", "properties": { "label": 1, "month": "5", "year": "2024" }, "geometry": { "type": "Polygon", "coordinates": [ [ [ 899132.04150215536356, 2148443.419707461260259 ], [ 899112.703268709825352, 2149728.467886223457754 ], [ 897834.037263715174049, 2149709.32165847485885 ], [ 897853.345270215533674, 2148424.288986773230135 ], [ 899132.04150215536356, 2148443.419707461260259 ] ] ] } },
{ "type": "Feature", "properties": { "label": 1, "month": "5", "year": "2024" }, "geometry": { "type": "Polygon", "coordinates": [ [ [ 899112.703268709825352, 2149728.467886223457754 ], [ 899093.34768167452421, 2151013.545478956773877 ], [ 897814.711960949702188, 2150994.383746694773436 ], [ 897834.037263715174049, 2149709.32165847485885 ], [ 899112.703268709825352, 2149728.467886223457754 ] ] ] } },
{ "type": "Feature", "properties": { "label": 1, "month": "5", "year": "2024" }, "geometry": { "type": "Polygon", "coordinates": [ [ [ 899093.34768167452421, 2151013.545478956773877 ], [ 899073.97473861137405, 2152298.652543851640075 ], [ 897795.369359495816752, 2152279.475309614557773 ], [ 897814.711960949702188, 2150994.383746694773436 ], [ 899093.34768167452421, 2151013.545478956773877 ] ] ] } },
{ "type": "Feature", "properties": { "label": 1, "month": "5", "year": "2024" }, "geometry": { "type": "Polygon", "coordinates": [ [ [ 899073.97473861137405, 2152298.652543851640075 ], [ 899054.584437084617093, 2153583.789139108732343 ], [ 897776.009456933708861, 2153564.596405433956534 ], [ 897795.369359495816752, 2152279.475309614557773 ], [ 899073.97473861137405, 2152298.652543851640075 ] ] ] } },
{ "type": "Feature", "properties": { "label": 1, "month": "5", "year": "2024" }, "geometry": { "type": "Polygon", "coordinates": [ [ [ 898996.309357320657, 2157439.37668931344524 ], [ 898976.849597519030795, 2158724.631988408509642 ], [ 897698.396786979748867, 2158705.377282470930368 ], [ 897717.825918291229755, 2157420.137472623493522 ], [ 898996.309357320657, 2157439.37668931344524 ] ] ] } },
{ "type": "Feature", "properties": { "label": 1, "month": "5", "year": "2024" }, "geometry": { "type": "Polygon", "coordinates": [ [ [ 898976.849597519030795, 2158724.631988408509642 ], [ 898957.372467026230879, 2160009.917109146714211 ], [ 897678.950342388125136, 2159990.646916538476944 ], [ 897698.396786979748867, 2158705.377282470930368 ], [ 898976.849597519030795, 2158724.631988408509642 ] ] ] } },
{ "type": "Feature", "properties": { "label": 1, "month": "5", "year": "2024" }, "geometry": { "type": "Polygon", "coordinates": [ [ [ 898957.372467026230879, 2160009.917109146714211 ], [ 898937.877963388338685, 2161295.232109880074859 ], [ 897659.486582078738138, 2161275.94643314788118 ], [ 897678.950342388125136, 2159990.646916538476944 ], [ 898957.372467026230879, 2160009.917109146714211 ] ] ] } },
{ "type": "Feature", "properties": { "label": 1, "month": "5", "year": "2024" }, "geometry": { "type": "Polygon", "coordinates": [ [ [ 898937.877963388338685, 2161295.232109880074859 ], [ 898918.366084148874506, 2162580.57704893918708 ], [ 897640.005503602325916, 2162561.275890644174069 ], [ 897659.486582078738138, 2161275.94643314788118 ], [ 898937.877963388338685, 2161295.232109880074859 ] ] ] } },
{ "type": "Feature", "properties": { "label": 1, "month": "5", "year": "2024" }, "geometry": { "type": "Polygon", "coordinates": [ [ [ 898918.366084148874506, 2162580.57704893918708 ], [ 898898.836826849030331, 2163865.95198467746377 ], [ 897620.50710451300256, 2163846.635347390547395 ], [ 897640.005503602325916, 2162561.275890644174069 ], [ 898918.366084148874506, 2162580.57704893918708 ] ] ] } },
{ "type": "Feature", "properties": { "label": 1, "month": "5", "year": "2024" }, "geometry": { "type": "Polygon", "coordinates": [ [ [ 898898.836826849030331, 2163865.95198467746377 ], [ 898879.290189023595303, 2165151.356975488364697 ], [ 897600.991382358246483, 2165132.024861773476005 ], [ 897620.50710451300256, 2163846.635347390547395 ], [ 898898.836826849030331, 2163865.95198467746377 ] ] ] } },
{ "type": "Feature", "properties": { "label": 1, "month": "5", "year": "2024" }, "geometry": { "type": "Polygon", "coordinates": [ [ [ 898722.291090947808698, 2175435.685897163581103 ], [ 898702.587917065713555, 2176721.364014212042093 ], [ 897424.569939159788191, 2176701.892728626262397 ], [ 897444.241679682047106, 2175416.230064780451357 ], [ 898722.291090947808698, 2175435.685897163581103 ] ] ] } },
{ "type": "Feature", "properties": { "label": 1, "month": "5", "year": "2024" }, "geometry": { "type": "Polygon", "coordinates": [ [ [ 898702.587917065713555, 2176721.364014212042093 ], [ 898682.867337862728164, 2178007.072771285194904 ], [ 897404.880850898800418, 2177987.586035089567304 ], [ 897424.569939159788191, 2176701.892728626262397 ], [ 898702.587917065713555, 2176721.364014212042093 ] ] ] } },
{ "type": "Feature", "properties": { "label": 1, "month": "5", "year": "2024" }, "geometry": { "type": "Polygon", "coordinates": [ [ [ 898584.003274604445323, 2184436.07820911007002 ], [ 898564.178210971411318, 2185721.972037870436907 ], [ 897286.381879563443363, 2185702.392652680631727 ], [ 897306.175106507027522, 2184416.514258902985603 ], [ 898584.003274604445323, 2184436.07820911007002 ] ] ] } },
{ "type": "Feature", "properties": { "label": 1, "month": "5", "year": "2024" }, "geometry": { "type": "Polygon", "coordinates": [ [ [ 900371.999292337684892, 2151032.736772523261607 ], [ 900352.596005429280922, 2152317.859389378689229 ], [ 899073.97473861137405, 2152298.652543851640075 ], [ 899093.34768167452421, 2151013.545478956773877 ], [ 900371.999292337684892, 2151032.736772523261607 ] ] ] } },
{ "type": "Feature", "properties": { "label": 1, "month": "5", "year": "2024" }, "geometry": { "type": "Polygon", "coordinates": [ [ [ 900352.596005429280922, 2152317.859389378689229 ], [ 900333.175302704446949, 2153603.011534036602825 ], [ 899054.584437084617093, 2153583.789139108732343 ], [ 899073.97473861137405, 2152298.652543851640075 ], [ 900352.596005429280922, 2152317.859389378689229 ] ] ] } },
{ "type": "Feature", "properties": { "label": 1, "month": "5", "year": "2024" }, "geometry": { "type": "Polygon", "coordinates": [ [ [ 900255.318284545326605, 2158743.916555396281183 ], [ 900235.810465897200629, 2160029.217212756164372 ], [ 898957.372467026230879, 2160009.917109146714211 ], [ 898976.849597519030795, 2158724.631988408509642 ], [ 900255.318284545326605, 2158743.916555396281183 ] ] ] } },
{ "type": "Feature", "properties": { "label": 1, "month": "5", "year": "2024" }, "geometry": { "type": "Polygon", "coordinates": [ [ [ 899980.621739650145173, 2176740.86585923936218 ], [ 899960.869667210965417, 2178026.590116743464023 ], [ 898682.867337862728164, 2178007.072771285194904 ], [ 898702.587917065713555, 2176721.364014212042093 ], [ 899980.621739650145173, 2176740.86585923936218 ] ] ] } },
{ "type": "Feature", "properties": { "label": 1, "month": "5", "year": "2024" }, "geometry": { "type": "Polygon", "coordinates": [ [ [ 901670.083007875131443, 2149766.848878065124154 ], [ 901650.666845596628264, 2151051.957629795651883 ], [ 900371.999292337684892, 2151032.736772523261607 ], [ 900391.385165878105909, 2149747.643625285476446 ], [ 901670.083007875131443, 2149766.848878065124154 ] ] ] } },
{ "type": "Feature", "properties": { "label": 1, "month": "5", "year": "2024" }, "geometry": { "type": "Polygon", "coordinates": [ [ [ 901650.666845596628264, 2151051.957629795651883 ], [ 901631.233212604536675, 2152337.095848582219332 ], [ 900352.596005429280922, 2152317.859389378689229 ], [ 900371.999292337684892, 2151032.736772523261607 ], [ 901650.666845596628264, 2151051.957629795651883 ] ] ] } },
{ "type": "Feature", "properties": { "label": 1, "month": "5", "year": "2024" }, "geometry": { "type": "Polygon", "coordinates": [ [ [ 901631.233212604536675, 2152337.095848582219332 ], [ 901611.782106435624883, 2153622.263592614792287 ], [ 900333.175302704446949, 2153603.011534036602825 ], [ 900352.596005429280922, 2152317.859389378689229 ], [ 901631.233212604536675, 2152337.095848582219332 ] ] ] } },
{ "type": "Feature", "properties": { "label": 1, "month": "5", "year": "2024" }, "geometry": { "type": "Polygon", "coordinates": [ [ [ 901258.671459507080726, 2176760.398266161326319 ], [ 901238.88789153448306, 2178046.138073933776468 ], [ 899960.869667210965417, 2178026.590116743464023 ], [ 899980.621739650145173, 2176740.86585923936218 ], [ 901258.671459507080726, 2176760.398266161326319 ] ] ] } },
{ "type": "Feature", "properties": { "label": 1, "month": "5", "year": "2024" }, "geometry": { "type": "Polygon", "coordinates": [ [ [ 901238.88789153448306, 2178046.138073933776468 ], [ 901219.086800549644977, 2179331.908575130626559 ], [ 899941.100129360333085, 2179312.345070281531662 ], [ 899960.869667210965417, 2178026.590116743464023 ], [ 901238.88789153448306, 2178046.138073933776468 ] ] ] } },
{ "type": "Feature", "properties": { "label": 1, "month": "5", "year": "2024" }, "geometry": { "type": "Polygon", "coordinates": [ [ [ 902948.796847360674292, 2149786.083646950311959 ], [ 902929.350394107284956, 2151071.208053156267852 ], [ 901650.666845596628264, 2151051.957629795651883 ], [ 901670.083007875131443, 2149766.848878065124154 ], [ 902948.796847360674292, 2149786.083646950311959 ] ] ] } },
{ "type": "Feature", "properties": { "label": 1, "month": "5", "year": "2024" }, "geometry": { "type": "Polygon", "coordinates": [ [ [ 902929.350394107284956, 2151071.208053156267852 ], [ 902909.886412791442126, 2152356.361923856660724 ], [ 901631.233212604536675, 2152337.095848582219332 ], [ 901650.666845596628264, 2151051.957629795651883 ], [ 902929.350394107284956, 2151071.208053156267852 ] ] ] } },
{ "type": "Feature", "properties": { "label": 1, "month": "5", "year": "2024" }, "geometry": { "type": "Polygon", "coordinates": [ [ [ 902536.73712922888808, 2176779.961237442679703 ], [ 902516.922063420759514, 2178065.716645311564207 ], [ 901238.88789153448306, 2178046.138073933776468 ], [ 901258.671459507080726, 2176760.398266161326319 ], [ 902536.73712922888808, 2176779.961237442679703 ] ] ] } },
{ "type": "Feature", "properties": { "label": 1, "month": "5", "year": "2024" }, "geometry": { "type": "Polygon", "coordinates": [ [ [ 902516.922063420759514, 2178065.716645311564207 ], [ 902497.089416999253444, 2179351.502743990160525 ], [ 901219.086800549644977, 2179331.908575130626559 ], [ 901238.88789153448306, 2178046.138073933776468 ], [ 902516.922063420759514, 2178065.716645311564207 ] ] ] } },
{ "type": "Feature", "properties": { "label": 1, "month": "5", "year": "2024" }, "geometry": { "type": "Polygon", "coordinates": [ [ [ 904227.52673700498417, 2149805.347934331744909 ], [ 904208.049990533618256, 2151090.488045011181384 ], [ 902929.350394107284956, 2151071.208053156267852 ], [ 902948.796847360674292, 2149786.083646950311959 ], [ 904227.52673700498417, 2149805.347934331744909 ] ] ] } },
{ "type": "Feature", "properties": { "label": 1, "month": "5", "year": "2024" }, "geometry": { "type": "Polygon", "coordinates": [ [ [ 904208.049990533618256, 2151090.488045011181384 ], [ 904188.555658648256212, 2152375.657617617864162 ], [ 902909.886412791442126, 2152356.361923856660724 ], [ 902929.350394107284956, 2151071.208053156267852 ], [ 904208.049990533618256, 2151090.488045011181384 ] ] ] } },
{ "type": "Feature", "properties": { "label": 1, "month": "5", "year": "2024" }, "geometry": { "type": "Polygon", "coordinates": [ [ [ 903794.972235467750579, 2178085.325833349954337 ], [ 903775.108031304553151, 2179371.127579336985946 ], [ 902497.089416999253444, 2179351.502743990160525 ], [ 902516.922063420759514, 2178065.716645311564207 ], [ 903794.972235467750579, 2178085.325833349954337 ] ] ] } },
{ "type": "Feature", "properties": { "label": 1, "month": "5", "year": "2024" }, "geometry": { "type": "Polygon", "coordinates": [ [ [ 903775.108031304553151, 2179371.127579336985946 ], [ 903755.22618637024425, 2180656.960072124842554 ], [ 902477.239187429426238, 2180637.319592092651874 ], [ 902497.089416999253444, 2179351.502743990160525 ], [ 903775.108031304553151, 2179371.127579336985946 ] ] ] } },
{ "type": "Feature", "properties": { "label": 1, "month": "5", "year": "2024" }, "geometry": { "type": "Polygon", "coordinates": [ [ [ 905073.038460271200165, 2178104.965640503913164 ], [ 905053.142696053721011, 2179390.783083638641983 ], [ 903775.108031304553151, 2179371.127579336985946 ], [ 903794.972235467750579, 2178085.325833349954337 ], [ 905073.038460271200165, 2178104.965640503913164 ] ] ] } },
{ "type": "Feature", "properties": { "label": 1, "month": "5", "year": "2024" }, "geometry": { "type": "Polygon", "coordinates": [ [ [ 905053.142696053721011, 2179390.783083638641983 ], [ 905033.229233444668353, 2180676.63127093622461 ], [ 903755.22618637024425, 2180656.960072124842554 ], [ 903775.108031304553151, 2179371.127579336985946 ], [ 905053.142696053721011, 2179390.783083638641983 ] ] ] } },
{ "type": "Feature", "properties": { "label": 1, "month": "5", "year": "2024" }, "geometry": { "type": "Polygon", "coordinates": [ [ [ 906765.497537794988602, 2151129.13674380350858 ], [ 906745.942498025717214, 2152414.337870181072503 ], [ 905467.241002838127315, 2152394.98293225467205 ], [ 905486.765687540173531, 2151109.797607755754143 ], [ 906765.497537794988602, 2151129.13674380350858 ] ] ] } },
{ "type": "Feature", "properties": { "label": 1, "month": "5", "year": "2024" }, "geometry": { "type": "Polygon", "coordinates": [ [ [ 906745.942498025717214, 2152414.337870181072503 ], [ 906726.369755618157797, 2153699.568511510267854 ], [ 905447.698672868078575, 2153680.197774283122271 ], [ 905467.241002838127315, 2152394.98293225467205 ], [ 906745.942498025717214, 2152414.337870181072503 ] ] ] } },
{ "type": "Feature", "properties": { "label": 1, "month": "5", "year": "2024" }, "geometry": { "type": "Polygon", "coordinates": [ [ [ 906331.193463847856037, 2179410.46925938129425 ], [ 906311.248381246230565, 2180696.333191014360636 ], [ 905033.229233444668353, 2180676.63127093622461 ], [ 905053.142696053721011, 2179390.783083638641983 ], [ 906331.193463847856037, 2179410.46925938129425 ] ] ] } },
{ "type": "Feature", "properties": { "label": 1, "month": "5", "year": "2024" }, "geometry": { "type": "Polygon", "coordinates": [ [ [ 908024.660196876968257, 2152433.722433825954795 ], [ 908005.057039777049795, 2153718.968924432527274 ], [ 906726.369755618157797, 2153699.568511510267854 ], [ 906745.942498025717214, 2152414.337870181072503 ], [ 908024.660196876968257, 2152433.722433825954795 ] ] ] } },
{ "type": "Feature", "properties": { "label": 1, "month": "5", "year": "2024" }, "geometry": { "type": "Polygon", "coordinates": [ [ [ 907609.260387285146862, 2179430.186109028290957 ], [ 907589.283682374865748, 2180716.065834840759635 ], [ 906311.248381246230565, 2180696.333191014360636 ], [ 906331.193463847856037, 2179410.46925938129425 ], [ 907609.260387285146862, 2179430.186109028290957 ] ] ] } },
{ "type": "Feature", "properties": { "label": 1, "month": "5", "year": "2024" }, "geometry": { "type": "Polygon", "coordinates": [ [ [ 907589.283682374865748, 2180716.065834840759635 ], [ 907569.28916123486124, 2182001.976358135230839 ], [ 906291.28554005920887, 2181982.227922791615129 ], [ 906311.248381246230565, 2180696.333191014360636 ], [ 907589.283682374865748, 2180716.065834840759635 ] ] ] } },
{ "type": "Feature", "properties": { "label": 1, "month": "5", "year": "2024" }, "geometry": { "type": "Polygon", "coordinates": [ [ [ 908847.308986009098589, 2182021.755569542758167 ], [ 908827.264906122698449, 2183307.712787667755038 ], [ 907549.276821277220733, 2183287.917737587820739 ], [ 907569.28916123486124, 2182001.976358135230839 ], [ 908847.308986009098589, 2182021.755569542758167 ] ] ] } },
{ "type": "Feature", "properties": { "label": 1, "month": "5", "year": "2024" }, "geometry": { "type": "Polygon", "coordinates": [ [ [ 910562.480422998312861, 2153757.858787045814097 ], [ 910542.798552416497841, 2155043.166691540274769 ], [ 909264.109184039290994, 2155023.690973308868706 ], [ 909283.760578013723716, 2153738.399015469476581 ], [ 910562.480422998312861, 2153757.858787045814097 ] ] ] } },
{ "type": "Feature", "properties": { "label": 1, "month": "5", "year": "2024" }, "geometry": { "type": "Polygon", "coordinates": [ [ [ 910542.798552416497841, 2155043.166691540274769 ], [ 910523.098801974323578, 2156328.504219594877213 ], [ 909244.439967607846484, 2156309.0125573114492 ], [ 909264.109184039290994, 2155023.690973308868706 ], [ 910542.798552416497841, 2155043.166691540274769 ] ] ] } },
{ "type": "Feature", "properties": { "label": 1, "month": "5", "year": "2024" }, "geometry": { "type": "Polygon", "coordinates": [ [ [ 910125.345066982787102, 2182041.565559508744627 ], [ 910105.269244832918048, 2183327.538666144013405 ], [ 908827.264906122698449, 2183307.712787667755038 ], [ 908847.308986009098589, 2182021.755569542758167 ], [ 910125.345066982787102, 2182041.565559508744627 ] ] ] } },
{ "type": "Feature", "properties": { "label": 1, "month": "5", "year": "2024" }, "geometry": { "type": "Polygon", "coordinates": [ [ [ 910105.269244832918048, 2183327.538666144013405 ], [ 910085.175485932501033, 2184613.542682251427323 ], [ 908807.202947156969458, 2184593.700917949900031 ], [ 908827.264906122698449, 2183307.712787667755038 ], [ 910105.269244832918048, 2183327.538666144013405 ] ] ] } },
{ "type": "Feature", "properties": { "label": 1, "month": "5", "year": "2024" }, "geometry": { "type": "Polygon", "coordinates": [ [ [ 911841.216627403977327, 2153777.348241585772485 ], [ 911821.504277948988602, 2155062.672142731025815 ], [ 910542.798552416497841, 2155043.166691540274769 ], [ 910562.480422998312861, 2153757.858787045814097 ], [ 911841.216627403977327, 2153777.348241585772485 ] ] ] } },
{ "type": "Feature", "properties": { "label": 1, "month": "5", "year": "2024" }, "geometry": { "type": "Polygon", "coordinates": [ [ [ 911821.504277948988602, 2155062.672142731025815 ], [ 911801.773991223424673, 2156348.025664814282209 ], [ 910523.098801974323578, 2156328.504219594877213 ], [ 910542.798552416497841, 2155043.166691540274769 ], [ 911821.504277948988602, 2155062.672142731025815 ] ] ] } },
{ "type": "Feature", "properties": { "label": 1, "month": "5", "year": "2024" }, "geometry": { "type": "Polygon", "coordinates": [ [ [ 914378.965011172462255, 2155101.772253741975874 ], [ 914359.173645055037923, 2156387.157913835253567 ], [ 913080.465588026097976, 2156367.576895418111235 ], [ 913100.226413305848837, 2155082.207329322583973 ], [ 914378.965011172462255, 2155101.772253741975874 ] ] ] } },
{ "type": "Feature", "properties": { "label": 1, "month": "5", "year": "2024" }, "geometry": { "type": "Polygon", "coordinates": [ [ [ 915657.720124223502353, 2155121.366918442770839 ], [ 915637.898214990273118, 2156406.768722533714026 ], [ 914359.173645055037923, 2156387.157913835253567 ], [ 914378.965011172462255, 2155101.772253741975874 ], [ 915657.720124223502353, 2155121.366918442770839 ] ] ] } },
{ "type": "Feature", "properties": { "label": 1, "month": "5", "year": "2024" }, "geometry": { "type": "Polygon", "coordinates": [ [ [ 918215.280106627382338, 2155160.645478473044932 ], [ 918195.397104305913672, 2156446.07972055580467 ], [ 916916.639350513229147, 2156426.40932395728305 ], [ 916936.491805145167746, 2155140.991325867827982 ], [ 918215.280106627382338, 2155160.645478473044932 ] ] ] } },
{ "type": "Feature", "properties": { "label": 1, "month": "5", "year": "2024" }, "geometry": { "type": "Polygon", "coordinates": [ [ [ 919494.085081359604374, 2155180.329378711525351 ], [ 919474.171529056155123, 2156465.779914793092757 ], [ 918195.397104305913672, 2156446.07972055580467 ], [ 918215.280106627382338, 2155160.645478473044932 ], [ 919494.085081359604374, 2155180.329378711525351 ] ] ] } },
{ "type": "Feature", "properties": { "label": 1, "month": "5", "year": "2024" }, "geometry": { "type": "Polygon", "coordinates": [ [ [ 924609.47276670858264, 2155259.362505322322249 ], [ 924589.436991516849957, 2156544.878717470448464 ], [ 923310.595355987083167, 2156525.059307995717973 ], [ 923330.600572007359006, 2155239.559589884243906 ], [ 924609.47276670858264, 2155259.362505322322249 ] ] ] } },
{ "type": "Feature", "properties": { "label": 1, "month": "5", "year": "2024" }, "geometry": { "type": "Polygon", "coordinates": [ [ [ 925908.409665901446715, 2153993.69201613869518 ], [ 925888.361898164846934, 2155279.195180738344789 ], [ 924609.47276670858264, 2155259.362505322322249 ], [ 924629.490030405228026, 2153973.875887488946319 ], [ 925908.409665901446715, 2153993.69201613869518 ] ] ] } },
{ "type": "Feature", "properties": { "label": 1, "month": "5", "year": "2024" }, "geometry": { "type": "Polygon", "coordinates": [ [ [ 925888.361898164846934, 2155279.195180738344789 ], [ 925868.295561488484964, 2156564.727936945855618 ], [ 924589.436991516849957, 2156544.878717470448464 ], [ 924609.47276670858264, 2155259.362505322322249 ], [ 925888.361898164846934, 2155279.195180738344789 ] ] ] } },
{ "type": "Feature", "properties": { "label": 0, "month": "5", "year": "2024" }, "geometry": { "type": "Polygon", "coordinates": [ [ [ 891898.230894781067036, 2203629.112726015970111 ], [ 891878.30771426379215, 2204915.402013852726668 ], [ 890601.074040197534487, 2204895.749651146121323 ], [ 890620.964529446559027, 2203609.475510506425053 ], [ 891898.230894781067036, 2203629.112726015970111 ] ] ] } },
{ "type": "Feature", "properties": { "label": 0, "month": "5", "year": "2024" }, "geometry": { "type": "Polygon", "coordinates": [ [ [ 796069.772120682988316, 2298751.961925545707345 ], [ 796051.290076134377159, 2300039.839216681197286 ], [ 794777.664983294554986, 2300021.666654825676233 ], [ 794796.110140905715525, 2298733.800684747286141 ], [ 796069.772120682988316, 2298751.961925545707345 ] ] ] } },
{ "type": "Feature", "properties": { "label": 0, "month": "5", "year": "2024" }, "geometry": { "type": "Polygon", "coordinates": [ [ [ 896967.326873413636349, 2206280.710213887970895 ], [ 896947.238095731008798, 2207567.124520012643188 ], [ 895670.007557521574199, 2207547.314892942085862 ], [ 895690.063518847920932, 2206260.915927350521088 ], [ 896967.326873413636349, 2206280.710213887970895 ] ] ] } },
{ "type": "Feature", "properties": { "label": 0, "month": "5", "year": "2024" }, "geometry": { "type": "Polygon", "coordinates": [ [ [ 608037.668125097174197, 2384042.995748016983271 ], [ 608024.286044303211384, 2385332.379295020364225 ], [ 606754.411739291157573, 2385319.071749331429601 ], [ 606767.753217917284928, 2384029.692290910985321 ], [ 608037.668125097174197, 2384042.995748016983271 ] ] ] } },
{ "type": "Feature", "properties": { "label": 0, "month": "5", "year": "2024" }, "geometry": { "type": "Polygon", "coordinates": [ [ [ 890640.837907338514924, 2202323.233260883949697 ], [ 890620.964529446559027, 2203609.475510506425053 ], [ 889343.713644941570237, 2203589.869884261395782 ], [ 889363.55439172196202, 2202303.642734785564244 ], [ 890640.837907338514924, 2202323.233260883949697 ] ] ] } },
{ "type": "Feature", "properties": { "label": 0, "month": "5", "year": "2024" }, "geometry": { "type": "Polygon", "coordinates": [ [ [ 607957.309473646339029, 2391779.914412776939571 ], [ 607943.900927455048077, 2393069.545353185385466 ], [ 606674.271481866948307, 2393056.21329735359177 ], [ 606687.639069701195695, 2391766.586439424660057 ], [ 607957.309473646339029, 2391779.914412776939571 ] ] ] } },
{ "type": "Feature", "properties": { "label": 0, "month": "5", "year": "2024" }, "geometry": { "type": "Polygon", "coordinates": [ [ [ 602865.405052987392992, 2393016.447788157500327 ], [ 602852.156157331657596, 2394306.104143263306469 ], [ 601582.582156304968521, 2394292.921964827459306 ], [ 601595.790041030733846, 2393003.269499156158417 ], [ 602865.405052987392992, 2393016.447788157500327 ] ] ] } },
{ "type": "Feature", "properties": { "label": 0, "month": "5", "year": "2024" }, "geometry": { "type": "Polygon", "coordinates": [ [ [ 889600.31407302909065, 2186871.38317153044045 ], [ 889580.677776952274144, 2188157.232197224162519 ], [ 888303.054587967926636, 2188137.838934283237904 ], [ 888322.658948136726394, 2186852.004990042652935 ], [ 889600.31407302909065, 2186871.38317153044045 ] ] ] } },
{ "type": "Feature", "properties": { "label": 0, "month": "5", "year": "2024" }, "geometry": { "type": "Polygon", "coordinates": [ [ [ 453986.070365170831792, 2444640.426626035477966 ], [ 453977.724842588359024, 2445931.710074021480978 ], [ 452709.934378372330684, 2445923.092143705580384 ], [ 452718.236611014697701, 2444631.806973258033395 ], [ 453986.070365170831792, 2444640.426626035477966 ] ] ] } },
{ "type": "Feature", "properties": { "label": 0, "month": "5", "year": "2024" }, "geometry": { "type": "Polygon", "coordinates": [ [ [ 789683.278481978690252, 2299949.327921203803271 ], [ 789664.9681196246529, 2301237.185733287129551 ], [ 788391.436636091675609, 2301219.177842122968286 ], [ 788409.710064080078155, 2299931.331104654353112 ], [ 789683.278481978690252, 2299949.327921203803271 ] ] ] } },
{ "type": "Feature", "properties": { "label": 0, "month": "5", "year": "2024" }, "geometry": { "type": "Polygon", "coordinates": [ [ [ 890799.209218709729612, 2192034.436259700451046 ], [ 890779.472642607986927, 2193320.425505014136434 ], [ 889501.962327215820551, 2193300.940752634778619 ], [ 889521.666734343394637, 2192014.966628212481737 ], [ 890799.209218709729612, 2192034.436259700451046 ] ] ] } },
{ "type": "Feature", "properties": { "label": 0, "month": "5", "year": "2024" }, "geometry": { "type": "Polygon", "coordinates": [ [ [ 902694.625056792749092, 2166495.015815456397831 ], [ 902674.950544994673692, 2167780.527804838493466 ], [ 901396.666002291720361, 2167761.07410738337785 ], [ 901416.309476641239598, 2166475.577738972380757 ], [ 902694.625056792749092, 2166495.015815456397831 ] ] ] } },
{ "type": "Feature", "properties": { "label": 0, "month": "5", "year": "2024" }, "geometry": { "type": "Polygon", "coordinates": [ [ [ 610617.871927661704831, 2380201.787196757737547 ], [ 610604.422228368115611, 2381491.056223060470074 ], [ 609334.418738062144257, 2381477.684917994309217 ], [ 609347.828009658376686, 2380188.420079501345754 ], [ 610617.871927661704831, 2380201.787196757737547 ] ] ] } },
{ "type": "Feature", "properties": { "label": 0, "month": "5", "year": "2024" }, "geometry": { "type": "Polygon", "coordinates": [ [ [ 798486.963825374259613, 2307804.461491996888071 ], [ 798468.315980123123154, 2309092.619208726566285 ], [ 797194.927735403180122, 2309074.296463207341731 ], [ 797213.538278583087958, 2307786.150149703025818 ], [ 798486.963825374259613, 2307804.461491996888071 ] ] ] } },
{ "type": "Feature", "properties": { "label": 0, "month": "5", "year": "2024" }, "geometry": { "type": "Polygon", "coordinates": [ [ [ 608104.512352268677205, 2377596.691940458957106 ], [ 608091.152331024641171, 2378885.871054167393595 ], [ 606821.075608188519254, 2378872.583961519878358 ], [ 606834.395323698525317, 2377583.408941466361284 ], [ 608104.512352268677205, 2377596.691940458957106 ] ] ] } },
{ "type": "Feature", "properties": { "label": 0, "month": "5", "year": "2024" }, "geometry": { "type": "Polygon", "coordinates": [ [ [ 609414.807293653022498, 2373742.70697610732168 ], [ 609401.420380628784187, 2375031.768327178899199 ], [ 608131.21915715909563, 2375018.455745810177177 ], [ 608144.56594043050427, 2373729.398539558053017 ], [ 609414.807293653022498, 2373742.70697610732168 ] ] ] } },
{ "type": "Feature", "properties": { "label": 0, "month": "5", "year": "2024" }, "geometry": { "type": "Polygon", "coordinates": [ [ [ 894452.810277950484306, 2203668.481934804003686 ], [ 894432.821707875118591, 2204954.801665977109224 ], [ 893155.556919323513284, 2204935.086017962079495 ], [ 893175.512793448520824, 2203648.781533283181489 ], [ 894452.810277950484306, 2203668.481934804003686 ] ] ] } },
{ "type": "Feature", "properties": { "label": 0, "month": "5", "year": "2024" }, "geometry": { "type": "Polygon", "coordinates": [ [ [ 607970.71360939508304, 2390490.32486189994961 ], [ 607957.309473646339029, 2391779.914412776939571 ], [ 606687.639069701195695, 2391766.586439424660057 ], [ 606701.002306491020136, 2390477.000972052570432 ], [ 607970.71360939508304, 2390490.32486189994961 ] ] ] } },
{ "type": "Feature", "properties": { "label": 0, "month": "5", "year": "2024" }, "geometry": { "type": "Polygon", "coordinates": [ [ [ 895710.10213242797181, 2204974.548960414715111 ], [ 895690.063518847920932, 2206260.915927350521088 ], [ 894412.815850437385961, 2206241.153339387848973 ], [ 894432.821707875118591, 2204954.801665977109224 ], [ 895710.10213242797181, 2204974.548960414715111 ] ] ] } },
{ "type": "Feature", "properties": { "label": 0, "month": "5", "year": "2024" }, "geometry": { "type": "Polygon", "coordinates": [ [ [ 908967.198150398442522, 2174306.658131807576865 ], [ 908947.261290369322523, 2175592.431108395569026 ], [ 907669.08363050990738, 2175572.731130325701088 ], [ 907688.989096353761852, 2174286.974008371587843 ], [ 908967.198150398442522, 2174306.658131807576865 ] ] ] } },
{ "type": "Feature", "properties": { "label": 0, "month": "5", "year": "2024" }, "geometry": { "type": "Polygon", "coordinates": [ [ [ 778382.814153735293075, 2288200.424651460256428 ], [ 778364.945889630587772, 2289487.856832066550851 ], [ 777091.183002328849398, 2289470.261368098668754 ], [ 777109.014878765679896, 2288182.839841294568032 ], [ 778382.814153735293075, 2288200.424651460256428 ] ] ] } },
{ "type": "Feature", "properties": { "label": 0, "month": "5", "year": "2024" }, "geometry": { "type": "Polygon", "coordinates": [ [ [ 877471.459192100679502, 2142983.330245384946465 ], [ 877452.700011485954747, 2144268.004357687663287 ], [ 876174.17570507817436, 2144249.418106401339173 ], [ 876192.904925165115856, 2142964.75866141077131 ], [ 877471.459192100679502, 2142983.330245384946465 ] ] ] } },
{ "type": "Feature", "properties": { "label": 0, "month": "5", "year": "2024" }, "geometry": { "type": "Polygon", "coordinates": [ [ [ 827263.909720469964668, 2167969.086758515797555 ], [ 827246.034280316205695, 2169253.823169162962586 ], [ 825968.663782483199611, 2169236.122785677667707 ], [ 825986.508199328556657, 2167951.399052886758 ], [ 827263.909720469964668, 2167969.086758515797555 ] ] ] } },
{ "type": "Feature", "properties": { "label": 0, "month": "5", "year": "2024" }, "geometry": { "type": "Polygon", "coordinates": [ [ [ 429904.26366246555699, 2443192.255293052643538 ], [ 429896.736462348606437, 2444483.535502105485648 ], [ 428628.844729477423243, 2444475.680494439322501 ], [ 428636.328720748890191, 2443184.397657512221485 ], [ 429904.26366246555699, 2443192.255293052643538 ] ] ] } },
{ "type": "Feature", "properties": { "label": 0, "month": "5", "year": "2024" }, "geometry": { "type": "Polygon", "coordinates": [ [ [ 624796.416801699437201, 2361016.419878269545734 ], [ 624782.60002451762557, 2362305.132569433189929 ], [ 623511.950802551582456, 2362291.413864213041961 ], [ 623525.728020627866499, 2361002.705906854942441 ], [ 624796.416801699437201, 2361016.419878269545734 ] ] ] } },
{ "type": "Feature", "properties": { "label": 0, "month": "5", "year": "2024" }, "geometry": { "type": "Polygon", "coordinates": [ [ [ 614563.477974180364981, 2367351.532270522788167 ], [ 614549.95407145563513, 2368640.408781073521823 ], [ 613279.537196566700004, 2368626.966790199279785 ], [ 613293.02125854906626, 2367338.094622314441949 ], [ 614563.477974180364981, 2367351.532270522788167 ] ] ] } },
{ "type": "Feature", "properties": { "label": 0, "month": "5", "year": "2024" }, "geometry": { "type": "Polygon", "coordinates": [ [ [ 606660.899543180945329, 2394345.881608814001083 ], [ 606647.523253840859979, 2395635.591436818242073 ], [ 605377.979585431981832, 2395622.289759203791618 ], [ 605391.314799288054928, 2394332.583963656798005 ], [ 606660.899543180945329, 2394345.881608814001083 ] ] ] } },
{ "type": "Feature", "properties": { "label": 0, "month": "5", "year": "2024" }, "geometry": { "type": "Polygon", "coordinates": [ [ [ 888283.433261364232749, 2189423.704067532438785 ], [ 888263.79496590339113, 2190709.600448593031615 ], [ 886986.251220717444085, 2190690.20811786595732 ], [ 887005.857467212132178, 2189404.326763393823057 ], [ 888283.433261364232749, 2189423.704067532438785 ] ] ] } },
{ "type": "Feature", "properties": { "label": 0, "month": "5", "year": "2024" }, "geometry": { "type": "Polygon", "coordinates": [ [ [ 901060.046940842177719, 2189619.18458715826273 ], [ 901040.088028851198032, 2190905.23396975081414 ], [ 899762.387929877266288, 2190885.53065400570631 ], [ 899782.314769785152748, 2189599.496795431245118 ], [ 901060.046940842177719, 2189619.18458715826273 ] ] ] } },
{ "type": "Feature", "properties": { "label": 0, "month": "5", "year": "2024" }, "geometry": { "type": "Polygon", "coordinates": [ [ [ 751239.032617833232507, 2317453.723800519946963 ], [ 751221.675580723211169, 2318741.790812816936523 ], [ 749948.979111161781475, 2318724.703328439034522 ], [ 749966.298457855125889, 2317436.64589950023219 ], [ 751239.032617833232507, 2317453.723800519946963 ] ] ] } },
{ "type": "Feature", "properties": { "label": 0, "month": "5", "year": "2024" }, "geometry": { "type": "Polygon", "coordinates": [ [ [ 799890.8272278921213, 2298806.656300309579819 ], [ 799872.234509016387165, 2300094.567847775295377 ], [ 798598.574786970857531, 2300076.289810813963413 ], [ 798617.130612149718218, 2298788.389730989933014 ], [ 799890.8272278921213, 2298806.656300309579819 ] ] ] } },
{ "type": "Feature", "properties": { "label": 0, "month": "5", "year": "2024" }, "geometry": { "type": "Polygon", "coordinates": [ [ [ 613225.554446108522825, 2373782.858649278059602 ], [ 613212.04713353223633, 2375071.932723678182811 ], [ 611941.83431726123672, 2375058.5068144868128 ], [ 611955.301494931685738, 2373769.437029345426708 ], [ 613225.554446108522825, 2373782.858649278059602 ] ] ] } },
{ "type": "Feature", "properties": { "label": 0, "month": "5", "year": "2024" }, "geometry": { "type": "Polygon", "coordinates": [ [ [ 614360.124985946691595, 2386688.93519940180704 ], [ 614346.530452548293397, 2387978.422112848609686 ], [ 613076.718294728198089, 2387964.915108636487275 ], [ 613090.27209864766337, 2386675.43252201192081 ], [ 614360.124985946691595, 2386688.93519940180704 ] ] ] } },
{ "type": "Feature", "properties": { "label": 0, "month": "5", "year": "2024" }, "geometry": { "type": "Polygon", "coordinates": [ [ [ 889561.024456768995151, 2189443.112409356050193 ], [ 889541.354110046289861, 2190729.023866736795753 ], [ 888263.79496590339113, 2190709.600448593031615 ], [ 888283.433261364232749, 2189423.704067532438785 ], [ 889561.024456768995151, 2189443.112409356050193 ] ] ] } },
{ "type": "Feature", "properties": { "label": 0, "month": "5", "year": "2024" }, "geometry": { "type": "Polygon", "coordinates": [ [ [ 722958.714908396475948, 2338985.175979574210942 ], [ 722942.021535483421758, 2340273.691939291078597 ], [ 721670.172965325997211, 2340257.247244592290372 ], [ 721686.827693812083453, 2338968.739768123719841 ], [ 722958.714908396475948, 2338985.175979574210942 ] ] ] } },
{ "type": "Feature", "properties": { "label": 0, "month": "5", "year": "2024" }, "geometry": { "type": "Polygon", "coordinates": [ [ [ 906628.240416024345905, 2160126.166480191517621 ], [ 906608.561404947773553, 2161411.575434192083776 ], [ 905330.074002254288644, 2161392.109955651219934 ], [ 905349.722256425535306, 2160106.716785377357155 ], [ 906628.240416024345905, 2160126.166480191517621 ] ] ] } },
{ "type": "Feature", "properties": { "label": 0, "month": "5", "year": "2024" }, "geometry": { "type": "Polygon", "coordinates": [ [ [ 853488.333149264450185, 2120805.018575296271592 ], [ 853470.402370852883905, 2122088.933879090007395 ], [ 852191.652314425562508, 2122071.13687532581389 ], [ 852209.554143100162037, 2120787.235328215174377 ], [ 853488.333149264450185, 2120805.018575296271592 ] ] ] } },
{ "type": "Feature", "properties": { "label": 0, "month": "5", "year": "2024" }, "geometry": { "type": "Polygon", "coordinates": [ [ [ 864778.644674541777931, 2136376.717236456461251 ], [ 864760.263962558237836, 2137661.101559653878212 ], [ 863481.737700650002807, 2137642.878760310821235 ], [ 863500.088759428355843, 2136358.508616553619504 ], [ 864778.644674541777931, 2136376.717236456461251 ] ] ] } },
{ "type": "Feature", "properties": { "label": 0, "month": "5", "year": "2024" }, "geometry": { "type": "Polygon", "coordinates": [ [ [ 801350.102863613516092, 2285947.727931946050376 ], [ 801331.605727098649368, 2287235.288164804689586 ], [ 800057.568034321069717, 2287217.090230093337595 ], [ 800076.02886040636804, 2285929.541535971220583 ], [ 801350.102863613516092, 2285947.727931946050376 ] ] ] } },
{ "type": "Feature", "properties": { "label": 0, "month": "5", "year": "2024" }, "geometry": { "type": "Polygon", "coordinates": [ [ [ 431157.058205577428453, 2445782.752487499266863 ], [ 431149.495664775604382, 2447074.118403849191964 ], [ 429881.694044781266712, 2447066.228318626061082 ], [ 429889.213255714450497, 2445774.859822600148618 ], [ 431157.058205577428453, 2445782.752487499266863 ] ] ] } },
{ "type": "Feature", "properties": { "label": 0, "month": "5", "year": "2024" }, "geometry": { "type": "Polygon", "coordinates": [ [ [ 887413.68585486675147, 2162407.946725479327142 ], [ 887394.434240437345579, 2163693.184146681800485 ], [ 886116.244957650545985, 2163674.137947810348123 ], [ 886135.465734081109986, 2162388.915556545369327 ], [ 887413.68585486675147, 2162407.946725479327142 ] ] ] } },
{ "type": "Feature", "properties": { "label": 0, "month": "5", "year": "2024" }, "geometry": { "type": "Polygon", "coordinates": [ [ [ 925848.210653176996857, 2157850.290342981927097 ], [ 925828.107170526287518, 2159135.882457053288817 ], [ 924549.309895886923186, 2159116.000157580245286 ], [ 924569.382702136412263, 2157830.424582151696086 ], [ 925848.210653176996857, 2157850.290342981927097 ] ] ] } },
{ "type": "Feature", "properties": { "label": 0, "month": "5", "year": "2024" }, "geometry": { "type": "Polygon", "coordinates": [ [ [ 854500.402630477678031, 2227509.515789192635566 ], [ 854481.131778627168387, 2228796.004478548653424 ], [ 853204.956541155581363, 2228777.008646886795759 ], [ 853224.193668489577249, 2227490.533620084635913 ], [ 854500.402630477678031, 2227509.515789192635566 ] ] ] } },
{ "type": "Feature", "properties": { "label": 0, "month": "5", "year": "2024" }, "geometry": { "type": "Polygon", "coordinates": [ [ [ 442535.723240159044508, 2451021.244497753214091 ], [ 442527.784285893081687, 2452312.766693308018148 ], [ 441260.18595445738174, 2452304.52218242874369 ], [ 441268.081328942149412, 2451012.997836648020893 ], [ 442535.723240159044508, 2451021.244497753214091 ] ] ] } },
{ "type": "Feature", "properties": { "label": 0, "month": "5", "year": "2024" }, "geometry": { "type": "Polygon", "coordinates": [ [ [ 803879.716329826042056, 2287271.788065520580858 ], [ 803861.133208896499127, 2288559.407527880743146 ], [ 802587.108394065871835, 2288541.128603777382523 ], [ 802605.655141575378366, 2287253.520775831304491 ], [ 803879.716329826042056, 2287271.788065520580858 ] ] ] } },
{ "type": "Feature", "properties": { "label": 0, "month": "5", "year": "2024" }, "geometry": { "type": "Polygon", "coordinates": [ [ [ 608157.908310670289211, 2372440.381843867711723 ], [ 608144.56594043050427, 2373729.398539558053017 ], [ 606874.32835007738322, 2373716.127827570773661 ], [ 606887.630651480401866, 2372427.115229569375515 ], [ 608157.908310670289211, 2372440.381843867711723 ] ] ] } },
{ "type": "Feature", "properties": { "label": 0, "month": "5", "year": "2024" }, "geometry": { "type": "Polygon", "coordinates": [ [ [ 890739.948213169234805, 2195892.498312283772975 ], [ 890720.160354908322915, 2197178.581992049235851 ], [ 889442.746892828727141, 2197159.051892519462854 ], [ 889462.502408908098005, 2195872.983325888868421 ], [ 890739.948213169234805, 2195892.498312283772975 ] ] ] } },
{ "type": "Feature", "properties": { "label": 0, "month": "5", "year": "2024" }, "geometry": { "type": "Polygon", "coordinates": [ [ [ 903894.028733827406541, 2171656.776254340540618 ], [ 903874.252695350558497, 2172942.425145238172263 ], [ 902596.076868267147802, 2172922.878572710324079 ], [ 902615.821636906359345, 2171637.24534222856164 ], [ 903894.028733827406541, 2171656.776254340540618 ] ] ] } },
{ "type": "Feature", "properties": { "label": 0, "month": "5", "year": "2024" }, "geometry": { "type": "Polygon", "coordinates": [ [ [ 832570.690358859486878, 2153909.469482141546905 ], [ 832552.849143721628934, 2155193.925776528660208 ], [ 831275.088476691860706, 2155176.246422743890435 ], [ 831292.899290494970046, 2153891.803029123693705 ], [ 832570.690358859486878, 2153909.469482141546905 ] ] ] } },
{ "type": "Feature", "properties": { "label": 0, "month": "5", "year": "2024" }, "geometry": { "type": "Polygon", "coordinates": [ [ [ 853452.456342311110348, 2123372.877464609686285 ], [ 853434.495061691617593, 2124656.849389702547342 ], [ 852155.803075687261298, 2124639.024879245087504 ], [ 852173.735292599420063, 2123355.066706382669508 ], [ 853452.456342311110348, 2123372.877464609686285 ] ] ] } },
{ "type": "Feature", "properties": { "label": 0, "month": "5", "year": "2024" }, "geometry": { "type": "Polygon", "coordinates": [ [ [ 614495.811366388457827, 2373796.318000277504325 ], [ 614482.263917176984251, 2375085.396412073168904 ], [ 613212.04713353223633, 2375071.932723678182811 ], [ 613225.554446108522825, 2373782.858649278059602 ], [ 614495.811366388457827, 2373796.318000277504325 ] ] ] } },
{ "type": "Feature", "properties": { "label": 0, "month": "5", "year": "2024" }, "geometry": { "type": "Polygon", "coordinates": [ [ [ 833973.191668056882918, 2144936.711036331951618 ], [ 833955.421096422243863, 2146220.973133531399071 ], [ 832677.435659438371658, 2146203.354837586171925 ], [ 832695.176228064112365, 2144919.10570616228506 ], [ 833973.191668056882918, 2144936.711036331951618 ] ] ] } },
{ "type": "Feature", "properties": { "label": 0, "month": "5", "year": "2024" }, "geometry": { "type": "Polygon", "coordinates": [ [ [ 903854.459028813638724, 2174228.104490042664111 ], [ 903834.647731680655852, 2175513.814347286708653 ], [ 902556.534616952296346, 2175494.236461764201522 ], [ 902576.314529122319072, 2174208.542259701061994 ], [ 903854.459028813638724, 2174228.104490042664111 ] ] ] } },
{ "type": "Feature", "properties": { "label": 0, "month": "5", "year": "2024" }, "geometry": { "type": "Polygon", "coordinates": [ [ [ 904012.314917022245936, 2163943.519165500532836 ], [ 903992.644593831617385, 2165228.986561088357121 ], [ 902714.282010660273954, 2165209.53399021923542 ], [ 902733.921409099479206, 2163924.082270698156208 ], [ 904012.314917022245936, 2163943.519165500532836 ] ] ] } },
{ "type": "Feature", "properties": { "label": 0, "month": "5", "year": "2024" }, "geometry": { "type": "Polygon", "coordinates": [ [ [ 440031.878765412315261, 2445839.129182601813227 ], [ 440024.012885223433841, 2447130.47837496874854 ], [ 438756.234436132537667, 2447122.305940518155694 ], [ 438764.056978842359968, 2445830.954501912463456 ], [ 440031.878765412315261, 2445839.129182601813227 ] ] ] } },
{ "type": "Feature", "properties": { "label": 0, "month": "5", "year": "2024" }, "geometry": { "type": "Polygon", "coordinates": [ [ [ 447712.021228448313195, 2434268.973321195691824 ], [ 447703.866969295893796, 2435559.914735075086355 ], [ 446435.718441482400522, 2435551.482605546712875 ], [ 446443.829895758593921, 2434260.539229868445545 ], [ 447712.021228448313195, 2434268.973321195691824 ] ] ] } },
{ "type": "Feature", "properties": { "label": 0, "month": "5", "year": "2024" }, "geometry": { "type": "Polygon", "coordinates": [ [ [ 441299.697448083607014, 2445847.344154489692301 ], [ 441291.788229307392612, 2447138.691148241516203 ], [ 440024.012885223433841, 2447130.47837496874854 ], [ 440031.878765412315261, 2445839.129182601813227 ], [ 441299.697448083607014, 2445847.344154489692301 ] ] ] } },
{ "type": "Feature", "properties": { "label": 0, "month": "5", "year": "2024" }, "geometry": { "type": "Polygon", "coordinates": [ [ [ 724230.610588641371578, 2339001.648729736916721 ], [ 724213.878569232998416, 2340290.173221185803413 ], [ 722942.021535483421758, 2340273.691939291078597 ], [ 722958.714908396475948, 2338985.175979574210942 ], [ 724230.610588641371578, 2339001.648729736916721 ] ] ] } },
{ "type": "Feature", "properties": { "label": 0, "month": "5", "year": "2024" }, "geometry": { "type": "Polygon", "coordinates": [ [ [ 707664.143697443883866, 2341367.225851054303348 ], [ 707647.89590091269929, 2342655.720723992679268 ], [ 706376.222272137412801, 2342639.699116461444646 ], [ 706392.431330896215513, 2341351.21214173687622 ], [ 707664.143697443883866, 2341367.225851054303348 ] ] ] } },
{ "type": "Feature", "properties": { "label": 0, "month": "5", "year": "2024" }, "geometry": { "type": "Polygon", "coordinates": [ [ [ 895988.822624067077413, 2186968.738237652927637 ], [ 895969.026613972848281, 2188254.663416894618422 ], [ 894691.325619142036885, 2188235.115177435800433 ], [ 894711.089681822806597, 2186949.20532841887325 ], [ 895988.822624067077413, 2186968.738237652927637 ] ] ] } },
{ "type": "Feature", "properties": { "label": 0, "month": "5", "year": "2024" }, "geometry": { "type": "Polygon", "coordinates": [ [ [ 807514.439251990988851, 2300204.974576180335134 ], [ 807495.611572498688474, 2301492.992562367580831 ], [ 806221.91815317957662, 2301474.491753086447716 ], [ 806240.708866713219322, 2300186.485525513533503 ], [ 807514.439251990988851, 2300204.974576180335134 ] ] ] } },
{ "type": "Feature", "properties": { "label": 0, "month": "5", "year": "2024" }, "geometry": { "type": "Polygon", "coordinates": [ [ [ 606741.065908638061956, 2386608.492283795960248 ], [ 606727.715726156253368, 2387897.953957153949887 ], [ 605457.926495985244401, 2387884.676489361096174 ], [ 605471.235959340119734, 2386595.218854499515146 ], [ 606741.065908638061956, 2386608.492283795960248 ] ] ] } },
{ "type": "Feature", "properties": { "label": 0, "month": "5", "year": "2024" }, "geometry": { "type": "Polygon", "coordinates": [ [ [ 889323.855844625621103, 2204876.128927370999008 ], [ 889303.980988303315826, 2206162.419923177920282 ], [ 888026.81096316431649, 2206142.815790539141744 ], [ 888046.65307505056262, 2204856.539840011391789 ], [ 889323.855844625621103, 2204876.128927370999008 ] ] ] } },
{ "type": "Feature", "properties": { "label": 0, "month": "5", "year": "2024" }, "geometry": { "type": "Polygon", "coordinates": [ [ [ 842920.031341267866082, 2233772.014425403438509 ], [ 842900.98883383651264, 2235058.548375287093222 ], [ 841625.106331695569679, 2235039.778983452823013 ], [ 841644.114845040254295, 2233753.258239562157542 ], [ 842920.031341267866082, 2233772.014425403438509 ] ] ] } },
{ "type": "Feature", "properties": { "label": 0, "month": "5", "year": "2024" }, "geometry": { "type": "Polygon", "coordinates": [ [ [ 605551.002589834621176, 2378859.334784328937531 ], [ 605537.718884583911858, 2380148.546522041782737 ], [ 604267.689880754449405, 2380135.331262276042253 ], [ 604280.933224427746609, 2378846.123520988505334 ], [ 605551.002589834621176, 2378859.334784328937531 ] ] ] } },
{ "type": "Feature", "properties": { "label": 0, "month": "5", "year": "2024" }, "geometry": { "type": "Polygon", "coordinates": [ [ [ 830032.887464819708839, 2152589.765397340524942 ], [ 830015.121319317724556, 2153874.166165952570736 ], [ 828737.356392831658013, 2153856.55889045773074 ], [ 828755.092198384809308, 2152572.170925160869956 ], [ 830032.887464819708839, 2152589.765397340524942 ] ] ] } },
{ "type": "Feature", "properties": { "label": 0, "month": "5", "year": "2024" }, "geometry": { "type": "Polygon", "coordinates": [ [ [ 897067.509728607372381, 2199849.117442274931818 ], [ 897047.507953516440466, 2201135.37235887767747 ], [ 895770.113912030123174, 2201115.639460928272456 ], [ 895790.083159951958805, 2199829.399898083414882 ], [ 897067.509728607372381, 2199849.117442274931818 ] ] ] } },
{ "type": "Feature", "properties": { "label": 0, "month": "5", "year": "2024" }, "geometry": { "type": "Polygon", "coordinates": [ [ [ 443915.467832435795572, 2432952.886805112939328 ], [ 443907.438667174370494, 2434243.790645349305123 ], [ 442639.238668629084714, 2434235.476150453556329 ], [ 442647.225092248932924, 2432944.570205109193921 ], [ 443915.467832435795572, 2432952.886805112939328 ] ] ] } },
{ "type": "Feature", "properties": { "label": 0, "month": "5", "year": "2024" }, "geometry": { "type": "Polygon", "coordinates": [ [ [ 894372.752263368456624, 2208813.952749217860401 ], [ 894352.69452867936343, 2210100.400603871792555 ], [ 893075.561102488078177, 2210080.623996180482209 ], [ 893095.58590977685526, 2208794.191377489361912 ], [ 894372.752263368456624, 2208813.952749217860401 ] ] ] } },
{ "type": "Feature", "properties": { "label": 0, "month": "5", "year": "2024" }, "geometry": { "type": "Polygon", "coordinates": [ [ [ 839073.381571269128472, 2235002.338400066364557 ], [ 839054.426188308047131, 2236288.866355064790696 ], [ 837778.617870753165334, 2236270.182103201746941 ], [ 837797.539208381203935, 2234983.667203758843243 ], [ 839073.381571269128472, 2235002.338400066364557 ] ] ] } },
{ "type": "Feature", "properties": { "label": 0, "month": "5", "year": "2024" }, "geometry": { "type": "Polygon", "coordinates": [ [ [ 834202.896808946272358, 2128243.954304769169539 ], [ 834185.313660586019978, 2129527.839265496935695 ], [ 832906.942638977547176, 2129510.389692760072649 ], [ 832924.496526380768046, 2128226.517725758254528 ], [ 834202.896808946272358, 2128243.954304769169539 ] ] ] } },
{ "type": "Feature", "properties": { "label": 0, "month": "5", "year": "2024" }, "geometry": { "type": "Polygon", "coordinates": [ [ [ 898324.917743070982397, 2201155.136759226676077 ], [ 898304.865985218901187, 2202441.438836462795734 ], [ 897027.488782993517816, 2202421.65903531620279 ], [ 897047.507953516440466, 2201135.37235887767747 ], [ 898324.917743070982397, 2201155.136759226676077 ] ] ] } },
{ "type": "Feature", "properties": { "label": 0, "month": "5", "year": "2024" }, "geometry": { "type": "Polygon", "coordinates": [ [ [ 850614.262296674656682, 2231312.109733159653842 ], [ 850595.046517262002453, 2232598.657227764371783 ], [ 849319.014366838848218, 2232579.718387121334672 ], [ 849338.196254572831094, 2231293.184399556368589 ], [ 850614.262296674656682, 2231312.109733159653842 ] ] ] } },
{ "type": "Feature", "properties": { "label": 0, "month": "5", "year": "2024" }, "geometry": { "type": "Polygon", "coordinates": [ [ [ 889950.859040548326448, 2163731.366664213594049 ], [ 889931.528765050461516, 2165016.664367835503072 ], [ 888653.339541616733186, 2164997.542961112223566 ], [ 888672.638917204574682, 2163712.260384685359895 ], [ 889950.859040548326448, 2163731.366664213594049 ] ] ] } },
{ "type": "Feature", "properties": { "label": 0, "month": "5", "year": "2024" }, "geometry": { "type": "Polygon", "coordinates": [ [ [ 891977.751949940575287, 2198484.273868475109339 ], [ 891957.897431205725297, 2199770.435956842731684 ], [ 890680.533338971552439, 2199750.844198564067483 ], [ 890700.355397663777694, 2198464.697267825249583 ], [ 891977.751949940575287, 2198484.273868475109339 ] ] ] } },
{ "type": "Feature", "properties": { "label": 0, "month": "5", "year": "2024" }, "geometry": { "type": "Polygon", "coordinates": [ [ [ 800002.106461016694084, 2291079.952626307494938 ], [ 799983.592899027862586, 2292367.645732129458338 ], [ 798709.712693687528372, 2292349.436534340493381 ], [ 798728.189713443513028, 2291061.754909477196634 ], [ 800002.106461016694084, 2291079.952626307494938 ] ] ] } },
{ "type": "Feature", "properties": { "label": 0, "month": "5", "year": "2024" }, "geometry": { "type": "Polygon", "coordinates": [ [ [ 852209.554143100162037, 2120787.235328215174377 ], [ 852191.652314425562508, 2122071.13687532581389 ], [ 850912.91624777414836, 2122053.36824837140739 ], [ 850930.789128768490627, 2120769.48040791740641 ], [ 852209.554143100162037, 2120787.235328215174377 ] ] ] } },
{ "type": "Feature", "properties": { "label": 0, "month": "5", "year": "2024" }, "geometry": { "type": "Polygon", "coordinates": [ [ [ 832588.517190483165905, 2152625.042957467027009 ], [ 832570.690358859486878, 2153909.469482141546905 ], [ 831292.899290494970046, 2153891.803029123693705 ], [ 831310.695778021588922, 2152607.389407380484045 ], [ 832588.517190483165905, 2152625.042957467027009 ] ] ] } },
{ "type": "Feature", "properties": { "label": 0, "month": "5", "year": "2024" }, "geometry": { "type": "Polygon", "coordinates": [ [ [ 610510.147488418384455, 2390517.087692325003445 ], [ 610496.661549587617628, 2391806.685554275754839 ], [ 609226.98361644463148, 2391793.280783848371357 ], [ 609240.428652870701626, 2390503.687101445160806 ], [ 610510.147488418384455, 2390517.087692325003445 ] ] ] } },
{ "type": "Feature", "properties": { "label": 0, "month": "5", "year": "2024" }, "geometry": { "type": "Polygon", "coordinates": [ [ [ 835233.419748040032573, 2146238.620724701788276 ], [ 835215.604684350546449, 2147522.925253004301339 ], [ 833937.636094975052401, 2147505.26464837603271 ], [ 833955.421096422243863, 2146220.973133531399071 ], [ 835233.419748040032573, 2146238.620724701788276 ] ] ] } },
{ "type": "Feature", "properties": { "label": 0, "month": "5", "year": "2024" }, "geometry": { "type": "Polygon", "coordinates": [ [ [ 828719.606375464703888, 2155140.976631949655712 ], [ 828701.842144496156834, 2156425.424208045937121 ], [ 827424.151057667797431, 2156407.821017464622855 ], [ 827441.884836290264502, 2155123.386190576478839 ], [ 828719.606375464703888, 2155140.976631949655712 ] ] ] } },
{ "type": "Feature", "properties": { "label": 0, "month": "5", "year": "2024" }, "geometry": { "type": "Polygon", "coordinates": [ [ [ 795977.231648845365271, 2305191.715258009266108 ], [ 795958.68447102222126, 2306479.776292524766177 ], [ 794685.244692404288799, 2306461.547158461995423 ], [ 794703.754690069705248, 2305173.497433971613646 ], [ 795977.231648845365271, 2305191.715258009266108 ] ] ] } },
{ "type": "Feature", "properties": { "label": 0, "month": "5", "year": "2024" }, "geometry": { "type": "Polygon", "coordinates": [ [ [ 432417.293820790364407, 2447082.048822293523699 ], [ 432409.691826977184974, 2448373.456446767784655 ], [ 431141.937061901029665, 2448365.528560101985931 ], [ 431149.495664775604382, 2447074.118403849191964 ], [ 432417.293820790364407, 2447082.048822293523699 ] ] ] } },
{ "type": "Feature", "properties": { "label": 0, "month": "5", "year": "2024" }, "geometry": { "type": "Polygon", "coordinates": [ [ [ 905525.762131128343754, 2148539.515278643928468 ], [ 905506.272729471558705, 2149824.641742606647313 ], [ 904227.52673700498417, 2149805.347934331744909 ], [ 904246.985900541301817, 2148520.237227407749742 ], [ 905525.762131128343754, 2148539.515278643928468 ] ] ] } },
{ "type": "Feature", "properties": { "label": 0, "month": "5", "year": "2024" }, "geometry": { "type": "Polygon", "coordinates": [ [ [ 443851.327510978502687, 2443281.341966285835952 ], [ 443843.324942018429283, 2444572.59641377069056 ], [ 442575.469032464665361, 2444564.298753469251096 ], [ 442583.428380561235826, 2443273.042202271986753 ], [ 443851.327510978502687, 2443281.341966285835952 ] ] ] } },
{ "type": "Feature", "properties": { "label": 0, "month": "5", "year": "2024" }, "geometry": { "type": "Polygon", "coordinates": [ [ [ 442663.208062789868563, 2430362.888865048065782 ], [ 442655.214890994131565, 2431653.707797909155488 ], [ 441386.926479970454238, 2431645.428860967978835 ], [ 441394.877030905918218, 2430354.607774919364601 ], [ 442663.208062789868563, 2430362.888865048065782 ] ] ] } },
{ "type": "Feature", "properties": { "label": 0, "month": "5", "year": "2024" }, "geometry": { "type": "Polygon", "coordinates": [ [ [ 610631.317096312413923, 2378912.558992298319936 ], [ 610617.871927661704831, 2380201.787196757737547 ], [ 609347.828009658376686, 2380188.420079501345754 ], [ 609361.232809887034819, 2378899.196063886396587 ], [ 610631.317096312413923, 2378912.558992298319936 ] ] ] } },
{ "type": "Feature", "properties": { "label": 0, "month": "5", "year": "2024" }, "geometry": { "type": "Polygon", "coordinates": [ [ [ 443795.379610417818185, 2452321.05173509940505 ], [ 443787.400421452417504, 2453612.616326914634556 ], [ 442519.84873788326513, 2453604.333387570921332 ], [ 442527.784285893081687, 2452312.766693308018148 ], [ 443795.379610417818185, 2452321.05173509940505 ] ] ] } },
{ "type": "Feature", "properties": { "label": 0, "month": "5", "year": "2024" }, "geometry": { "type": "Polygon", "coordinates": [ [ [ 605537.718884583911858, 2380148.546522041782737 ], [ 605524.430885780602694, 2381437.799085668288171 ], [ 604254.442302800016478, 2381424.579830467235297 ], [ 604267.689880754449405, 2380135.331262276042253 ], [ 605537.718884583911858, 2380148.546522041782737 ] ] ] } },
{ "type": "Feature", "properties": { "label": 0, "month": "5", "year": "2024" }, "geometry": { "type": "Polygon", "coordinates": [ [ [ 884056.714361545396969, 2215088.711204627528787 ], [ 884036.835783915710635, 2216375.200151119846851 ], [ 882759.990892686415464, 2216355.604056757409126 ], [ 882779.836272166110575, 2215069.129936364013702 ], [ 884056.714361545396969, 2215088.711204627528787 ] ] ] } },
{ "type": "Feature", "properties": { "label": 0, "month": "5", "year": "2024" }, "geometry": { "type": "Polygon", "coordinates": [ [ [ 779638.719557340140454, 2289505.487029005307704 ], [ 779620.802654553903267, 2290792.966079942882061 ], [ 778347.065435170894489, 2290775.325182370375842 ], [ 778364.945889630587772, 2289487.856832066550851 ], [ 779638.719557340140454, 2289505.487029005307704 ] ] ] } },
{ "type": "Feature", "properties": { "label": 0, "month": "5", "year": "2024" }, "geometry": { "type": "Polygon", "coordinates": [ [ [ 442647.225092248932924, 2432944.570205109193921 ], [ 442639.238668629084714, 2434235.476150453556329 ], [ 441371.03567880828632, 2434227.201519323978573 ], [ 441378.979361910372972, 2432936.293421167414635 ], [ 442647.225092248932924, 2432944.570205109193921 ] ] ] } },
{ "type": "Feature", "properties": { "label": 0, "month": "5", "year": "2024" }, "geometry": { "type": "Polygon", "coordinates": [ [ [ 852227.440780555130914, 2119503.362007218413055 ], [ 852209.554143100162037, 2120787.235328215174377 ], [ 850930.789128768490627, 2120769.48040791740641 ], [ 850948.64687550929375, 2119485.620795796159655 ], [ 852227.440780555130914, 2119503.362007218413055 ] ] ] } },
{ "type": "Feature", "properties": { "label": 0, "month": "5", "year": "2024" }, "geometry": { "type": "Polygon", "coordinates": [ [ [ 905211.813469544285908, 2169105.099453724455088 ], [ 905192.041522545390762, 2170390.703327872324735 ], [ 903913.787146776448935, 2170371.157758831046522 ], [ 903933.527936726808548, 2169085.569600217044353 ], [ 905211.813469544285908, 2169105.099453724455088 ] ] ] } },
{ "type": "Feature", "properties": { "label": 0, "month": "5", "year": "2024" }, "geometry": { "type": "Polygon", "coordinates": [ [ [ 601608.993812559754588, 2391713.658491007052362 ], [ 601595.790041030733846, 2393003.269499156158417 ], [ 600326.178508765995502, 2392990.129647861234844 ], [ 600339.341330477967858, 2391700.522482121828943 ], [ 601608.993812559754588, 2391713.658491007052362 ] ] ] } },
{ "type": "Feature", "properties": { "label": 0, "month": "5", "year": "2024" }, "geometry": { "type": "Polygon", "coordinates": [ [ [ 801183.151851986767724, 2297537.071476728189737 ], [ 801164.535493017407134, 2298824.957983813714236 ], [ 799890.8272278921213, 2298806.656300309579819 ], [ 799909.406749517191201, 2297518.781311973929405 ], [ 801183.151851986767724, 2297537.071476728189737 ] ] ] } },
{ "type": "Feature", "properties": { "label": 0, "month": "5", "year": "2024" }, "geometry": { "type": "Polygon", "coordinates": [ [ [ 600365.654811475542374, 2389121.432274193037301 ], [ 600352.500098136486486, 2390410.956711881328374 ], [ 599082.810157226864249, 2390397.862886453513056 ], [ 599095.924041219172068, 2389108.342245081439614 ], [ 600365.654811475542374, 2389121.432274193037301 ] ] ] } },
{ "type": "Feature", "properties": { "label": 0, "month": "5", "year": "2024" }, "geometry": { "type": "Polygon", "coordinates": [ [ [ 592889.08310227910988, 2374861.650583100505173 ], [ 592876.214041618863121, 2376150.702391055878252 ], [ 591606.097859369358048, 2376137.877212587743998 ], [ 591618.926752951228991, 2374848.828922762535512 ], [ 592889.08310227910988, 2374861.650583100505173 ] ] ] } },
{ "type": "Feature", "properties": { "label": 0, "month": "5", "year": "2024" }, "geometry": { "type": "Polygon", "coordinates": [ [ [ 902596.076868267147802, 2172922.878572710324079 ], [ 902576.314529122319072, 2174208.542259701061994 ], [ 901298.186036491766572, 2174189.010496475268155 ], [ 901317.917050537071191, 2172903.362417423631996 ], [ 902596.076868267147802, 2172922.878572710324079 ] ] ] } },
{ "type": "Feature", "properties": { "label": 0, "month": "5", "year": "2024" }, "geometry": { "type": "Polygon", "coordinates": [ [ [ 802456.908658137428574, 2297555.396709143649787 ], [ 802438.255459558800794, 2298843.29478384880349 ], [ 801164.535493017407134, 2298824.957983813714236 ], [ 801183.151851986767724, 2297537.071476728189737 ], [ 802456.908658137428574, 2297555.396709143649787 ] ] ] } },
{ "type": "Feature", "properties": { "label": 0, "month": "5", "year": "2024" }, "geometry": { "type": "Polygon", "coordinates": [ [ [ 790975.192641074070707, 2298679.527582098264247 ], [ 790956.858130837092176, 2299967.359882180113345 ], [ 789683.278481978690252, 2299949.327921203803271 ], [ 789701.576114231254905, 2298661.506746747996658 ], [ 790975.192641074070707, 2298679.527582098264247 ] ] ] } },
{ "type": "Feature", "properties": { "label": 0, "month": "5", "year": "2024" }, "geometry": { "type": "Polygon", "coordinates": [ [ [ 801164.535493017407134, 2298824.957983813714236 ], [ 801145.905878183199093, 2300112.881047793664038 ], [ 799872.234509016387165, 2300094.567847775295377 ], [ 799890.8272278921213, 2298806.656300309579819 ], [ 801164.535493017407134, 2298824.957983813714236 ] ] ] } },
{ "type": "Feature", "properties": { "label": 0, "month": "5", "year": "2024" }, "geometry": { "type": "Polygon", "coordinates": [ [ [ 606821.075608188519254, 2378872.583961519878358 ], [ 606807.751539654796943, 2380161.799743765965104 ], [ 605537.718884583911858, 2380148.546522041782737 ], [ 605551.002589834621176, 2378859.334784328937531 ], [ 606821.075608188519254, 2378872.583961519878358 ] ] ] } },
{ "type": "Feature", "properties": { "label": 0, "month": "5", "year": "2024" }, "geometry": { "type": "Polygon", "coordinates": [ [ [ 869972.836435911362059, 2217447.767685268074274 ], [ 869953.290488526923582, 2218734.161377364769578 ], [ 868676.675800934899598, 2218714.88936678878963 ], [ 868696.188459891011007, 2217428.509950713254511 ], [ 869972.836435911362059, 2217447.767685268074274 ] ] ] } },
{ "type": "Feature", "properties": { "label": 0, "month": "5", "year": "2024" }, "geometry": { "type": "Polygon", "coordinates": [ [ [ 869800.356873392593116, 2142872.338985172566026 ], [ 869781.77742358064279, 2144156.925842975266278 ], [ 868503.342049133265391, 2144138.51517286663875 ], [ 868521.891551348846406, 2142853.942682626191527 ], [ 869800.356873392593116, 2142872.338985172566026 ] ] ] } },
{ "type": "Feature", "properties": { "label": 0, "month": "5", "year": "2024" }, "geometry": { "type": "Polygon", "coordinates": [ [ [ 718297.900430799927562, 2305432.495890145655721 ], [ 718281.607807968277484, 2306719.993329308461398 ], [ 717008.807147187297232, 2306703.911045388318598 ], [ 717025.062661338131875, 2305416.421940225642174 ], [ 718297.900430799927562, 2305432.495890145655721 ] ] ] } },
{ "type": "Feature", "properties": { "label": 0, "month": "5", "year": "2024" }, "geometry": { "type": "Polygon", "coordinates": [ [ [ 882759.990892686415464, 2216355.604056757409126 ], [ 882740.128724524751306, 2217642.110675510019064 ], [ 881463.332229649182409, 2217622.531877608038485 ], [ 881483.161144072189927, 2216336.040032792836428 ], [ 882759.990892686415464, 2216355.604056757409126 ] ] ] } },
{ "type": "Feature", "properties": { "label": 0, "month": "5", "year": "2024" }, "geometry": { "type": "Polygon", "coordinates": [ [ [ 801238.921411616494879, 2293673.630687936209142 ], [ 801220.344809500267729, 2294961.407889663707465 ], [ 799946.526208122260869, 2294943.140769083052874 ], [ 799965.066148651298136, 2293655.375092781614512 ], [ 801238.921411616494879, 2293673.630687936209142 ] ] ] } },
{ "type": "Feature", "properties": { "label": 0, "month": "5", "year": "2024" }, "geometry": { "type": "Polygon", "coordinates": [ [ [ 452776.433722684625536, 2435594.042410943191499 ], [ 452768.111132940917742, 2436885.020121701061726 ], [ 451500.016314957290888, 2436876.430098177865148 ], [ 451508.296035377599765, 2435585.450616567395627 ], [ 452776.433722684625536, 2435594.042410943191499 ] ] ] } },
{ "type": "Feature", "properties": { "label": 0, "month": "5", "year": "2024" }, "geometry": { "type": "Polygon", "coordinates": [ [ [ 895750.127326485933736, 2202401.91078625433147 ], [ 895730.123400796670467, 2203688.213933079037815 ], [ 894452.810277950484306, 2203668.481934804003686 ], [ 894472.781563180149533, 2202382.194086788222194 ], [ 895750.127326485933736, 2202401.91078625433147 ] ] ] } },
{ "type": "Feature", "properties": { "label": 0, "month": "5", "year": "2024" }, "geometry": { "type": "Polygon", "coordinates": [ [ [ 719603.3774363999255, 2302873.704550774302334 ], [ 719587.066730734077282, 2304161.136334739625454 ], [ 718314.1835977997398, 2304145.035502223763615 ], [ 718330.457309895427898, 2302857.612104360945523 ], [ 719603.3774363999255, 2302873.704550774302334 ] ] ] } },
{ "type": "Feature", "properties": { "label": 0, "month": "5", "year": "2024" }, "geometry": { "type": "Polygon", "coordinates": [ [ [ 895770.113912030123174, 2201115.639460928272456 ], [ 895750.127326485933736, 2202401.91078625433147 ], [ 894472.781563180149533, 2202382.194086788222194 ], [ 894492.735566084855236, 2201095.93806289229542 ], [ 895770.113912030123174, 2201115.639460928272456 ] ] ] } },
{ "type": "Feature", "properties": { "label": 0, "month": "5", "year": "2024" }, "geometry": { "type": "Polygon", "coordinates": [ [ [ 856045.933347559068352, 2120840.670058529358357 ], [ 856027.944663478410803, 2122124.613025809172541 ], [ 854749.166469664196484, 2122106.759261859115213 ], [ 854767.126199879683554, 2120822.830151343718171 ], [ 856045.933347559068352, 2120840.670058529358357 ] ] ] } },
{ "type": "Feature", "properties": { "label": 0, "month": "5", "year": "2024" }, "geometry": { "type": "Polygon", "coordinates": [ [ [ 905192.041522545390762, 2170390.703327872324735 ], [ 905172.251895013730973, 2171676.337536294013262 ], [ 903894.028733827406541, 2171656.776254340540618 ], [ 903913.787146776448935, 2170371.157758831046522 ], [ 905192.041522545390762, 2170390.703327872324735 ] ] ] } },
{ "type": "Feature", "properties": { "label": 0, "month": "5", "year": "2024" }, "geometry": { "type": "Polygon", "coordinates": [ [ [ 890581.166437106439844, 2206182.055741891264915 ], [ 890561.241717689670622, 2207468.393841814715415 ], [ 889284.089073500828817, 2207448.742930788546801 ], [ 889303.980988303315826, 2206162.419923177920282 ], [ 890581.166437106439844, 2206182.055741891264915 ] ] ] } },
{ "type": "Feature", "properties": { "label": 0, "month": "5", "year": "2024" }, "geometry": { "type": "Polygon", "coordinates": [ [ [ 608051.0457943524234, 2382753.653213212266564 ], [ 608037.668125097174197, 2384042.995748016983271 ], [ 606767.753217917284928, 2384029.692290910985321 ], [ 606781.090344320400618, 2382740.353845701552927 ], [ 608051.0457943524234, 2382753.653213212266564 ] ] ] } },
{ "type": "Feature", "properties": { "label": 0, "month": "5", "year": "2024" }, "geometry": { "type": "Polygon", "coordinates": [ [ [ 835269.006416314281523, 2143670.099856257904321 ], [ 835251.220324754016474, 2144954.345611860975623 ], [ 833973.191668056882918, 2144936.711036331951618 ], [ 833990.947811698773876, 2143652.478298531379551 ], [ 835269.006416314281523, 2143670.099856257904321 ] ] ] } },
{ "type": "Feature", "properties": { "label": 0, "month": "5", "year": "2024" }, "geometry": { "type": "Polygon", "coordinates": [ [ [ 894432.821707875118591, 2204954.801665977109224 ], [ 894412.815850437385961, 2206241.153339387848973 ], [ 893135.583815677557141, 2206221.422447495162487 ], [ 893155.556919323513284, 2204935.086017962079495 ], [ 894432.821707875118591, 2204954.801665977109224 ] ] ] } },
{ "type": "Feature", "properties": { "label": 0, "month": "5", "year": "2024" }, "geometry": { "type": "Polygon", "coordinates": [ [ [ 857234.512214215705171, 2127278.60599788883701 ], [ 857216.417448942898773, 2128562.70482557779178 ], [ 855937.770742205902934, 2128544.753178074490279 ], [ 855955.836266496800818, 2127260.668245909269899 ], [ 857234.512214215705171, 2127278.60599788883701 ] ] ] } },
{ "type": "Feature", "properties": { "label": 0, "month": "5", "year": "2024" }, "geometry": { "type": "Polygon", "coordinates": [ [ [ 892017.409512207261287, 2195912.044589878525585 ], [ 891997.589309447561391, 2197198.143432477489114 ], [ 890720.160354908322915, 2197178.581992049235851 ], [ 890739.948213169234805, 2195892.498312283772975 ], [ 892017.409512207261287, 2195912.044589878525585 ] ] ] } },
{ "type": "Feature", "properties": { "label": 0, "month": "5", "year": "2024" }, "geometry": { "type": "Polygon", "coordinates": [ [ [ 808807.032634889241308, 2298935.505614652298391 ], [ 808788.181596606969833, 2300223.498804085887969 ], [ 807514.439251990988851, 2300204.974576180335134 ], [ 807533.253380667534657, 2298916.99319651722908 ], [ 808807.032634889241308, 2298935.505614652298391 ] ] ] } },
{ "type": "Feature", "properties": { "label": 0, "month": "5", "year": "2024" }, "geometry": { "type": "Polygon", "coordinates": [ [ [ 902217.584977289661765, 2197355.763525913003832 ], [ 902197.488315723370761, 2198642.017032964155078 ], [ 900919.965951501391828, 2198622.189218060579151 ], [ 900940.030192119069397, 2197335.951268863864243 ], [ 902217.584977289661765, 2197355.763525913003832 ] ] ] } },
{ "type": "Feature", "properties": { "label": 0, "month": "5", "year": "2024" }, "geometry": { "type": "Polygon", "coordinates": [ [ [ 868735.165318400366232, 2214855.848816364537925 ], [ 868715.684964947984554, 2216142.163120351731777 ], [ 867439.018324280856177, 2216122.951707605738193 ], [ 867458.465507421875373, 2214836.651635125279427 ], [ 868735.165318400366232, 2214855.848816364537925 ] ] ] } },
{ "type": "Feature", "properties": { "label": 0, "month": "5", "year": "2024" }, "geometry": { "type": "Polygon", "coordinates": [ [ [ 889403.184734551003203, 2199731.283880548086017 ], [ 889383.378087437711656, 2201017.447419889271259 ], [ 888106.077431505545974, 2200997.903483985923231 ], [ 888125.851565440418199, 2199711.75500032491982 ], [ 889403.184734551003203, 2199731.283880548086017 ] ] ] } },
{ "type": "Feature", "properties": { "label": 0, "month": "5", "year": "2024" }, "geometry": { "type": "Polygon", "coordinates": [ [ [ 888224.467458699713461, 2193281.487189576029778 ], [ 888204.778242094675079, 2194567.477667237166315 ], [ 886927.330990019487217, 2194548.040272131562233 ], [ 886946.987984541687183, 2193262.064813361968845 ], [ 888224.467458699713461, 2193281.487189576029778 ] ] ] } },
{ "type": "Feature", "properties": { "label": 0, "month": "5", "year": "2024" }, "geometry": { "type": "Polygon", "coordinates": [ [ [ 842900.98883383651264, 2235058.548375287093222 ], [ 842881.931301301927306, 2236345.115793047938496 ], [ 841606.082851284183562, 2236326.333197611849755 ], [ 841625.106331695569679, 2235039.778983452823013 ], [ 842900.98883383651264, 2235058.548375287093222 ] ] ] } },
{ "type": "Feature", "properties": { "label": 0, "month": "5", "year": "2024" }, "geometry": { "type": "Polygon", "coordinates": [ [ [ 901040.088028851198032, 2190905.23396975081414 ], [ 901020.111568483174779, 2192191.314632955007255 ], [ 899742.443599313264713, 2192171.595795823726803 ], [ 899762.387929877266288, 2190885.53065400570631 ], [ 901040.088028851198032, 2190905.23396975081414 ] ] ] } },
{ "type": "Feature", "properties": { "label": 0, "month": "5", "year": "2024" }, "geometry": { "type": "Polygon", "coordinates": [ [ [ 864797.009600731311366, 2135092.361811845097691 ], [ 864778.644674541777931, 2136376.717236456461251 ], [ 863500.088759428355843, 2136358.508616553619504 ], [ 863518.424089543987066, 2135074.167373683769256 ], [ 864797.009600731311366, 2135092.361811845097691 ] ] ] } },
{ "type": "Feature", "properties": { "label": 0, "month": "5", "year": "2024" }, "geometry": { "type": "Polygon", "coordinates": [ [ [ 441307.610122694750316, 2444556.041338387411088 ], [ 441299.697448083607014, 2445847.344154489692301 ], [ 440031.878765412315261, 2445839.129182601813227 ], [ 440039.748161421972327, 2444547.824167685117573 ], [ 441307.610122694750316, 2444556.041338387411088 ] ] ] } },
{ "type": "Feature", "properties": { "label": 0, "month": "5", "year": "2024" }, "geometry": { "type": "Polygon", "coordinates": [ [ [ 748745.353627993608825, 2313555.685182839166373 ], [ 748728.104585846420377, 2314843.62058367440477 ], [ 747455.31435774511192, 2314826.63317349832505 ], [ 747472.525889884214848, 2313538.707264438271523 ], [ 748745.353627993608825, 2313555.685182839166373 ] ] ] } },
{ "type": "Feature", "properties": { "label": 0, "month": "5", "year": "2024" }, "geometry": { "type": "Polygon", "coordinates": [ [ [ 613212.04713353223633, 2375071.932723678182811 ], [ 613198.535171236377209, 2376361.047367118299007 ], [ 611928.362549093784764, 2376347.617169721517712 ], [ 611941.83431726123672, 2375058.5068144868128 ], [ 613212.04713353223633, 2375071.932723678182811 ] ] ] } },
{ "type": "Feature", "properties": { "label": 0, "month": "5", "year": "2024" }, "geometry": { "type": "Polygon", "coordinates": [ [ [ 858348.469870595610701, 2226280.160184917040169 ], [ 858329.113539826590568, 2227566.657077430281788 ], [ 857052.862513789674267, 2227547.577515449374914 ], [ 857072.185171161545441, 2226261.094436237122864 ], [ 858348.469870595610701, 2226280.160184917040169 ] ] ] } },
{ "type": "Feature", "properties": { "label": 0, "month": "5", "year": "2024" }, "geometry": { "type": "Polygon", "coordinates": [ [ [ 786971.570100071141496, 2311505.217267074156553 ], [ 786953.22001373663079, 2312793.385502895340323 ], [ 785680.04584019666072, 2312775.349295671097934 ], [ 785698.35846859391313, 2311487.192017421126366 ], [ 786971.570100071141496, 2311505.217267074156553 ] ] ] } },
{ "type": "Feature", "properties": { "label": 0, "month": "5", "year": "2024" }, "geometry": { "type": "Polygon", "coordinates": [ [ [ 443931.536106762068812, 2430371.20967575116083 ], [ 443923.50031298212707, 2431662.026503178291023 ], [ 442655.214890994131565, 2431653.707797909155488 ], [ 442663.208062789868563, 2430362.888865048065782 ], [ 443931.536106762068812, 2430371.20967575116083 ] ] ] } },
{ "type": "Feature", "properties": { "label": 0, "month": "5", "year": "2024" }, "geometry": { "type": "Polygon", "coordinates": [ [ [ 900039.773189558065496, 2172883.876676949672401 ], [ 900020.07349832134787, 2174169.509197913575917 ], [ 898741.97686200379394, 2174150.038361554034054 ], [ 898761.64523272565566, 2172864.421348821371794 ], [ 900039.773189558065496, 2172883.876676949672401 ] ] ] } },
{ "type": "Feature", "properties": { "label": 0, "month": "5", "year": "2024" }, "geometry": { "type": "Polygon", "coordinates": [ [ [ 602891.890326230670325, 2390437.259384553879499 ], [ 602878.649776031263173, 2391726.832889584824443 ], [ 601608.993812559754588, 2391713.658491007052362 ], [ 601622.193470638943836, 2390424.088877384550869 ], [ 602891.890326230670325, 2390437.259384553879499 ] ] ] } },
{ "type": "Feature", "properties": { "label": 0, "month": "5", "year": "2024" }, "geometry": { "type": "Polygon", "coordinates": [ [ [ 898524.475812634453177, 2188293.85290634771809 ], [ 898504.598472892772406, 2189579.840063591487706 ], [ 897226.897997606778517, 2189560.214389151893556 ], [ 897246.743327617645264, 2188274.242659042589366 ], [ 898524.475812634453177, 2188293.85290634771809 ] ] ] } },
{ "type": "Feature", "properties": { "label": 0, "month": "5", "year": "2024" }, "geometry": { "type": "Polygon", "coordinates": [ [ [ 794685.244692404288799, 2306461.547158461995423 ], [ 794666.721721525071189, 2307749.633816906251013 ], [ 793393.330607261043042, 2307731.428821706678718 ], [ 793411.816341556143016, 2306443.353422270622104 ], [ 794685.244692404288799, 2306461.547158461995423 ] ] ] } },
{ "type": "Feature", "properties": { "label": 0, "month": "5", "year": "2024" }, "geometry": { "type": "Polygon", "coordinates": [ [ [ 888106.077431505545974, 2200997.903483985923231 ], [ 888086.286306763300672, 2202284.083745803218335 ], [ 886809.033599964692257, 2202264.556291460990906 ], [ 886828.792156054172665, 2200978.391033068764955 ], [ 888106.077431505545974, 2200997.903483985923231 ] ] ] } },
{ "type": "Feature", "properties": { "label": 0, "month": "5", "year": "2024" }, "geometry": { "type": "Polygon", "coordinates": [ [ [ 757672.918336895992979, 2312387.561950965318829 ], [ 757655.417945518973283, 2313675.527796021196991 ], [ 756382.522306361119263, 2313658.300566285848618 ], [ 756399.985231501981616, 2312370.344555831048638 ], [ 757672.918336895992979, 2312387.561950965318829 ] ] ] } },
{ "type": "Feature", "properties": { "label": 0, "month": "5", "year": "2024" }, "geometry": { "type": "Polygon", "coordinates": [ [ [ 823449.512072080164216, 2166631.445926990825683 ], [ 823431.743697703815997, 2167916.114024886395782 ], [ 822154.380612326553091, 2167898.516698124352843 ], [ 822172.118027014657855, 2166613.86113110370934 ], [ 823449.512072080164216, 2166631.445926990825683 ] ] ] } },
{ "type": "Feature", "properties": { "label": 0, "month": "5", "year": "2024" }, "geometry": { "type": "Polygon", "coordinates": [ [ [ 610698.474974347511306, 2372467.028103296644986 ], [ 610685.052461299230345, 2373756.053138827439398 ], [ 609414.807293653022498, 2373742.70697610732168 ], [ 609428.189734438434243, 2372453.686134567018598 ], [ 610698.474974347511306, 2372467.028103296644986 ] ] ] } },
{ "type": "Feature", "properties": { "label": 0, "month": "5", "year": "2024" }, "geometry": { "type": "Polygon", "coordinates": [ [ [ 868540.425085732480511, 2141569.399374372791499 ], [ 868521.891551348846406, 2142853.942682626191527 ], [ 867243.440869327052496, 2142835.575585666112602 ], [ 867261.944515455048531, 2141551.046597396489233 ], [ 868540.425085732480511, 2141569.399374372791499 ] ] ] } },
{ "type": "Feature", "properties": { "label": 0, "month": "5", "year": "2024" }, "geometry": { "type": "Polygon", "coordinates": [ [ [ 897814.711960949702188, 2150994.383746694773436 ], [ 897795.369359495816752, 2152279.475309614557773 ], [ 896516.779815437970683, 2152260.327684266492724 ], [ 896536.092077510431409, 2150975.251573360990733 ], [ 897814.711960949702188, 2150994.383746694773436 ] ] ] } },
{ "type": "Feature", "properties": { "label": 0, "month": "5", "year": "2024" }, "geometry": { "type": "Polygon", "coordinates": [ [ [ 903913.787146776448935, 2170371.157758831046522 ], [ 903894.028733827406541, 2171656.776254340540618 ], [ 902615.821636906359345, 2171637.24534222856164 ], [ 902635.548837562324479, 2170351.642509751021862 ], [ 903913.787146776448935, 2170371.157758831046522 ] ] ] } },
{ "type": "Feature", "properties": { "label": 0, "month": "5", "year": "2024" }, "geometry": { "type": "Polygon", "coordinates": [ [ [ 893155.556919323513284, 2204935.086017962079495 ], [ 893135.583815677557141, 2206221.422447495162487 ], [ 891858.367362067103386, 2206201.723249160684645 ], [ 891878.30771426379215, 2204915.402013852726668 ], [ 893155.556919323513284, 2204935.086017962079495 ] ] ] } },
{ "type": "Feature", "properties": { "label": 0, "month": "5", "year": "2024" }, "geometry": { "type": "Polygon", "coordinates": [ [ [ 862196.850433166022412, 2225051.046343947760761 ], [ 862177.408948518335819, 2226337.551958889700472 ], [ 860901.081706907134503, 2226318.388943808153272 ], [ 860920.489569245371968, 2225031.897292989771813 ], [ 862196.850433166022412, 2225051.046343947760761 ] ] ] } },
{ "type": "Feature", "properties": { "label": 0, "month": "5", "year": "2024" }, "geometry": { "type": "Polygon", "coordinates": [ [ [ 798617.130612149718218, 2298788.389730989933014 ], [ 798598.574786970857531, 2300076.289810813963413 ], [ 797324.926660018623807, 2300058.046934564597905 ], [ 797343.44559375627432, 2298770.158273519016802 ], [ 798617.130612149718218, 2298788.389730989933014 ] ] ] } },
{ "type": "Feature", "properties": { "label": 0, "month": "5", "year": "2024" }, "geometry": { "type": "Polygon", "coordinates": [ [ [ 615847.497695515165105, 2366076.166700807400048 ], [ 615833.938719120342284, 2367365.00741057144478 ], [ 614563.477974180364981, 2367351.532270522788167 ], [ 614576.997167244553566, 2366062.695952676236629 ], [ 615847.497695515165105, 2366076.166700807400048 ] ] ] } },
{ "type": "Feature", "properties": { "label": 0, "month": "5", "year": "2024" }, "geometry": { "type": "Polygon", "coordinates": [ [ [ 887432.920608165673912, 2161122.739323784597218 ], [ 887413.68585486675147, 2162407.946725479327142 ], [ 886135.465734081109986, 2162388.915556545369327 ], [ 886154.669706797576509, 2161103.723187286406755 ], [ 887432.920608165673912, 2161122.739323784597218 ] ] ] } },
{ "type": "Feature", "properties": { "label": 0, "month": "5", "year": "2024" }, "geometry": { "type": "Polygon", "coordinates": [ [ [ 789499.601726653054357, 2312829.564803184010088 ], [ 789481.163970762165263, 2314117.792348840739578 ], [ 788208.005057171103545, 2314099.673830691725016 ], [ 788226.405291899573058, 2312811.457337958272547 ], [ 789499.601726653054357, 2312829.564803184010088 ] ] ] } },
{ "type": "Feature", "properties": { "label": 0, "month": "5", "year": "2024" }, "geometry": { "type": "Polygon", "coordinates": [ [ [ 886729.829996624030173, 2207409.536313355434686 ], [ 886709.98673880356364, 2208695.861361334566027 ], [ 885432.913056612480432, 2208676.290709118824452 ], [ 885452.723458967870101, 2207389.980601962655783 ], [ 886729.829996624030173, 2207409.536313355434686 ] ] ] } },
{ "type": "Feature", "properties": { "label": 0, "month": "5", "year": "2024" }, "geometry": { "type": "Polygon", "coordinates": [ [ [ 447646.875182277115528, 2444597.730874414555728 ], [ 447638.746097885014024, 2445889.023411020170897 ], [ 446370.942165455315262, 2445880.606970633845776 ], [ 446379.027965639426839, 2444589.31247339444235 ], [ 447646.875182277115528, 2444597.730874414555728 ] ] ] } },
{ "type": "Feature", "properties": { "label": 0, "month": "5", "year": "2024" }, "geometry": { "type": "Polygon", "coordinates": [ [ [ 748658.999696381855756, 2319995.737165058497339 ], [ 748641.696287433383986, 2321283.860361691564322 ], [ 747369.094490198185667, 2321266.825521341525018 ], [ 747386.360095487558283, 2319978.711806915234774 ], [ 748658.999696381855756, 2319995.737165058497339 ] ] ] } },
{ "type": "Feature", "properties": { "label": 0, "month": "5", "year": "2024" }, "geometry": { "type": "Polygon", "coordinates": [ [ [ 790956.858130837092176, 2299967.359882180113345 ], [ 790938.510831885272637, 2301255.228817719966173 ], [ 789664.9681196246529, 2301237.185733287129551 ], [ 789683.278481978690252, 2299949.327921203803271 ], [ 790956.858130837092176, 2299967.359882180113345 ] ] ] } },
{ "type": "Feature", "properties": { "label": 0, "month": "5", "year": "2024" }, "geometry": { "type": "Polygon", "coordinates": [ [ [ 804948.236638874863274, 2301456.026167540811002 ], [ 804929.469453634344973, 2302744.057357395999134 ], [ 803655.836812348570675, 2302725.615334593225271 ], [ 803674.566977546084672, 2301437.595803349744529 ], [ 804948.236638874863274, 2301456.026167540811002 ] ] ] } },
{ "type": "Feature", "properties": { "label": 0, "month": "5", "year": "2024" }, "geometry": { "type": "Polygon", "coordinates": [ [ [ 440024.012885223433841, 2447130.47837496874854 ], [ 440016.150522962794639, 2448421.871808888856322 ], [ 438748.415471350133885, 2448413.701620483305305 ], [ 438756.234436132537667, 2447122.305940518155694 ], [ 440024.012885223433841, 2447130.47837496874854 ] ] ] } },
{ "type": "Feature", "properties": { "label": 0, "month": "5", "year": "2024" }, "geometry": { "type": "Polygon", "coordinates": [ [ [ 441386.926479970454238, 2431645.428860967978835 ], [ 441378.979361910372972, 2432936.293421167414635 ], [ 440110.730590083985589, 2432928.056452434509993 ], [ 440118.635028576187324, 2431637.189691504929215 ], [ 441386.926479970454238, 2431645.428860967978835 ] ] ] } },
{ "type": "Feature", "properties": { "label": 0, "month": "5", "year": "2024" }, "geometry": { "type": "Polygon", "coordinates": [ [ [ 908987.117149525438435, 2173020.915657110977918 ], [ 908967.198150398442522, 2174306.658131807576865 ], [ 907688.989096353761852, 2174286.974008371587843 ], [ 907708.876758872764185, 2173001.247390956152231 ], [ 908987.117149525438435, 2173020.915657110977918 ] ] ] } },
{ "type": "Feature", "properties": { "label": 0, "month": "5", "year": "2024" }, "geometry": { "type": "Polygon", "coordinates": [ [ [ 831310.695778021588922, 2152607.389407380484045 ], [ 831292.899290494970046, 2153891.803029123693705 ], [ 830015.121319317724556, 2153874.166165952570736 ], [ 830032.887464819708839, 2152589.765397340524942 ], [ 831310.695778021588922, 2152607.389407380484045 ] ] ] } },
{ "type": "Feature", "properties": { "label": 0, "month": "5", "year": "2024" }, "geometry": { "type": "Polygon", "coordinates": [ [ [ 908044.24559396551922, 2151148.505455566570163 ], [ 908024.660196876968257, 2152433.722433825954795 ], [ 906745.942498025717214, 2152414.337870181072503 ], [ 906765.497537794988602, 2151129.13674380350858 ], [ 908044.24559396551922, 2151148.505455566570163 ] ] ] } },
{ "type": "Feature", "properties": { "label": 0, "month": "5", "year": "2024" }, "geometry": { "type": "Polygon", "coordinates": [ [ [ 889482.240886218729429, 2194586.946298894938082 ], [ 889462.502408908098005, 2195872.983325888868421 ], [ 888185.072046905406751, 2195853.499628205783665 ], [ 888204.778242094675079, 2194567.477667237166315 ], [ 889482.240886218729429, 2194586.946298894938082 ] ] ] } },
{ "type": "Feature", "properties": { "label": 0, "month": "5", "year": "2024" }, "geometry": { "type": "Polygon", "coordinates": [ [ [ 790920.15074253664352, 2302543.134449685458094 ], [ 790901.777861098526046, 2303831.076839068438858 ], [ 789628.309197906637564, 2303813.011514234822243 ], [ 789646.645025493577123, 2302525.080243961885571 ], [ 790920.15074253664352, 2302543.134449685458094 ] ] ] } },
{ "type": "Feature", "properties": { "label": 0, "month": "5", "year": "2024" }, "geometry": { "type": "Polygon", "coordinates": [ [ [ 863573.335728595964611, 2131221.316470223944634 ], [ 863555.047572062932886, 2132505.571358523797244 ], [ 862276.417486679973081, 2132487.434087585657835 ], [ 862294.676220572087914, 2131203.193337977398187 ], [ 863573.335728595964611, 2131221.316470223944634 ] ] ] } },
{ "type": "Feature", "properties": { "label": 0, "month": "5", "year": "2024" }, "geometry": { "type": "Polygon", "coordinates": [ [ [ 749966.298457855125889, 2317436.64589950023219 ], [ 749948.979111161781475, 2318724.703328439034522 ], [ 748676.29222942260094, 2318707.651650326326489 ], [ 748693.573887832695618, 2317419.603756085969508 ], [ 749966.298457855125889, 2317436.64589950023219 ] ] ] } },
{ "type": "Feature", "properties": { "label": 0, "month": "5", "year": "2024" }, "geometry": { "type": "Polygon", "coordinates": [ [ [ 602852.156157331657596, 2394306.104143263306469 ], [ 602838.903089304221794, 2395595.802017913199961 ], [ 601569.370158629724756, 2395582.615951011888683 ], [ 601582.582156304968521, 2394292.921964827459306 ], [ 602852.156157331657596, 2394306.104143263306469 ] ] ] } },
{ "type": "Feature", "properties": { "label": 0, "month": "5", "year": "2024" }, "geometry": { "type": "Polygon", "coordinates": [ [ [ 902753.54325461667031, 2162638.660598496440798 ], [ 902733.921409099479206, 2163924.082270698156208 ], [ 901455.543926518177614, 2163904.675443904474378 ], [ 901475.134907028637826, 2162619.269400439690799 ], [ 902753.54325461667031, 2162638.660598496440798 ] ] ] } },
{ "type": "Feature", "properties": { "label": 0, "month": "5", "year": "2024" }, "geometry": { "type": "Polygon", "coordinates": [ [ [ 891306.369039495941252, 2158609.551584649365395 ], [ 891287.075990741373971, 2159894.744534196332097 ], [ 890008.748006370617077, 2159875.653757103718817 ], [ 890028.010382671607658, 2158590.475994708016515 ], [ 891306.369039495941252, 2158609.551584649365395 ] ] ] } },
{ "type": "Feature", "properties": { "label": 0, "month": "5", "year": "2024" }, "geometry": { "type": "Polygon", "coordinates": [ [ [ 837797.539208381203935, 2234983.667203758843243 ], [ 837778.617870753165334, 2236270.182103201746941 ], [ 836502.822826094459742, 2236251.530627761036158 ], [ 836521.710120641160756, 2234965.028734537307173 ], [ 837797.539208381203935, 2234983.667203758843243 ] ] ] } },
{ "type": "Feature", "properties": { "label": 0, "month": "5", "year": "2024" }, "geometry": { "type": "Polygon", "coordinates": [ [ [ 891938.025750760338269, 2201056.62975654238835 ], [ 891918.136906115920283, 2202342.855326596647501 ], [ 890640.837907338514924, 2202323.233260883949697 ], [ 890660.694176353979856, 2201037.022843250073493 ], [ 891938.025750760338269, 2201056.62975654238835 ] ] ] } },
{ "type": "Feature", "properties": { "label": 0, "month": "5", "year": "2024" }, "geometry": { "type": "Polygon", "coordinates": [ [ [ 899762.387929877266288, 2190885.53065400570631 ], [ 899742.443599313264713, 2192171.595795823726803 ], [ 898464.791499655228108, 2192151.908118079882115 ], [ 898484.70370274153538, 2190865.858447896316648 ], [ 899762.387929877266288, 2190885.53065400570631 ] ] ] } },
{ "type": "Feature", "properties": { "label": 0, "month": "5", "year": "2024" }, "geometry": { "type": "Polygon", "coordinates": [ [ [ 432409.691826977184974, 2448373.456446767784655 ], [ 432402.093713288020808, 2449664.908375567290932 ], [ 431134.382399171998259, 2449656.983020400628448 ], [ 431141.937061901029665, 2448365.528560101985931 ], [ 432409.691826977184974, 2448373.456446767784655 ] ] ] } },
{ "type": "Feature", "properties": { "label": 0, "month": "5", "year": "2024" }, "geometry": { "type": "Polygon", "coordinates": [ [ [ 889931.528765050461516, 2165016.664367835503072 ], [ 889912.18150880583562, 2166301.992202758323401 ], [ 888634.02324273227714, 2166282.855671361554414 ], [ 888653.339541616733186, 2164997.542961112223566 ], [ 889931.528765050461516, 2165016.664367835503072 ] ] ] } },
{ "type": "Feature", "properties": { "label": 0, "month": "5", "year": "2024" }, "geometry": { "type": "Polygon", "coordinates": [ [ [ 890028.010382671607658, 2158590.475994708016515 ], [ 890008.748006370617077, 2159875.653757103718817 ], [ 888730.435527888592333, 2159856.592874229419976 ], [ 888749.667233965243213, 2158571.430249074939638 ], [ 890028.010382671607658, 2158590.475994708016515 ] ] ] } },
{ "type": "Feature", "properties": { "label": 0, "month": "5", "year": "2024" }, "geometry": { "type": "Polygon", "coordinates": [ [ [ 452793.087601231411099, 2433012.217926447279751 ], [ 452784.759212763980031, 2434303.10836715111509 ], [ 451516.578716003801674, 2434294.514801813289523 ], [ 451524.864354865043424, 2433003.622590044513345 ], [ 452793.087601231411099, 2433012.217926447279751 ] ] ] } },
{ "type": "Feature", "properties": { "label": 0, "month": "5", "year": "2024" }, "geometry": { "type": "Polygon", "coordinates": [ [ [ 789664.9681196246529, 2301237.185733287129551 ], [ 789646.645025493577123, 2302525.080243961885571 ], [ 788373.150534946238622, 2302507.061280353926122 ], [ 788391.436636091675609, 2301219.177842122968286 ], [ 789664.9681196246529, 2301237.185733287129551 ] ] ] } },
{ "type": "Feature", "properties": { "label": 0, "month": "5", "year": "2024" }, "geometry": { "type": "Polygon", "coordinates": [ [ [ 609441.567702813306823, 2371164.705739982426167 ], [ 609428.189734438434243, 2372453.686134567018598 ], [ 608157.908310670289211, 2372440.381843867711723 ], [ 608171.246267689741217, 2371151.405596140772104 ], [ 609441.567702813306823, 2371164.705739982426167 ] ] ] } },
{ "type": "Feature", "properties": { "label": 0, "month": "5", "year": "2024" }, "geometry": { "type": "Polygon", "coordinates": [ [ [ 871300.895882412558421, 2127477.808410588186234 ], [ 871282.479328133282252, 2128762.063390126917511 ], [ 870003.673639150336385, 2128743.796628126874566 ], [ 870022.060929360683076, 2127459.556094342377037 ], [ 871300.895882412558421, 2127477.808410588186234 ] ] ] } },
{ "type": "Feature", "properties": { "label": 0, "month": "5", "year": "2024" }, "geometry": { "type": "Polygon", "coordinates": [ [ [ 852155.803075687261298, 2124639.024879245087504 ], [ 852137.855661743786186, 2125923.01145179476589 ], [ 850859.206780023872852, 2125905.201718211174011 ], [ 850877.125075326301157, 2124621.228845648001879 ], [ 852155.803075687261298, 2124639.024879245087504 ] ] ] } },
{ "type": "Feature", "properties": { "label": 0, "month": "5", "year": "2024" }, "geometry": { "type": "Polygon", "coordinates": [ [ [ 860997.801795290317386, 2132469.32561118202284 ], [ 860979.556873658089899, 2133753.581003559753299 ], [ 859700.984999175649136, 2133735.487283057067543 ], [ 859719.200445282855071, 2132451.245927084702998 ], [ 860997.801795290317386, 2132469.32561118202284 ] ] ] } },
{ "type": "Feature", "properties": { "label": 0, "month": "5", "year": "2024" }, "geometry": { "type": "Polygon", "coordinates": [ [ [ 618429.397373046493158, 2362236.912132528610528 ], [ 618415.773486498277634, 2363525.641576877329499 ], [ 617145.185345147969201, 2363512.104916381649673 ], [ 617158.769622234278359, 2362223.379963572602719 ], [ 618429.397373046493158, 2362236.912132528610528 ] ] ] } },
{ "type": "Feature", "properties": { "label": 0, "month": "5", "year": "2024" }, "geometry": { "type": "Polygon", "coordinates": [ [ [ 789518.026735591469333, 2311541.374505927786231 ], [ 789499.601726653054357, 2312829.564803184010088 ], [ 788226.405291899573058, 2312811.457337958272547 ], [ 788244.792838410707191, 2311523.278095802292228 ], [ 789518.026735591469333, 2311541.374505927786231 ] ] ] } },
{ "type": "Feature", "properties": { "label": 0, "month": "5", "year": "2024" }, "geometry": { "type": "Polygon", "coordinates": [ [ [ 854695.1954285223037, 2125958.716501745861024 ], [ 854677.174458097200841, 2127242.759077389258891 ], [ 853398.526736409403384, 2127224.878490118309855 ], [ 853416.518527040141635, 2125940.849712236784399 ], [ 854695.1954285223037, 2125958.716501745861024 ] ] ] } },
{ "type": "Feature", "properties": { "label": 0, "month": "5", "year": "2024" }, "geometry": { "type": "Polygon", "coordinates": [ [ [ 794648.185775688034482, 2309037.757470393553376 ], [ 794629.636853154865094, 2310325.918180025648326 ], [ 793356.320388158899732, 2310307.690673429518938 ], [ 793374.831956704845652, 2309019.541218392550945 ], [ 794648.185775688034482, 2309037.757470393553376 ] ] ] } },
{ "type": "Feature", "properties": { "label": 0, "month": "5", "year": "2024" }, "geometry": { "type": "Polygon", "coordinates": [ [ [ 904051.602734725107439, 2161372.674450143706053 ], [ 904031.967629816383123, 2162658.08181464811787 ], [ 902753.54325461667031, 2162638.660598496440798 ], [ 902773.147549710934982, 2161353.268915242981166 ], [ 904051.602734725107439, 2161372.674450143706053 ] ] ] } },
{ "type": "Feature", "properties": { "label": 0, "month": "5", "year": "2024" }, "geometry": { "type": "Polygon", "coordinates": [ [ [ 711512.028527260292321, 2338838.565221215132624 ], [ 711495.682880166103132, 2340127.006576974410564 ], [ 710223.908152454532683, 2340110.891073859296739 ], [ 710240.215173562173732, 2338822.45776506094262 ], [ 711512.028527260292321, 2338838.565221215132624 ] ] ] } },
{ "type": "Feature", "properties": { "label": 0, "month": "5", "year": "2024" }, "geometry": { "type": "Polygon", "coordinates": [ [ [ 792248.820453122607432, 2298697.58351534139365 ], [ 792230.449062665342353, 2299985.426989896222949 ], [ 790956.858130837092176, 2299967.359882180113345 ], [ 790975.192641074070707, 2298679.527582098264247 ], [ 792248.820453122607432, 2298697.58351534139365 ] ] ] } },
{ "type": "Feature", "properties": { "label": 0, "month": "5", "year": "2024" }, "geometry": { "type": "Polygon", "coordinates": [ [ [ 889303.980988303315826, 2206162.419923177920282 ], [ 889284.089073500828817, 2207448.742930788546801 ], [ 888006.951850641286001, 2207429.123755463864654 ], [ 888026.81096316431649, 2206142.815790539141744 ], [ 889303.980988303315826, 2206162.419923177920282 ] ] ] } },
{ "type": "Feature", "properties": { "label": 0, "month": "5", "year": "2024" }, "geometry": { "type": "Polygon", "coordinates": [ [ [ 802438.255459558800794, 2298843.29478384880349 ], [ 802419.588946501724422, 2300131.229413212276995 ], [ 801145.905878183199093, 2300112.881047793664038 ], [ 801164.535493017407134, 2298824.957983813714236 ], [ 802438.255459558800794, 2298843.29478384880349 ] ] ] } },
{ "type": "Feature", "properties": { "label": 0, "month": "5", "year": "2024" }, "geometry": { "type": "Polygon", "coordinates": [ [ [ 898564.178210971411318, 2185721.972037870436907 ], [ 898544.335724485805258, 2187007.896917363163084 ], [ 897266.571287435479462, 2186988.302099811844528 ], [ 897286.381879563443363, 2185702.392652680631727 ], [ 898564.178210971411318, 2185721.972037870436907 ] ] ] } },
{ "type": "Feature", "properties": { "label": 0, "month": "5", "year": "2024" }, "geometry": { "type": "Polygon", "coordinates": [ [ [ 608064.419051882112399, 2381464.35162781458348 ], [ 608051.0457943524234, 2382753.653213212266564 ], [ 606781.090344320400618, 2382740.353845701552927 ], [ 606794.42311829875689, 2381451.056350907310843 ], [ 608064.419051882112399, 2381464.35162781458348 ] ] ] } },
{ "type": "Feature", "properties": { "label": 0, "month": "5", "year": "2024" }, "geometry": { "type": "Polygon", "coordinates": [ [ [ 753906.24592741637025, 2308472.43061474012211 ], [ 753888.891233375994489, 2309760.255367200355977 ], [ 752615.912802708800882, 2309743.164069519843906 ], [ 752633.2302129433956, 2308455.349011355545372 ], [ 753906.24592741637025, 2308472.43061474012211 ] ] ] } },
{ "type": "Feature", "properties": { "label": 0, "month": "5", "year": "2024" }, "geometry": { "type": "Polygon", "coordinates": [ [ [ 803749.353889182209969, 2296285.883811854291707 ], [ 803730.677220008336008, 2297573.757011561188847 ], [ 802456.908658137428574, 2297555.396709143649787 ], [ 802475.548544040299021, 2296267.535128192976117 ], [ 803749.353889182209969, 2296285.883811854291707 ] ] ] } },
{ "type": "Feature", "properties": { "label": 0, "month": "5", "year": "2024" }, "geometry": { "type": "Polygon", "coordinates": [ [ [ 828701.842144496156834, 2156425.424208045937121 ], [ 828684.063698144047521, 2157709.901677148416638 ], [ 827406.403120912844315, 2157692.285739503800869 ], [ 827424.151057667797431, 2156407.821017464622855 ], [ 828701.842144496156834, 2156425.424208045937121 ] ] ] } },
{ "type": "Feature", "properties": { "label": 0, "month": "5", "year": "2024" }, "geometry": { "type": "Polygon", "coordinates": [ [ [ 443875.355200073157903, 2439407.842666775919497 ], [ 443867.34264206525404, 2440698.965156815946102 ], [ 442599.35724977630889, 2440690.661184842698276 ], [ 442607.326766742102336, 2439399.536590564064682 ], [ 443875.355200073157903, 2439407.842666775919497 ] ] ] } },
{ "type": "Feature", "properties": { "label": 0, "month": "5", "year": "2024" }, "geometry": { "type": "Polygon", "coordinates": [ [ [ 802549.974996926030144, 2291116.452524705789983 ], [ 802531.388343721162528, 2292404.168739190325141 ], [ 801257.484765019966289, 2292385.889799627475441 ], [ 801276.034871492534876, 2291098.185163941700011 ], [ 802549.974996926030144, 2291116.452524705789983 ] ] ] } },
{ "type": "Feature", "properties": { "label": 0, "month": "5", "year": "2024" }, "geometry": { "type": "Polygon", "coordinates": [ [ [ 445167.567075242754072, 2435543.090390052646399 ], [ 445159.501684232614934, 2436834.079441434238106 ], [ 443891.390290726034436, 2436825.729196186643094 ], [ 443899.412819253280759, 2435534.738087754230946 ], [ 445167.567075242754072, 2435543.090390052646399 ] ] ] } },
{ "type": "Feature", "properties": { "label": 0, "month": "5", "year": "2024" }, "geometry": { "type": "Polygon", "coordinates": [ [ [ 445127.272756320075132, 2441998.473587308544666 ], [ 445119.223693589214236, 2443289.681928715668619 ], [ 443851.327510978502687, 2443281.341966285835952 ], [ 443859.333411681640428, 2441990.131568643264472 ], [ 445127.272756320075132, 2441998.473587308544666 ] ] ] } },
{ "type": "Feature", "properties": { "label": 0, "month": "5", "year": "2024" }, "geometry": { "type": "Polygon", "coordinates": [ [ [ 606767.753217917284928, 2384029.692290910985321 ], [ 606754.411739291157573, 2385319.071749331429601 ], [ 605484.54113021097146, 2385305.802359537687153 ], [ 605497.842008382198401, 2384016.426941626705229 ], [ 606767.753217917284928, 2384029.692290910985321 ] ] ] } },
{ "type": "Feature", "properties": { "label": 0, "month": "5", "year": "2024" }, "geometry": { "type": "Polygon", "coordinates": [ [ [ 799965.066148651298136, 2293655.375092781614512 ], [ 799946.526208122260869, 2294943.140769083052874 ], [ 798672.719262898201123, 2294924.90861602826044 ], [ 798691.222544090123847, 2293637.154416255187243 ], [ 799965.066148651298136, 2293655.375092781614512 ] ] ] } },
{ "type": "Feature", "properties": { "label": 0, "month": "5", "year": "2024" }, "geometry": { "type": "Polygon", "coordinates": [ [ [ 792212.064824885455891, 2301273.307097739074379 ], [ 792193.667738081421703, 2302561.223899831064045 ], [ 790920.15074253664352, 2302543.134449685458094 ], [ 790938.510831885272637, 2301255.228817719966173 ], [ 792212.064824885455891, 2301273.307097739074379 ] ] ] } },
{ "type": "Feature", "properties": { "label": 0, "month": "5", "year": "2024" }, "geometry": { "type": "Polygon", "coordinates": [ [ [ 608131.21915715909563, 2375018.455745810177177 ], [ 608117.867961041629314, 2376307.553525235969573 ], [ 606847.710685986094177, 2376294.274620892014354 ], [ 606861.021694846684113, 2375005.180937137920409 ], [ 608131.21915715909563, 2375018.455745810177177 ] ] ] } },
{ "type": "Feature", "properties": { "label": 0, "month": "5", "year": "2024" }, "geometry": { "type": "Polygon", "coordinates": [ [ [ 872338.692296509630978, 2144193.834958916064352 ], [ 872320.0368034359999, 2145478.479934744536877 ], [ 871041.602004547603428, 2145459.996281622909009 ], [ 871060.227488504257053, 2144175.365770897828043 ], [ 872338.692296509630978, 2144193.834958916064352 ] ] ] } },
{ "type": "Feature", "properties": { "label": 0, "month": "5", "year": "2024" }, "geometry": { "type": "Polygon", "coordinates": [ [ [ 794796.110140905715525, 2298733.800684747286141 ], [ 794777.664983294554986, 2300021.666654825676233 ], [ 793504.051329477922991, 2300003.529246672522277 ], [ 793522.459602392278612, 2298715.674548785667866 ], [ 794796.110140905715525, 2298733.800684747286141 ] ] ] } },
{ "type": "Feature", "properties": { "label": 0, "month": "5", "year": "2024" }, "geometry": { "type": "Polygon", "coordinates": [ [ [ 868618.040877617662773, 2222574.223722870927304 ], [ 868598.463579999981448, 2223860.734075487591326 ], [ 867321.997177540557459, 2223841.437326307874173 ], [ 867341.540957256802358, 2222554.94119014730677 ], [ 868618.040877617662773, 2222574.223722870927304 ] ] ] } },
{ "type": "Feature", "properties": { "label": 0, "month": "5", "year": "2024" }, "geometry": { "type": "Polygon", "coordinates": [ [ [ 867280.432253069244325, 2140266.546735334675759 ], [ 867261.944515455048531, 2141551.046597396489233 ], [ 865983.478534741094336, 2141532.722973773721606 ], [ 866001.936443420592695, 2140248.237384079955518 ], [ 867280.432253069244325, 2140266.546735334675759 ] ] ] } },
{ "type": "Feature", "properties": { "label": 0, "month": "5", "year": "2024" }, "geometry": { "type": "Polygon", "coordinates": [ [ [ 606701.002306491020136, 2390477.000972052570432 ], [ 606687.639069701195695, 2391766.586439424660057 ], [ 605417.972353110322729, 2391753.296862184535712 ], [ 605431.294692658586428, 2390463.715430289506912 ], [ 606701.002306491020136, 2390477.000972052570432 ] ] ] } },
{ "type": "Feature", "properties": { "label": 0, "month": "5", "year": "2024" }, "geometry": { "type": "Polygon", "coordinates": [ [ [ 890858.316422021365725, 2188176.656450547277927 ], [ 890838.631105963257141, 2189462.551791313569993 ], [ 889561.024456768995151, 2189443.112409356050193 ], [ 889580.677776952274144, 2188157.232197224162519 ], [ 890858.316422021365725, 2188176.656450547277927 ] ] ] } },
{ "type": "Feature", "properties": { "label": 0, "month": "5", "year": "2024" }, "geometry": { "type": "Polygon", "coordinates": [ [ [ 443867.34264206525404, 2440698.965156815946102 ], [ 443859.333411681640428, 2441990.131568643264472 ], [ 442591.391120357788168, 2441981.829700737725943 ], [ 442599.35724977630889, 2440690.661184842698276 ], [ 443867.34264206525404, 2440698.965156815946102 ] ] ] } },
{ "type": "Feature", "properties": { "label": 0, "month": "5", "year": "2024" }, "geometry": { "type": "Polygon", "coordinates": [ [ [ 853470.402370852883905, 2122088.933879090007395 ], [ 853452.456342311110348, 2123372.877464609686285 ], [ 852173.735292599420063, 2123355.066706382669508 ], [ 852191.652314425562508, 2122071.13687532581389 ], [ 853470.402370852883905, 2122088.933879090007395 ] ] ] } },
{ "type": "Feature", "properties": { "label": 0, "month": "5", "year": "2024" }, "geometry": { "type": "Polygon", "coordinates": [ [ [ 448914.719603847479448, 2444606.189524037763476 ], [ 448906.547234109079, 2445897.480147659312934 ], [ 447638.746097885014024, 2445889.023411020170897 ], [ 447646.875182277115528, 2444597.730874414555728 ], [ 448914.719603847479448, 2444606.189524037763476 ] ] ] } },
{ "type": "Feature", "properties": { "label": 0, "month": "5", "year": "2024" }, "geometry": { "type": "Polygon", "coordinates": [ [ [ 443859.333411681640428, 2441990.131568643264472 ], [ 443851.327510978502687, 2443281.341966285835952 ], [ 442583.428380561235826, 2443273.042202271986753 ], [ 442591.391120357788168, 2441981.829700737725943 ], [ 443859.333411681640428, 2441990.131568643264472 ] ] ] } },
{ "type": "Feature", "properties": { "label": 0, "month": "5", "year": "2024" }, "geometry": { "type": "Polygon", "coordinates": [ [ [ 892116.253261476522312, 2189482.022215859033167 ], [ 892096.518805323634297, 2190767.963975080754608 ], [ 890818.928705675760284, 2190748.478374749422073 ], [ 890838.631105963257141, 2189462.551791313569993 ], [ 892116.253261476522312, 2189482.022215859033167 ] ] ] } },
{ "type": "Feature", "properties": { "label": 0, "month": "5", "year": "2024" }, "geometry": { "type": "Polygon", "coordinates": [ [ [ 906785.034877435537055, 2149843.965074186213315 ], [ 906765.497537794988602, 2151129.13674380350858 ], [ 905486.765687540173531, 2151109.797607755754143 ], [ 905506.272729471558705, 2149824.641742606647313 ], [ 906785.034877435537055, 2149843.965074186213315 ] ] ] } },
{ "type": "Feature", "properties": { "label": 0, "month": "5", "year": "2024" }, "geometry": { "type": "Polygon", "coordinates": [ [ [ 903575.495325565570965, 2192230.845795373898 ], [ 903555.436932171229273, 2193516.988984748721123 ], [ 902277.769258537329733, 2193497.192203112877905 ], [ 902297.795459712855518, 2192211.064631977118552 ], [ 903575.495325565570965, 2192230.845795373898 ] ] ] } },
{ "type": "Feature", "properties": { "label": 0, "month": "5", "year": "2024" }, "geometry": { "type": "Polygon", "coordinates": [ [ [ 887394.434240437345579, 2163693.184146681800485 ], [ 887375.165762518765405, 2164978.451645789202303 ], [ 886097.007375167682767, 2164959.39041948877275 ], [ 886116.244957650545985, 2163674.137947810348123 ], [ 887394.434240437345579, 2163693.184146681800485 ] ] ] } },
{ "type": "Feature", "properties": { "label": 0, "month": "5", "year": "2024" }, "geometry": { "type": "Polygon", "coordinates": [ [ [ 888185.072046905406751, 2195853.499628205783665 ], [ 888165.348870694520883, 2197139.553131413180381 ], [ 886887.966235990170389, 2197120.085706250276417 ], [ 886907.657074644346721, 2195834.047216787468642 ], [ 888185.072046905406751, 2195853.499628205783665 ] ] ] } },
{ "type": "Feature", "properties": { "label": 0, "month": "5", "year": "2024" }, "geometry": { "type": "Polygon", "coordinates": [ [ [ 877452.700011485954747, 2144268.004357687663287 ], [ 877433.924460353213362, 2145552.707693433389068 ], [ 876155.430171703454107, 2145534.106777235865593 ], [ 876174.17570507817436, 2144249.418106401339173 ], [ 877452.700011485954747, 2144268.004357687663287 ] ] ] } },
{ "type": "Feature", "properties": { "label": 0, "month": "5", "year": "2024" }, "geometry": { "type": "Polygon", "coordinates": [ [ [ 801145.905878183199093, 2300112.881047793664038 ], [ 801127.263005694025196, 2301400.840729596093297 ], [ 799853.628591110929847, 2301382.516015296336263 ], [ 799872.234509016387165, 2300094.567847775295377 ], [ 801145.905878183199093, 2300112.881047793664038 ] ] ] } },
{ "type": "Feature", "properties": { "label": 0, "month": "5", "year": "2024" }, "geometry": { "type": "Polygon", "coordinates": [ [ [ 801331.605727098649368, 2287235.288164804689586 ], [ 801313.095350755844265, 2288522.884407282806933 ], [ 800039.094026900129393, 2288504.674936049617827 ], [ 800057.568034321069717, 2287217.090230093337595 ], [ 801331.605727098649368, 2287235.288164804689586 ] ] ] } },
{ "type": "Feature", "properties": { "label": 0, "month": "5", "year": "2024" }, "geometry": { "type": "Polygon", "coordinates": [ [ [ 611914.886190571938641, 2377636.768157675396651 ], [ 611901.405241840984672, 2378925.959841008298099 ], [ 610631.317096312413923, 2378912.558992298319936 ], [ 610644.757734159356914, 2377623.37154694320634 ], [ 611914.886190571938641, 2377636.768157675396651 ] ] ] } },
{ "type": "Feature", "properties": { "label": 0, "month": "5", "year": "2024" }, "geometry": { "type": "Polygon", "coordinates": [ [ [ 795940.124261300312355, 2307767.874258787371218 ], [ 795921.551017923862673, 2309056.009217884857208 ], [ 794648.185775688034482, 2309037.757470393553376 ], [ 794666.721721525071189, 2307749.633816906251013 ], [ 795940.124261300312355, 2307767.874258787371218 ] ] ] } },
{ "type": "Feature", "properties": { "label": 0, "month": "5", "year": "2024" }, "geometry": { "type": "Polygon", "coordinates": [ [ [ 887867.461837780661881, 2216434.180881645996124 ], [ 887847.466631195042282, 2217720.747091786935925 ], [ 886570.609260554774664, 2217701.039799012709409 ], [ 886590.571204008418135, 2216414.488561073783785 ], [ 887867.461837780661881, 2216434.180881645996124 ] ] ] } },
{ "type": "Feature", "properties": { "label": 0, "month": "5", "year": "2024" }, "geometry": { "type": "Polygon", "coordinates": [ [ [ 611941.83431726123672, 2375058.5068144868128 ], [ 611928.362549093784764, 2376347.617169721517712 ], [ 610658.193841045722365, 2376334.224798020906746 ], [ 610671.625416814233176, 2375045.118682864587754 ], [ 611941.83431726123672, 2375058.5068144868128 ] ] ] } },
{ "type": "Feature", "properties": { "label": 0, "month": "5", "year": "2024" }, "geometry": { "type": "Polygon", "coordinates": [ [ [ 429911.79485383501742, 2441901.019131384789944 ], [ 429904.26366246555699, 2443192.255293052643538 ], [ 428636.328720748890191, 2443184.397657512221485 ], [ 428643.816763229784556, 2441893.158867680933326 ], [ 429911.79485383501742, 2441901.019131384789944 ] ] ] } },
{ "type": "Feature", "properties": { "label": 0, "month": "5", "year": "2024" }, "geometry": { "type": "Polygon", "coordinates": [ [ [ 911523.665121505269781, 2174346.117819515056908 ], [ 911503.665466151898727, 2175631.922654973808676 ], [ 910225.455218041897751, 2175612.161615779157728 ], [ 910245.423474575160071, 2174326.372734692879021 ], [ 911523.665121505269781, 2174346.117819515056908 ] ] ] } },
{ "type": "Feature", "properties": { "label": 0, "month": "5", "year": "2024" }, "geometry": { "type": "Polygon", "coordinates": [ [ [ 441315.526251047383994, 2443264.782635822426528 ], [ 441307.610122694750316, 2444556.041338387411088 ], [ 440039.748161421972327, 2444547.824167685117573 ], [ 440047.621071143541485, 2443256.563266115728766 ], [ 441315.526251047383994, 2443264.782635822426528 ] ] ] } },
{ "type": "Feature", "properties": { "label": 0, "month": "5", "year": "2024" }, "geometry": { "type": "Polygon", "coordinates": [ [ [ 611820.423163132276386, 2386661.968056719750166 ], [ 611806.910086955642328, 2387951.446364589501172 ], [ 610537.105777723365463, 2387938.015879042446613 ], [ 610550.578127889195457, 2386648.541801878716797 ], [ 611820.423163132276386, 2386661.968056719750166 ] ] ] } },
{ "type": "Feature", "properties": { "label": 0, "month": "5", "year": "2024" }, "geometry": { "type": "Polygon", "coordinates": [ [ [ 626053.253695530234836, 2362318.88858691835776 ], [ 626039.392115563037805, 2363607.645993296988308 ], [ 624768.778064504731447, 2363593.885194906964898 ], [ 624782.60002451762557, 2362305.132569433189929 ], [ 626053.253695530234836, 2362318.88858691835776 ] ] ] } },
{ "type": "Feature", "properties": { "label": 0, "month": "5", "year": "2024" }, "geometry": { "type": "Polygon", "coordinates": [ [ [ 846766.991265155142173, 2232541.938652995973825 ], [ 846747.86195895425044, 2233828.479116005357355 ], [ 845471.904845910379663, 2233809.62486123945564 ], [ 845491.00020924443379, 2232523.09775471361354 ], [ 846766.991265155142173, 2232541.938652995973825 ] ] ] } },
{ "type": "Feature", "properties": { "label": 0, "month": "5", "year": "2024" }, "geometry": { "type": "Polygon", "coordinates": [ [ [ 841682.086978817242198, 2231180.316923836711794 ], [ 841663.108393391477875, 2232466.770906242541969 ], [ 840387.171397681580856, 2232448.060564249288291 ], [ 840406.116107316687703, 2231161.619743212591857 ], [ 841682.086978817242198, 2231180.316923836711794 ] ] ] } },
{ "type": "Feature", "properties": { "label": 0, "month": "5", "year": "2024" }, "geometry": { "type": "Polygon", "coordinates": [ [ [ 888046.65307505056262, 2204856.539840011391789 ], [ 888026.81096316431649, 2206142.815790539141744 ], [ 886749.656309200217947, 2206123.243341481313109 ], [ 886769.465678984532133, 2204836.98238660255447 ], [ 888046.65307505056262, 2204856.539840011391789 ] ] ] } },
{ "type": "Feature", "properties": { "label": 0, "month": "5", "year": "2024" }, "geometry": { "type": "Polygon", "coordinates": [ [ [ 844310.103718083817512, 2226072.219501865562052 ], [ 844291.117669206461869, 2227358.567166682332754 ], [ 843015.018574740272015, 2227339.844606071710587 ], [ 843033.970975237083621, 2226053.510210896842182 ], [ 844310.103718083817512, 2226072.219501865562052 ] ] ] } },
{ "type": "Feature", "properties": { "label": 0, "month": "5", "year": "2024" }, "geometry": { "type": "Polygon", "coordinates": [ [ [ 803823.926889380323701, 2291134.754710945300758 ], [ 803805.303687185863964, 2292422.482553144916892 ], [ 802531.388343721162528, 2292404.168739190325141 ], [ 802549.974996926030144, 2291116.452524705789983 ], [ 803823.926889380323701, 2291134.754710945300758 ] ] ] } },
{ "type": "Feature", "properties": { "label": 0, "month": "5", "year": "2024" }, "geometry": { "type": "Polygon", "coordinates": [ [ [ 436197.4826008368982, 2450980.416008869186044 ], [ 436189.761534422112163, 2452271.949431475251913 ], [ 434922.147399538429454, 2452263.907562816049904 ], [ 434929.824891676194966, 2450972.37175202043727 ], [ 436197.4826008368982, 2450980.416008869186044 ] ] ] } },
{ "type": "Feature", "properties": { "label": 0, "month": "5", "year": "2024" }, "geometry": { "type": "Polygon", "coordinates": [ [ [ 434945.191167092008982, 2448389.433365807402879 ], [ 434937.506148251879495, 2449680.880374420434237 ], [ 433669.801612556446344, 2449672.874159970786422 ], [ 433677.443178278743289, 2448381.424715077038854 ], [ 434945.191167092008982, 2448389.433365807402879 ] ] ] } },
{ "type": "Feature", "properties": { "label": 0, "month": "5", "year": "2024" }, "geometry": { "type": "Polygon", "coordinates": [ [ [ 891112.67197617678903, 2171462.833372620400041 ], [ 891093.208533318014815, 2172748.327903014142066 ], [ 889815.190432838397101, 2172729.085393198765814 ], [ 889834.622628635726869, 2171443.606024684384465 ], [ 891112.67197617678903, 2171462.833372620400041 ] ] ] } },
{ "type": "Feature", "properties": { "label": 0, "month": "5", "year": "2024" }, "geometry": { "type": "Polygon", "coordinates": [ [ [ 870011.879697545082308, 2214875.077991341240704 ], [ 869992.366171480389312, 2216161.406576375477016 ], [ 868715.684964947984554, 2216142.163120351731777 ], [ 868735.165318400366232, 2214855.848816364537925 ], [ 870011.879697545082308, 2214875.077991341240704 ] ] ] } },
{ "type": "Feature", "properties": { "label": 0, "month": "5", "year": "2024" }, "geometry": { "type": "Polygon", "coordinates": [ [ [ 902674.950544994673692, 2167780.527804838493466 ], [ 902655.258472753921524, 2169066.070016782730818 ], [ 901377.005025006830692, 2169046.600700975395739 ], [ 901396.666002291720361, 2167761.07410738337785 ], [ 902674.950544994673692, 2167780.527804838493466 ] ] ] } },
{ "type": "Feature", "properties": { "label": 0, "month": "5", "year": "2024" }, "geometry": { "type": "Polygon", "coordinates": [ [ [ 606754.411739291157573, 2385319.071749331429601 ], [ 606741.065908638061956, 2386608.492283795960248 ], [ 605471.235959340119734, 2386595.218854499515146 ], [ 605484.54113021097146, 2385305.802359537687153 ], [ 606754.411739291157573, 2385319.071749331429601 ] ] ] } },
{ "type": "Feature", "properties": { "label": 0, "month": "5", "year": "2024" }, "geometry": { "type": "Polygon", "coordinates": [ [ [ 749948.979111161781475, 2318724.703328439034522 ], [ 749931.648831089842133, 2320012.798375951591879 ], [ 748658.999696381855756, 2319995.737165058497339 ], [ 748676.29222942260094, 2318707.651650326326489 ], [ 749948.979111161781475, 2318724.703328439034522 ] ] ] } },
{ "type": "Feature", "properties": { "label": 0, "month": "5", "year": "2024" }, "geometry": { "type": "Polygon", "coordinates": [ [ [ 905172.251895013730973, 2171676.337536294013262 ], [ 905152.444584404118359, 2172962.002137488219887 ], [ 903874.252695350558497, 2172942.425145238172263 ], [ 903894.028733827406541, 2171656.776254340540618 ], [ 905172.251895013730973, 2171676.337536294013262 ] ] ] } },
{ "type": "Feature", "properties": { "label": 0, "month": "5", "year": "2024" }, "geometry": { "type": "Polygon", "coordinates": [ [ [ 866112.351135252509266, 2132541.932292967569083 ], [ 866093.988290451932698, 2133826.244330871850252 ], [ 864815.358743208809756, 2133808.035227774176747 ], [ 864833.692104049958289, 2132523.737426241394132 ], [ 866112.351135252509266, 2132541.932292967569083 ] ] ] } },
{ "type": "Feature", "properties": { "label": 0, "month": "5", "year": "2024" }, "geometry": { "type": "Polygon", "coordinates": [ [ [ 906470.312017490854487, 2170410.279219329357147 ], [ 906450.491173079237342, 2171695.929190545808524 ], [ 905172.251895013730973, 2171676.337536294013262 ], [ 905192.041522545390762, 2170390.703327872324735 ], [ 906470.312017490854487, 2170410.279219329357147 ] ] ] } },
{ "type": "Feature", "properties": { "label": 0, "month": "5", "year": "2024" }, "geometry": { "type": "Polygon", "coordinates": [ [ [ 858495.07834552670829, 2128580.685108747798949 ], [ 858476.938849119353108, 2129864.826444120611995 ], [ 857198.307252648402937, 2129846.832217688672245 ], [ 857216.417448942898773, 2128562.70482557779178 ], [ 858495.07834552670829, 2128580.685108747798949 ] ] ] } },
{ "type": "Feature", "properties": { "label": 0, "month": "5", "year": "2024" }, "geometry": { "type": "Polygon", "coordinates": [ [ [ 751273.713720874744467, 2314877.702380408998579 ], [ 751256.378664115909487, 2316165.694343490991741 ], [ 749983.606872458476573, 2316148.626027777325362 ], [ 750000.904356256476603, 2314860.643651916645467 ], [ 751273.713720874744467, 2314877.702380408998579 ] ] ] } },
{ "type": "Feature", "properties": { "label": 0, "month": "5", "year": "2024" }, "geometry": { "type": "Polygon", "coordinates": [ [ [ 802605.655141575378366, 2287253.520775831304491 ], [ 802587.108394065871835, 2288541.128603777382523 ], [ 801313.095350755844265, 2288522.884407282806933 ], [ 801331.605727098649368, 2287235.288164804689586 ], [ 802605.655141575378366, 2287253.520775831304491 ] ] ] } },
{ "type": "Feature", "properties": { "label": 0, "month": "5", "year": "2024" }, "geometry": { "type": "Polygon", "coordinates": [ [ [ 794759.206861136481166, 2301309.569253812078387 ], [ 794740.735772701445967, 2302597.508542669471353 ], [ 793467.196064133779146, 2302579.348596716765314 ], [ 793485.630150631302968, 2301291.420575664844364 ], [ 794759.206861136481166, 2301309.569253812078387 ] ] ] } },
{ "type": "Feature", "properties": { "label": 0, "month": "5", "year": "2024" }, "geometry": { "type": "Polygon", "coordinates": [ [ [ 801201.754956884775311, 2296249.221465639770031 ], [ 801183.151851986767724, 2297537.071476728189737 ], [ 799909.406749517191201, 2297518.781311973929405 ], [ 799927.97307566809468, 2296230.942821856588125 ], [ 801201.754956884775311, 2296249.221465639770031 ] ] ] } },
{ "type": "Feature", "properties": { "label": 0, "month": "5", "year": "2024" }, "geometry": { "type": "Polygon", "coordinates": [ [ [ 903992.644593831617385, 2165228.986561088357121 ], [ 903972.956657732604071, 2166514.484059788752347 ], [ 902694.625056792749092, 2166495.015815456397831 ], [ 902714.282010660273954, 2165209.53399021923542 ], [ 903992.644593831617385, 2165228.986561088357121 ] ] ] } },
{ "type": "Feature", "properties": { "label": 0, "month": "5", "year": "2024" }, "geometry": { "type": "Polygon", "coordinates": [ [ [ 609334.418738062144257, 2381477.684917994309217 ], [ 609321.004995266208425, 2382766.990642085671425 ], [ 608051.0457943524234, 2382753.653213212266564 ], [ 608064.419051882112399, 2381464.35162781458348 ], [ 609334.418738062144257, 2381477.684917994309217 ] ] ] } },
{ "type": "Feature", "properties": { "label": 0, "month": "5", "year": "2024" }, "geometry": { "type": "Polygon", "coordinates": [ [ [ 834026.416822234983556, 2141084.100668263621628 ], [ 834008.68952915398404, 2142368.27486191270873 ], [ 832730.614254586398602, 2142350.695469787344337 ], [ 832748.311716081690975, 2141066.534248398151249 ], [ 834026.416822234983556, 2141084.100668263621628 ] ] ] } },
{ "type": "Feature", "properties": { "label": 0, "month": "5", "year": "2024" }, "geometry": { "type": "Polygon", "coordinates": [ [ [ 909283.760578013723716, 2153738.399015469476581 ], [ 909264.109184039290994, 2155023.690973308868706 ], [ 907985.436120144906454, 2155004.244985595811158 ], [ 908005.057039777049795, 2153718.968924432527274 ], [ 909283.760578013723716, 2153738.399015469476581 ] ] ] } },
{ "type": "Feature", "properties": { "label": 0, "month": "5", "year": "2024" }, "geometry": { "type": "Polygon", "coordinates": [ [ [ 888672.638917204574682, 2163712.260384685359895 ], [ 888653.339541616733186, 2164997.542961112223566 ], [ 887375.165762518765405, 2164978.451645789202303 ], [ 887394.434240437345579, 2163693.184146681800485 ], [ 888672.638917204574682, 2163712.260384685359895 ] ] ] } },
{ "type": "Feature", "properties": { "label": 0, "month": "5", "year": "2024" }, "geometry": { "type": "Polygon", "coordinates": [ [ [ 802531.388343721162528, 2292404.168739190325141 ], [ 802512.788385034305975, 2293691.921204059384763 ], [ 801238.921411616494879, 2293673.630687936209142 ], [ 801257.484765019966289, 2292385.889799627475441 ], [ 802531.388343721162528, 2292404.168739190325141 ] ] ] } },
{ "type": "Feature", "properties": { "label": 0, "month": "5", "year": "2024" }, "geometry": { "type": "Polygon", "coordinates": [ [ [ 583922.474908436532132, 2382507.471910025458783 ], [ 583909.867265123175457, 2383796.744963431730866 ], [ 582640.013803824898787, 2383784.165285313501954 ], [ 582652.580936024780385, 2382494.895408092066646 ], [ 583922.474908436532132, 2382507.471910025458783 ] ] ] } },
{ "type": "Feature", "properties": { "label": 0, "month": "5", "year": "2024" }, "geometry": { "type": "Polygon", "coordinates": [ [ [ 447598.148055103723891, 2452346.150054266676307 ], [ 447590.037936531705782, 2453637.708624211605638 ], [ 446322.494969524035696, 2453629.303944389335811 ], [ 446330.561443763726857, 2452337.743414730764925 ], [ 447598.148055103723891, 2452346.150054266676307 ] ] ] } },
{ "type": "Feature", "properties": { "label": 0, "month": "5", "year": "2024" }, "geometry": { "type": "Polygon", "coordinates": [ [ [ 751256.378664115909487, 2316165.694343490991741 ], [ 751239.032617833232507, 2317453.723800519946963 ], [ 749966.298457855125889, 2317436.64589950023219 ], [ 749983.606872458476573, 2316148.626027777325362 ], [ 751256.378664115909487, 2316165.694343490991741 ] ] ] } },
{ "type": "Feature", "properties": { "label": 0, "month": "5", "year": "2024" }, "geometry": { "type": "Polygon", "coordinates": [ [ [ 848042.995966912712902, 2232560.812196335755289 ], [ 848023.832715565920807, 2233847.36606519902125 ], [ 846747.86195895425044, 2233828.479116005357355 ], [ 846766.991265155142173, 2232541.938652995973825 ], [ 848042.995966912712902, 2232560.812196335755289 ] ] ] } },
{ "type": "Feature", "properties": { "label": 0, "month": "5", "year": "2024" }, "geometry": { "type": "Polygon", "coordinates": [ [ [ 866057.215082525042817, 2136394.954805341549218 ], [ 866038.804715212900192, 2137679.353357946965843 ], [ 864760.263962558237836, 2137661.101559653878212 ], [ 864778.644674541777931, 2136376.717236456461251 ], [ 866057.215082525042817, 2136394.954805341549218 ] ] ] } },
{ "type": "Feature", "properties": { "label": 0, "month": "5", "year": "2024" }, "geometry": { "type": "Polygon", "coordinates": [ [ [ 890759.718974915565923, 2194606.446169572882354 ], [ 890739.948213169234805, 2195892.498312283772975 ], [ 889462.502408908098005, 2195872.983325888868421 ], [ 889482.240886218729429, 2194586.946298894938082 ], [ 890759.718974915565923, 2194606.446169572882354 ] ] ] } },
{ "type": "Feature", "properties": { "label": 0, "month": "5", "year": "2024" }, "geometry": { "type": "Polygon", "coordinates": [ [ [ 726774.427553255460225, 2339034.703854559455067 ], [ 726757.618234621244483, 2340323.245554929599166 ], [ 725485.744118350557983, 2340306.691092364024371 ], [ 725502.514786331565119, 2339018.158020702190697 ], [ 726774.427553255460225, 2339034.703854559455067 ] ] ] } },
{ "type": "Feature", "properties": { "label": 0, "month": "5", "year": "2024" }, "geometry": { "type": "Polygon", "coordinates": [ [ [ 823306.972918563755229, 2176909.645987463183701 ], [ 823289.092477689031512, 2178194.559154581278563 ], [ 822011.979135443689302, 2178176.86165822762996 ], [ 822029.828157487791032, 2176891.961004759185016 ], [ 823306.972918563755229, 2176909.645987463183701 ] ] ] } },
{ "type": "Feature", "properties": { "label": 0, "month": "5", "year": "2024" }, "geometry": { "type": "Polygon", "coordinates": [ [ [ 882720.249765236629173, 2218928.649851919151843 ], [ 882700.354012385476381, 2220215.221645314712077 ], [ 881423.6241988344118, 2220195.613307288847864 ], [ 881443.486582046141848, 2218909.056282664649189 ], [ 882720.249765236629173, 2218928.649851919151843 ] ] ] } },
{ "type": "Feature", "properties": { "label": 0, "month": "5", "year": "2024" }, "geometry": { "type": "Polygon", "coordinates": [ [ [ 622282.50376607500948, 2358411.742214429192245 ], [ 622268.776234782068059, 2359700.365800176281482 ], [ 620998.056703962152824, 2359686.730990214738995 ], [ 621011.744797783438116, 2358398.112044 ], [ 622282.50376607500948, 2358411.742214429192245 ] ] ] } },
{ "type": "Feature", "properties": { "label": 0, "month": "5", "year": "2024" }, "geometry": { "type": "Polygon", "coordinates": [ [ [ 803861.133208896499127, 2288559.407527880743146 ], [ 803842.536729349754751, 2289847.063056111801416 ], [ 802568.548346444847994, 2289828.772499818820506 ], [ 802587.108394065871835, 2288541.128603777382523 ], [ 803861.133208896499127, 2288559.407527880743146 ] ] ] } },
{ "type": "Feature", "properties": { "label": 0, "month": "5", "year": "2024" }, "geometry": { "type": "Polygon", "coordinates": [ [ [ 839054.426188308047131, 2236288.866355064790696 ], [ 839035.455952299525961, 2237575.427844789810479 ], [ 837759.681738120270893, 2237556.730539720971137 ], [ 837778.617870753165334, 2236270.182103201746941 ], [ 839054.426188308047131, 2236288.866355064790696 ] ] ] } },
{ "type": "Feature", "properties": { "label": 0, "month": "5", "year": "2024" }, "geometry": { "type": "Polygon", "coordinates": [ [ [ 445216.027800008887425, 2427798.070837259758264 ], [ 445207.942882413626648, 2429088.798849024344236 ], [ 443939.575211719609797, 2429080.436259028501809 ], [ 443947.617625810671598, 2427789.706189250107855 ], [ 445216.027800008887425, 2427798.070837259758264 ] ] ] } },
{ "type": "Feature", "properties": { "label": 0, "month": "5", "year": "2024" }, "geometry": { "type": "Polygon", "coordinates": [ [ [ 602905.126703344285488, 2389147.727210123557597 ], [ 602891.890326230670325, 2390437.259384553879499 ], [ 601622.193470638943836, 2390424.088877384550869 ], [ 601635.389015017193742, 2389134.560595341492444 ], [ 602905.126703344285488, 2389147.727210123557597 ] ] ] } },
{ "type": "Feature", "properties": { "label": 0, "month": "5", "year": "2024" }, "geometry": { "type": "Polygon", "coordinates": [ [ [ 898264.710099563235417, 2205014.138498567976058 ], [ 898244.605966642964631, 2206300.536201521754265 ], [ 896967.326873413636349, 2206280.710213887970895 ], [ 896987.398245487129316, 2204994.327903777826577 ], [ 898264.710099563235417, 2205014.138498567976058 ] ] ] } },
{ "type": "Feature", "properties": { "label": 0, "month": "5", "year": "2024" }, "geometry": { "type": "Polygon", "coordinates": [ [ [ 788244.792838410707191, 2311523.278095802292228 ], [ 788226.405291899573058, 2312811.457337958272547 ], [ 786953.22001373663079, 2312793.385502895340323 ], [ 786971.570100071141496, 2311505.217267074156553 ], [ 788244.792838410707191, 2311523.278095802292228 ] ] ] } },
{ "type": "Feature", "properties": { "label": 0, "month": "5", "year": "2024" }, "geometry": { "type": "Polygon", "coordinates": [ [ [ 899802.224121575709432, 2188313.494161291979253 ], [ 899782.314769785152748, 2189599.496795431245118 ], [ 898504.598472892772406, 2189579.840063591487706 ], [ 898524.475812634453177, 2188293.85290634771809 ], [ 899802.224121575709432, 2188313.494161291979253 ] ] ] } },
{ "type": "Feature", "properties": { "label": 0, "month": "5", "year": "2024" }, "geometry": { "type": "Polygon", "coordinates": [ [ [ 806259.486088064964861, 2298898.515906745102257 ], [ 806240.708866713219322, 2300186.485525513533503 ], [ 804966.990388732287101, 2300168.03164970735088 ], [ 804985.730705042369664, 2298880.073742950800806 ], [ 806259.486088064964861, 2298898.515906745102257 ] ] ] } },
{ "type": "Feature", "properties": { "label": 0, "month": "5", "year": "2024" }, "geometry": { "type": "Polygon", "coordinates": [ [ [ 857091.492180365836248, 2224974.644381048157811 ], [ 857072.185171161545441, 2226261.094436237122864 ], [ 855795.914547726977617, 2226242.061104825232178 ], [ 855815.187943803612143, 2224955.624815964139998 ], [ 857091.492180365836248, 2224974.644381048157811 ] ] ] } },
{ "type": "Feature", "properties": { "label": 0, "month": "5", "year": "2024" }, "geometry": { "type": "Polygon", "coordinates": [ [ [ 827048.468425759114325, 2183387.948307947255671 ], [ 827030.422754356521182, 2184673.054359021596611 ], [ 825753.429014550987631, 2184655.202010965906084 ], [ 825771.442973401630297, 2183370.108611581847072 ], [ 827048.468425759114325, 2183387.948307947255671 ] ] ] } },
{ "type": "Feature", "properties": { "label": 0, "month": "5", "year": "2024" }, "geometry": { "type": "Polygon", "coordinates": [ [ [ 609374.633138574659824, 2377610.012808418367058 ], [ 609361.232809887034819, 2378899.196063886396587 ], [ 608091.152331024641171, 2378885.871054167393595 ], [ 608104.512352268677205, 2377596.691940458957106 ], [ 609374.633138574659824, 2377610.012808418367058 ] ] ] } },
{ "type": "Feature", "properties": { "label": 0, "month": "5", "year": "2024" }, "geometry": { "type": "Polygon", "coordinates": [ [ [ 869992.366171480389312, 2216161.406576375477016 ], [ 869972.836435911362059, 2217447.767685268074274 ], [ 868696.188459891011007, 2217428.509950713254511 ], [ 868715.684964947984554, 2216142.163120351731777 ], [ 869992.366171480389312, 2216161.406576375477016 ] ] ] } },
{ "type": "Feature", "properties": { "label": 0, "month": "5", "year": "2024" }, "geometry": { "type": "Polygon", "coordinates": [ [ [ 629893.186562261660583, 2359782.956179697066545 ], [ 629879.216950180009007, 2361071.648421071469784 ], [ 628608.510056204628199, 2361057.785383417271078 ], [ 628622.4401612005895, 2359769.09806996723637 ], [ 629893.186562261660583, 2359782.956179697066545 ] ] ] } },
{ "type": "Feature", "properties": { "label": 0, "month": "5", "year": "2024" }, "geometry": { "type": "Polygon", "coordinates": [ [ [ 867335.800035985652357, 2136413.221325457561761 ], [ 867317.360011222306639, 2137697.634157439228147 ], [ 866038.804715212900192, 2137679.353357946965843 ], [ 866057.215082525042817, 2136394.954805341549218 ], [ 867335.800035985652357, 2136413.221325457561761 ] ] ] } },
{ "type": "Feature", "properties": { "label": 0, "month": "5", "year": "2024" }, "geometry": { "type": "Polygon", "coordinates": [ [ [ 888125.851565440418199, 2199711.75500032491982 ], [ 888106.077431505545974, 2200997.903483985923231 ], [ 886828.792156054172665, 2200978.391033068764955 ], [ 886848.533779129036702, 2199692.257555405143648 ], [ 888125.851565440418199, 2199711.75500032491982 ] ] ] } },
{ "type": "Feature", "properties": { "label": 0, "month": "5", "year": "2024" }, "geometry": { "type": "Polygon", "coordinates": [ [ [ 785698.35846859391313, 2311487.192017421126366 ], [ 785680.04584019666072, 2312775.349295671097934 ], [ 784406.882719319546595, 2312757.348713974934071 ], [ 784425.15789201320149, 2311469.202344528865069 ], [ 785698.35846859391313, 2311487.192017421126366 ] ] ] } },
{ "type": "Feature", "properties": { "label": 0, "month": "5", "year": "2024" }, "geometry": { "type": "Polygon", "coordinates": [ [ [ 886986.251220717444085, 2190690.20811786595732 ], [ 886966.628060634830035, 2191976.120781577192247 ], [ 885689.131766240578145, 2191956.744561503641307 ], [ 885708.722821962554008, 2190670.846872112248093 ], [ 886986.251220717444085, 2190690.20811786595732 ] ] ] } },
{ "type": "Feature", "properties": { "label": 0, "month": "5", "year": "2024" }, "geometry": { "type": "Polygon", "coordinates": [ [ [ 893314.721696108812466, 2194645.539637867826968 ], [ 893294.886358549818397, 2195931.622161138802767 ], [ 892017.409512207261287, 2195912.044589878525585 ], [ 892037.212560701416805, 2194625.977281741332263 ], [ 893314.721696108812466, 2194645.539637867826968 ] ] ] } },
{ "type": "Feature", "properties": { "label": 0, "month": "5", "year": "2024" }, "geometry": { "type": "Polygon", "coordinates": [ [ [ 836540.582680247956887, 2233678.560321019031107 ], [ 836521.710120641160756, 2234965.028734537307173 ], [ 835245.894255759660155, 2234946.422990036197007 ], [ 835264.732832560315728, 2233659.967535740695894 ], [ 836540.582680247956887, 2233678.560321019031107 ] ] ] } },
{ "type": "Feature", "properties": { "label": 0, "month": "5", "year": "2024" }, "geometry": { "type": "Polygon", "coordinates": [ [ [ 902237.664019896881655, 2196069.541591196786612 ], [ 902217.584977289661765, 2197355.763525913003832 ], [ 900940.030192119069397, 2197335.951268863864243 ], [ 900960.076871562050655, 2196049.744894678704441 ], [ 902237.664019896881655, 2196069.541591196786612 ] ] ] } },
{ "type": "Feature", "properties": { "label": 0, "month": "5", "year": "2024" }, "geometry": { "type": "Polygon", "coordinates": [ [ [ 890720.160354908322915, 2197178.581992049235851 ], [ 890700.355397663777694, 2198464.697267825249583 ], [ 889422.974335529142991, 2198445.152057755738497 ], [ 889442.746892828727141, 2197159.051892519462854 ], [ 890720.160354908322915, 2197178.581992049235851 ] ] ] } },
{ "type": "Feature", "properties": { "label": 0, "month": "5", "year": "2024" }, "geometry": { "type": "Polygon", "coordinates": [ [ [ 613090.27209864766337, 2386675.43252201192081 ], [ 613076.718294728198089, 2387964.915108636487275 ], [ 611806.910086955642328, 2387951.446364589501172 ], [ 611820.423163132276386, 2386661.968056719750166 ], [ 613090.27209864766337, 2386675.43252201192081 ] ] ] } },
{ "type": "Feature", "properties": { "label": 0, "month": "5", "year": "2024" }, "geometry": { "type": "Polygon", "coordinates": [ [ [ 440055.497492474329192, 2441965.346413836814463 ], [ 440047.621071143541485, 2443256.563266115728766 ], [ 438779.712789555895142, 2443248.384092321619391 ], [ 438787.546053316676989, 2441957.164993177168071 ], [ 440055.497492474329192, 2441965.346413836814463 ] ] ] } },
{ "type": "Feature", "properties": { "label": 0, "month": "5", "year": "2024" }, "geometry": { "type": "Polygon", "coordinates": [ [ [ 618402.144712632521987, 2364814.411023424938321 ], [ 618388.511051533743739, 2366103.22053457563743 ], [ 617118.002306417329237, 2366089.674894229043275 ], [ 617131.59623984422069, 2364800.869872463867068 ], [ 618402.144712632521987, 2364814.411023424938321 ] ] ] } },
{ "type": "Feature", "properties": { "label": 0, "month": "5", "year": "2024" }, "geometry": { "type": "Polygon", "coordinates": [ [ [ 898224.484370244899765, 2207586.965897832997143 ], [ 898204.345307810232043, 2208873.427646594122052 ], [ 896927.131909888237715, 2208853.570881252642721 ], [ 896947.238095731008798, 2207567.124520012643188 ], [ 898224.484370244899765, 2207586.965897832997143 ] ] ] } },
{ "type": "Feature", "properties": { "label": 0, "month": "5", "year": "2024" }, "geometry": { "type": "Polygon", "coordinates": [ [ [ 891738.364503448829055, 2213920.324868491850793 ], [ 891718.303879352286458, 2215206.871391817927361 ], [ 890441.333818656392395, 2215187.097946011461318 ], [ 890461.361288431799039, 2213900.566548872739077 ], [ 891738.364503448829055, 2213920.324868491850793 ] ] ] } },
{ "type": "Feature", "properties": { "label": 0, "month": "5", "year": "2024" }, "geometry": { "type": "Polygon", "coordinates": [ [ [ 620984.363604460959323, 2360975.389749399386346 ], [ 620970.665499340044335, 2362264.088383870664984 ], [ 619700.029314881656319, 2362250.481605402659625 ], [ 619713.687866145628504, 2360961.78756002150476 ], [ 620984.363604460959323, 2360975.389749399386346 ] ] ] } },
{ "type": "Feature", "properties": { "label": 0, "month": "5", "year": "2024" }, "geometry": { "type": "Polygon", "coordinates": [ [ [ 833955.421096422243863, 2146220.973133531399071 ], [ 833937.636094975052401, 2147505.26464837603271 ], [ 832659.680718168616295, 2147487.633388817775995 ], [ 832677.435659438371658, 2146203.354837586171925 ], [ 833955.421096422243863, 2146220.973133531399071 ] ] ] } },
{ "type": "Feature", "properties": { "label": 0, "month": "5", "year": "2024" }, "geometry": { "type": "Polygon", "coordinates": [ [ [ 589027.607874204521067, 2379979.708599990233779 ], [ 589014.845215083332732, 2381268.912974298000336 ], [ 587744.899387197801843, 2381256.187705982476473 ], [ 587757.6216472244123, 2379966.986701913177967 ], [ 589027.607874204521067, 2379979.708599990233779 ] ] ] } },
{ "type": "Feature", "properties": { "label": 0, "month": "5", "year": "2024" }, "geometry": { "type": "Polygon", "coordinates": [ [ [ 850930.789128768490627, 2120769.48040791740641 ], [ 850912.91624777414836, 2122053.36824837140739 ], [ 849634.194118285086006, 2122035.627996050287038 ], [ 849652.038053656928241, 2120751.753812223672867 ], [ 850930.789128768490627, 2120769.48040791740641 ] ] ] } },
{ "type": "Feature", "properties": { "label": 0, "month": "5", "year": "2024" }, "geometry": { "type": "Polygon", "coordinates": [ [ [ 900059.455425398657098, 2171598.274617705028504 ], [ 900039.773189558065496, 2172883.876676949672401 ], [ 898761.64523272565566, 2172864.421348821371794 ], [ 898781.296205594204366, 2171578.834800410084426 ], [ 900059.455425398657098, 2171598.274617705028504 ] ] ] } },
{ "type": "Feature", "properties": { "label": 0, "month": "5", "year": "2024" }, "geometry": { "type": "Polygon", "coordinates": [ [ [ 779584.932096259202808, 2293368.032927913125604 ], [ 779566.97843764256686, 2294655.620846612844616 ], [ 778293.350914274808019, 2294637.947859653271735 ], [ 778311.267949035507627, 2293350.37063534045592 ], [ 779584.932096259202808, 2293368.032927913125604 ] ] ] } },
{ "type": "Feature", "properties": { "label": 0, "month": "5", "year": "2024" }, "geometry": { "type": "Polygon", "coordinates": [ [ [ 872524.359795424737968, 2131348.98343108035624 ], [ 872505.865621227538213, 2132633.338690361939371 ], [ 871227.133304622024298, 2132614.999794877599925 ], [ 871245.598041364224628, 2131330.659024348948151 ], [ 872524.359795424737968, 2131348.98343108035624 ] ] ] } },
{ "type": "Feature", "properties": { "label": 0, "month": "5", "year": "2024" }, "geometry": { "type": "Polygon", "coordinates": [ [ [ 905349.722256425535306, 2160106.716785377357155 ], [ 905330.074002254288644, 2161392.109955651219934 ], [ 904051.602734725107439, 2161372.674450143706053 ], [ 904071.220234256703407, 2160087.297013647388667 ], [ 905349.722256425535306, 2160106.716785377357155 ] ] ] } },
{ "type": "Feature", "properties": { "label": 0, "month": "5", "year": "2024" }, "geometry": { "type": "Polygon", "coordinates": [ [ [ 605431.294692658586428, 2390463.715430289506912 ], [ 605417.972353110322729, 2391753.296862184535712 ], [ 604148.309272386133671, 2391740.045679443515837 ], [ 604161.590716406353749, 2390450.468234988860786 ], [ 605431.294692658586428, 2390463.715430289506912 ] ] ] } },
{ "type": "Feature", "properties": { "label": 0, "month": "5", "year": "2024" }, "geometry": { "type": "Polygon", "coordinates": [ [ [ 884645.250049573834985, 2176508.860105691477656 ], [ 884625.875745289726183, 2177794.401646029669791 ], [ 883348.060054630273953, 2177775.25145098567009 ], [ 883367.402892991667613, 2176489.724813335109502 ], [ 884645.250049573834985, 2176508.860105691477656 ] ] ] } },
{ "type": "Feature", "properties": { "label": 0, "month": "5", "year": "2024" }, "geometry": { "type": "Polygon", "coordinates": [ [ [ 919573.556499204132706, 2150038.822703070007265 ], [ 919553.71605818439275, 2151324.155168034601957 ], [ 918274.819778012577444, 2151304.520165757276118 ], [ 918294.629898678627796, 2150019.204005433246493 ], [ 919573.556499204132706, 2150038.822703070007265 ] ] ] } },
{ "type": "Feature", "properties": { "label": 0, "month": "5", "year": "2024" }, "geometry": { "type": "Polygon", "coordinates": [ [ [ 868676.675800934899598, 2218714.88936678878963 ], [ 868657.146985776955262, 2220001.301427923608571 ], [ 867380.580203492194414, 2219982.047335672192276 ], [ 867400.075674603926018, 2218695.649498537182808 ], [ 868676.675800934899598, 2218714.88936678878963 ] ] ] } },
{ "type": "Feature", "properties": { "label": 0, "month": "5", "year": "2024" }, "geometry": { "type": "Polygon", "coordinates": [ [ [ 586474.956487502437085, 2381243.500425803940743 ], [ 586462.271220787195489, 2382532.739010379649699 ], [ 585192.371652852627449, 2382520.086443615145981 ], [ 585205.016464481246658, 2381230.851132232695818 ], [ 586474.956487502437085, 2381243.500425803940743 ] ] ] } },
{ "type": "Feature", "properties": { "label": 0, "month": "5", "year": "2024" }, "geometry": { "type": "Polygon", "coordinates": [ [ [ 451400.891282845870592, 2452371.613181994762272 ], [ 451392.650224452430848, 2453663.166158276144415 ], [ 450125.115512746153399, 2453654.639730288647115 ], [ 450133.312923388322815, 2452363.084937035571784 ], [ 451400.891282845870592, 2452371.613181994762272 ] ] ] } },
{ "type": "Feature", "properties": { "label": 0, "month": "5", "year": "2024" }, "geometry": { "type": "Polygon", "coordinates": [ [ [ 431194.929901154711843, 2439326.584261467214674 ], [ 431187.347703861887567, 2440617.729939393699169 ], [ 429919.330034233338665, 2440609.8269530730322 ], [ 429926.869201443216298, 2439318.678694126196206 ], [ 431194.929901154711843, 2439326.584261467214674 ] ] ] } },
{ "type": "Feature", "properties": { "label": 0, "month": "5", "year": "2024" }, "geometry": { "type": "Polygon", "coordinates": [ [ [ 801313.095350755844265, 2288522.884407282806933 ], [ 801294.571732813026756, 2289810.516720076557249 ], [ 800020.606836388236843, 2289792.295714533887804 ], [ 800039.094026900129393, 2288504.674936049617827 ], [ 801313.095350755844265, 2288522.884407282806933 ] ] ] } },
{ "type": "Feature", "properties": { "label": 0, "month": "5", "year": "2024" }, "geometry": { "type": "Polygon", "coordinates": [ [ [ 898682.867337862728164, 2178007.072771285194904 ], [ 898663.129350843839347, 2179292.812226992100477 ], [ 897385.174412416759878, 2179273.310042792931199 ], [ 897404.880850898800418, 2177987.586035089567304 ], [ 898682.867337862728164, 2178007.072771285194904 ] ] ] } },
{ "type": "Feature", "properties": { "label": 0, "month": "5", "year": "2024" }, "geometry": { "type": "Polygon", "coordinates": [ [ [ 903953.251106202835217, 2167800.011720013339072 ], [ 903933.527936726808548, 2169085.569600217044353 ], [ 902655.258472753921524, 2169066.070016782730818 ], [ 902674.950544994673692, 2167780.527804838493466 ], [ 903953.251106202835217, 2167800.011720013339072 ] ] ] } },
{ "type": "Feature", "properties": { "label": 0, "month": "5", "year": "2024" }, "geometry": { "type": "Polygon", "coordinates": [ [ [ 853434.495061691617593, 2124656.849389702547342 ], [ 853416.518527040141635, 2125940.849712236784399 ], [ 852137.855661743786186, 2125923.01145179476589 ], [ 852155.803075687261298, 2124639.024879245087504 ], [ 853434.495061691617593, 2124656.849389702547342 ] ] ] } },
{ "type": "Feature", "properties": { "label": 0, "month": "5", "year": "2024" }, "geometry": { "type": "Polygon", "coordinates": [ [ [ 803842.536729349754751, 2289847.063056111801416 ], [ 803823.926889380323701, 2291134.754710945300758 ], [ 802549.974996926030144, 2291116.452524705789983 ], [ 802568.548346444847994, 2289828.772499818820506 ], [ 803842.536729349754751, 2289847.063056111801416 ] ] ] } },
{ "type": "Feature", "properties": { "label": 0, "month": "5", "year": "2024" }, "geometry": { "type": "Polygon", "coordinates": [ [ [ 717887.745653108227998, 2337631.206677525304258 ], [ 717871.216326197376475, 2338919.650345220696181 ], [ 716599.362456440692768, 2338903.360267833340913 ], [ 716615.853206083411351, 2337614.924891191069037 ], [ 717887.745653108227998, 2337631.206677525304258 ] ] ] } },
{ "type": "Feature", "properties": { "label": 0, "month": "5", "year": "2024" }, "geometry": { "type": "Polygon", "coordinates": [ [ [ 888691.921371868113056, 2162427.007883668411523 ], [ 888672.638917204574682, 2163712.260384685359895 ], [ 887394.434240437345579, 2163693.184146681800485 ], [ 887413.68585486675147, 2162407.946725479327142 ], [ 888691.921371868113056, 2162427.007883668411523 ] ] ] } },
{ "type": "Feature", "properties": { "label": 0, "month": "5", "year": "2024" }, "geometry": { "type": "Polygon", "coordinates": [ [ [ 714072.09288667421788, 2337582.470756066963077 ], [ 714055.679285428486764, 2338870.88969604158774 ], [ 712783.849880624562502, 2338854.709197536576539 ], [ 712800.224910732125863, 2337566.298403158318251 ], [ 714072.09288667421788, 2337582.470756066963077 ] ] ] } },
{ "type": "Feature", "properties": { "label": 0, "month": "5", "year": "2024" }, "geometry": { "type": "Polygon", "coordinates": [ [ [ 889501.962327215820551, 2193300.940752634778619 ], [ 889482.240886218729429, 2194586.946298894938082 ], [ 888204.778242094675079, 2194567.477667237166315 ], [ 888224.467458699713461, 2193281.487189576029778 ], [ 889501.962327215820551, 2193300.940752634778619 ] ] ] } },
{ "type": "Feature", "properties": { "label": 0, "month": "5", "year": "2024" }, "geometry": { "type": "Polygon", "coordinates": [ [ [ 442639.238668629084714, 2434235.476150453556329 ], [ 442631.255622197408229, 2435526.425697781611234 ], [ 441363.095432750473265, 2435518.153219299856573 ], [ 441371.03567880828632, 2434227.201519323978573 ], [ 442639.238668629084714, 2434235.476150453556329 ] ] ] } },
{ "type": "Feature", "properties": { "label": 0, "month": "5", "year": "2024" }, "geometry": { "type": "Polygon", "coordinates": [ [ [ 797213.538278583087958, 2307786.150149703025818 ], [ 797194.927735403180122, 2309074.296463207341731 ], [ 795921.551017923862673, 2309056.009217884857208 ], [ 795940.124261300312355, 2307767.874258787371218 ], [ 797213.538278583087958, 2307786.150149703025818 ] ] ] } },
{ "type": "Feature", "properties": { "label": 0, "month": "5", "year": "2024" }, "geometry": { "type": "Polygon", "coordinates": [ [ [ 895670.007557521574199, 2207547.314892942085862 ], [ 895649.934245905373245, 2208833.745916307438165 ], [ 894372.752263368456624, 2208813.952749217860401 ], [ 894392.792703110957518, 2207527.537014097906649 ], [ 895670.007557521574199, 2207547.314892942085862 ] ] ] } },
{ "type": "Feature", "properties": { "label": 0, "month": "5", "year": "2024" }, "geometry": { "type": "Polygon", "coordinates": [ [ [ 836475.726864806842059, 2148824.962268062867224 ], [ 836457.852642977959476, 2150109.338861071970314 ], [ 835179.931088716490194, 2150091.622789100278169 ], [ 835197.775131850503385, 2148807.259255044162273 ], [ 836475.726864806842059, 2148824.962268062867224 ] ] ] } },
{ "type": "Feature", "properties": { "label": 0, "month": "5", "year": "2024" }, "geometry": { "type": "Polygon", "coordinates": [ [ [ 899622.410169674549252, 2199888.646891312673688 ], [ 899602.343333212193102, 2201174.93266449123621 ], [ 898324.917743070982397, 2201155.136759226676077 ], [ 898344.952047672588378, 2199868.866439183242619 ], [ 899622.410169674549252, 2199888.646891312673688 ] ] ] } },
{ "type": "Feature", "properties": { "label": 0, "month": "5", "year": "2024" }, "geometry": { "type": "Polygon", "coordinates": [ [ [ 708952.141370614524931, 2340094.812137333676219 ], [ 708935.863904316909611, 2341383.27617136342451 ], [ 707664.143697443883866, 2341367.225851054303348 ], [ 707680.382482882472686, 2340078.769765369128436 ], [ 708952.141370614524931, 2340094.812137333676219 ] ] ] } },
{ "type": "Feature", "properties": { "label": 0, "month": "5", "year": "2024" }, "geometry": { "type": "Polygon", "coordinates": [ [ [ 786989.907558593666181, 2310217.086222815793008 ], [ 786971.570100071141496, 2311505.217267074156553 ], [ 785698.35846859391313, 2311487.192017421126366 ], [ 785716.658527903957292, 2310199.07193289231509 ], [ 786989.907558593666181, 2310217.086222815793008 ] ] ] } },
{ "type": "Feature", "properties": { "label": 0, "month": "5", "year": "2024" }, "geometry": { "type": "Polygon", "coordinates": [ [ [ 900000.356349186156876, 2175455.172239151783288 ], [ 899980.621739650145173, 2176740.86585923936218 ], [ 898702.587917065713555, 2176721.364014212042093 ], [ 898722.291090947808698, 2175435.685897163581103 ], [ 900000.356349186156876, 2175455.172239151783288 ] ] ] } },
{ "type": "Feature", "properties": { "label": 0, "month": "5", "year": "2024" }, "geometry": { "type": "Polygon", "coordinates": [ [ [ 805116.536933593568392, 2289865.388391283806413 ], [ 805097.890600915299729, 2291153.091725000180304 ], [ 803823.926889380323701, 2291134.754710945300758 ], [ 803842.536729349754751, 2289847.063056111801416 ], [ 805116.536933593568392, 2289865.388391283806413 ] ] ] } },
{ "type": "Feature", "properties": { "label": 0, "month": "5", "year": "2024" }, "geometry": { "type": "Polygon", "coordinates": [ [ [ 889970.172337684547529, 2162446.099033486098051 ], [ 889950.859040548326448, 2163731.366664213594049 ], [ 888672.638917204574682, 2163712.260384685359895 ], [ 888691.921371868113056, 2162427.007883668411523 ], [ 889970.172337684547529, 2162446.099033486098051 ] ] ] } },
{ "type": "Feature", "properties": { "label": 0, "month": "5", "year": "2024" }, "geometry": { "type": "Polygon", "coordinates": [ [ [ 608144.56594043050427, 2373729.398539558053017 ], [ 608131.21915715909563, 2375018.455745810177177 ], [ 606861.021694846684113, 2375005.180937137920409 ], [ 606874.32835007738322, 2373716.127827570773661 ], [ 608144.56594043050427, 2373729.398539558053017 ] ] ] } },
{ "type": "Feature", "properties": { "label": 0, "month": "5", "year": "2024" }, "geometry": { "type": "Polygon", "coordinates": [ [ [ 855955.836266496800818, 2127260.668245909269899 ], [ 855937.770742205902934, 2128544.753178074490279 ], [ 854659.138172704027966, 2128526.830164031591266 ], [ 854677.174458097200841, 2127242.759077389258891 ], [ 855955.836266496800818, 2127260.668245909269899 ] ] ] } },
{ "type": "Feature", "properties": { "label": 0, "month": "5", "year": "2024" }, "geometry": { "type": "Polygon", "coordinates": [ [ [ 446338.631144086713903, 2451046.227384306490421 ], [ 446330.561443763726857, 2452337.743414730764925 ], [ 445062.971979287685826, 2452329.377308624796569 ], [ 445070.998096467286814, 2451037.859270744491369 ], [ 446338.631144086713903, 2451046.227384306490421 ] ] ] } },
{ "type": "Feature", "properties": { "label": 0, "month": "5", "year": "2024" }, "geometry": { "type": "Polygon", "coordinates": [ [ [ 614576.997167244553566, 2366062.695952676236629 ], [ 614563.477974180364981, 2367351.532270522788167 ], [ 613293.02125854906626, 2367338.094622314441949 ], [ 613306.500670009991154, 2366049.262648184318095 ], [ 614576.997167244553566, 2366062.695952676236629 ] ] ] } },
{ "type": "Feature", "properties": { "label": 0, "month": "5", "year": "2024" }, "geometry": { "type": "Polygon", "coordinates": [ [ [ 438748.415471350133885, 2448413.701620483305305 ], [ 438740.600086619204376, 2449705.141605934593827 ], [ 437472.905334010371007, 2449697.01409660326317 ], [ 437480.677262349403463, 2448405.571817703545094 ], [ 438748.415471350133885, 2448413.701620483305305 ] ] ] } },
{ "type": "Feature", "properties": { "label": 0, "month": "5", "year": "2024" }, "geometry": { "type": "Polygon", "coordinates": [ [ [ 907867.337447445373982, 2162716.525596037972718 ], [ 907847.592119164881296, 2164002.01028241077438 ], [ 906569.150219416711479, 2163982.483168926090002 ], [ 906588.864673587377183, 2162697.014310983940959 ], [ 907867.337447445373982, 2162716.525596037972718 ] ] ] } },
{ "type": "Feature", "properties": { "label": 0, "month": "5", "year": "2024" }, "geometry": { "type": "Polygon", "coordinates": [ [ [ 903515.267135827802122, 2196089.369601327460259 ], [ 903495.155727707664482, 2197375.607146286405623 ], [ 902217.584977289661765, 2197355.763525913003832 ], [ 902237.664019896881655, 2196069.541591196786612 ], [ 903515.267135827802122, 2196089.369601327460259 ] ] ] } },
{ "type": "Feature", "properties": { "label": 0, "month": "5", "year": "2024" }, "geometry": { "type": "Polygon", "coordinates": [ [ [ 844348.030612374423072, 2223499.623257260303944 ], [ 844329.074698448181152, 2224785.904885237105191 ], [ 843052.908365171053447, 2224767.208866273518652 ], [ 843071.830746605759487, 2223480.940512674394995 ], [ 844348.030612374423072, 2223499.623257260303944 ] ] ] } },
{ "type": "Feature", "properties": { "label": 0, "month": "5", "year": "2024" }, "geometry": { "type": "Polygon", "coordinates": [ [ [ 901317.917050537071191, 2172903.362417423631996 ], [ 901298.186036491766572, 2174189.010496475268155 ], [ 900020.07349832134787, 2174169.509197913575917 ], [ 900039.773189558065496, 2172883.876676949672401 ], [ 901317.917050537071191, 2172903.362417423631996 ] ] ] } },
{ "type": "Feature", "properties": { "label": 0, "month": "5", "year": "2024" }, "geometry": { "type": "Polygon", "coordinates": [ [ [ 802587.108394065871835, 2288541.128603777382523 ], [ 802568.548346444847994, 2289828.772499818820506 ], [ 801294.571732813026756, 2289810.516720076557249 ], [ 801313.095350755844265, 2288522.884407282806933 ], [ 802587.108394065871835, 2288541.128603777382523 ] ] ] } },
{ "type": "Feature", "properties": { "label": 0, "month": "5", "year": "2024" }, "geometry": { "type": "Polygon", "coordinates": [ [ [ 446379.027965639426839, 2444589.31247339444235 ], [ 446370.942165455315262, 2445880.606970633845776 ], [ 445103.135385544970632, 2445872.230825634673238 ], [ 445111.177902647294104, 2444580.934320136439055 ], [ 446379.027965639426839, 2444589.31247339444235 ] ] ] } },
{ "type": "Feature", "properties": { "label": 0, "month": "5", "year": "2024" }, "geometry": { "type": "Polygon", "coordinates": [ [ [ 889442.746892828727141, 2197159.051892519462854 ], [ 889422.974335529142991, 2198445.152057755738497 ], [ 888145.608711022417992, 2198425.638235788792372 ], [ 888165.348870694520883, 2197139.553131413180381 ], [ 889442.746892828727141, 2197159.051892519462854 ] ] ] } },
{ "type": "Feature", "properties": { "label": 0, "month": "5", "year": "2024" }, "geometry": { "type": "Polygon", "coordinates": [ [ [ 801257.484765019966289, 2292385.889799627475441 ], [ 801238.921411616494879, 2293673.630687936209142 ], [ 799965.066148651298136, 2293655.375092781614512 ], [ 799983.592899027862586, 2292367.645732129458338 ], [ 801257.484765019966289, 2292385.889799627475441 ] ] ] } },
{ "type": "Feature", "properties": { "label": 0, "month": "5", "year": "2024" }, "geometry": { "type": "Polygon", "coordinates": [ [ [ 863500.088759428355843, 2136358.508616553619504 ], [ 863481.737700650002807, 2137642.878760310821235 ], [ 862203.225876890821382, 2137624.684957679826766 ], [ 862221.5472845826298, 2136340.328943375032395 ], [ 863500.088759428355843, 2136358.508616553619504 ] ] ] } },
{ "type": "Feature", "properties": { "label": 0, "month": "5", "year": "2024" }, "geometry": { "type": "Polygon", "coordinates": [ [ [ 788336.540306518087164, 2305082.938503079582006 ], [ 788318.216175903333351, 2306370.932409647852182 ], [ 787044.84418395976536, 2306352.915627910755575 ], [ 787063.131147885462269, 2305064.932738492731005 ], [ 788336.540306518087164, 2305082.938503079582006 ] ] ] } },
{ "type": "Feature", "properties": { "label": 0, "month": "5", "year": "2024" }, "geometry": { "type": "Polygon", "coordinates": [ [ [ 734406.087008914910257, 2339134.746376531198621 ], [ 734389.045742474496365, 2340423.340867427177727 ], [ 733117.11913576698862, 2340406.566812233999372 ], [ 733134.121738992165774, 2339117.981241003144532 ], [ 734406.087008914910257, 2339134.746376531198621 ] ] ] } },
{ "type": "Feature", "properties": { "label": 0, "month": "5", "year": "2024" }, "geometry": { "type": "Polygon", "coordinates": [ [ [ 609307.586781443213113, 2384056.337314564269036 ], [ 609294.164096764870919, 2385345.724998209625483 ], [ 608024.286044303211384, 2385332.379295020364225 ], [ 608037.668125097174197, 2384042.995748016983271 ], [ 609307.586781443213113, 2384056.337314564269036 ] ] ] } },
{ "type": "Feature", "properties": { "label": 0, "month": "5", "year": "2024" }, "geometry": { "type": "Polygon", "coordinates": [ [ [ 849319.014366838848218, 2232579.718387121334672 ], [ 849299.817168068373576, 2233866.28571122372523 ], [ 848023.832715565920807, 2233847.36606519902125 ], [ 848042.995966912712902, 2232560.812196335755289 ], [ 849319.014366838848218, 2232579.718387121334672 ] ] ] } },
{ "type": "Feature", "properties": { "label": 0, "month": "5", "year": "2024" }, "geometry": { "type": "Polygon", "coordinates": [ [ [ 594223.732311640167609, 2368429.840631245169789 ], [ 594210.84189323161263, 2369718.693712356500328 ], [ 592940.522318323259242, 2369705.848572412040085 ], [ 592953.372863893397152, 2368416.99906211392954 ], [ 594223.732311640167609, 2368429.840631245169789 ] ] ] } },
{ "type": "Feature", "properties": { "label": 0, "month": "5", "year": "2024" }, "geometry": { "type": "Polygon", "coordinates": [ [ [ 618306.606457463582046, 2373836.922456027008593 ], [ 618292.938587938551791, 2375126.014168879482895 ], [ 617022.709592823055573, 2375112.437133024446666 ], [ 617036.337320502614602, 2373823.349902010057122 ], [ 618306.606457463582046, 2373836.922456027008593 ] ] ] } },
{ "type": "Feature", "properties": { "label": 0, "month": "5", "year": "2024" }, "geometry": { "type": "Polygon", "coordinates": [ [ [ 900879.784776472486556, 2201194.760077187325805 ], [ 900859.667836915003136, 2202481.093105074483901 ], [ 899582.258985686465167, 2202461.250192211009562 ], [ 899602.343333212193102, 2201174.93266449123621 ], [ 900879.784776472486556, 2201194.760077187325805 ] ] ] } },
{ "type": "Feature", "properties": { "label": 0, "month": "5", "year": "2024" }, "geometry": { "type": "Polygon", "coordinates": [ [ [ 892096.518805323634297, 2190767.963975080754608 ], [ 892076.767204788513482, 2192053.937033237423748 ], [ 890799.209218709729612, 2192034.436259700451046 ], [ 890818.928705675760284, 2190748.478374749422073 ], [ 892096.518805323634297, 2190767.963975080754608 ] ] ] } },
{ "type": "Feature", "properties": { "label": 0, "month": "5", "year": "2024" }, "geometry": { "type": "Polygon", "coordinates": [ [ [ 441275.980167643283494, 2449721.517925159540027 ], [ 441268.081328942149412, 2451012.997836648020893 ], [ 440000.436360666411929, 2451004.791658019647002 ], [ 440008.291680738853756, 2449713.309548517223448 ], [ 441275.980167643283494, 2449721.517925159540027 ] ] ] } },
{ "type": "Feature", "properties": { "label": 0, "month": "5", "year": "2024" }, "geometry": { "type": "Polygon", "coordinates": [ [ [ 834079.51217329967767, 2137231.752963424660265 ], [ 834061.828142503043637, 2138515.839777173940092 ], [ 832783.663544514449313, 2138498.299308290239424 ], [ 832801.317915035993792, 2137214.225473267491907 ], [ 834079.51217329967767, 2137231.752963424660265 ] ] ] } },
{ "type": "Feature", "properties": { "label": 0, "month": "5", "year": "2024" }, "geometry": { "type": "Polygon", "coordinates": [ [ [ 886749.656309200217947, 2206123.243341481313109 ], [ 886729.829996624030173, 2207409.536313355434686 ], [ 885452.723458967870101, 2207389.980601962655783 ], [ 885472.51697392645292, 2206103.702573518268764 ], [ 886749.656309200217947, 2206123.243341481313109 ] ] ] } },
{ "type": "Feature", "properties": { "label": 0, "month": "5", "year": "2024" }, "geometry": { "type": "Polygon", "coordinates": [ [ [ 717871.216326197376475, 2338919.650345220696181 ], [ 717854.677518611308187, 2340208.132662852760404 ], [ 716582.862285040202551, 2340191.834296132903546 ], [ 716599.362456440692768, 2338903.360267833340913 ], [ 717871.216326197376475, 2338919.650345220696181 ] ] ] } },
{ "type": "Feature", "properties": { "label": 0, "month": "5", "year": "2024" }, "geometry": { "type": "Polygon", "coordinates": [ [ [ 802400.9091171619948, 2301419.200658155139536 ], [ 802382.215969729470089, 2302707.208579637575895 ], [ 801108.606873751617968, 2302688.837090171407908 ], [ 801127.263005694025196, 2301400.840729596093297 ], [ 802400.9091171619948, 2301419.200658155139536 ] ] ] } },
{ "type": "Feature", "properties": { "label": 0, "month": "5", "year": "2024" }, "geometry": { "type": "Polygon", "coordinates": [ [ [ 898284.796771567314863, 2203727.77272990019992 ], [ 898264.710099563235417, 2205014.138498567976058 ], [ 896987.398245487129316, 2204994.327903777826577 ], [ 897007.452214496908709, 2203707.977530600968748 ], [ 898284.796771567314863, 2203727.77272990019992 ] ] ] } },
{ "type": "Feature", "properties": { "label": 0, "month": "5", "year": "2024" }, "geometry": { "type": "Polygon", "coordinates": [ [ [ 796088.241143806953914, 2297464.121200190857053 ], [ 796069.772120682988316, 2298751.961925545707345 ], [ 794796.110140905715525, 2298733.800684747286141 ], [ 794814.54233569232747, 2297445.971282637212425 ], [ 796088.241143806953914, 2297464.121200190857053 ] ] ] } },
{ "type": "Feature", "properties": { "label": 0, "month": "5", "year": "2024" }, "geometry": { "type": "Polygon", "coordinates": [ [ [ 601661.767761651426554, 2386555.627774260938168 ], [ 601648.580445437808521, 2387845.073581933043897 ], [ 600378.805470225983299, 2387831.949106104671955 ], [ 600391.952074123197235, 2386542.507144731003791 ], [ 601661.767761651426554, 2386555.627774260938168 ] ] ] } },
{ "type": "Feature", "properties": { "label": 0, "month": "5", "year": "2024" }, "geometry": { "type": "Polygon", "coordinates": [ [ [ 882740.128724524751306, 2217642.110675510019064 ], [ 882720.249765236629173, 2218928.649851919151843 ], [ 881443.486582046141848, 2218909.056282664649189 ], [ 881463.332229649182409, 2217622.531877608038485 ], [ 882740.128724524751306, 2217642.110675510019064 ] ] ] } },
{ "type": "Feature", "properties": { "label": 0, "month": "5", "year": "2024" }, "geometry": { "type": "Polygon", "coordinates": [ [ [ 793540.854971084976569, 2297427.856421057134867 ], [ 793522.459602392278612, 2298715.674548785667866 ], [ 792248.820453122607432, 2298697.58351534139365 ], [ 792267.178997959243134, 2297409.776613132096827 ], [ 793540.854971084976569, 2297427.856421057134867 ] ] ] } },
{ "type": "Feature", "properties": { "label": 0, "month": "5", "year": "2024" }, "geometry": { "type": "Polygon", "coordinates": [ [ [ 831292.899290494970046, 2153891.803029123693705 ], [ 831275.088476691860706, 2155176.246422743890435 ], [ 829997.340904769138433, 2155158.596708610188216 ], [ 830015.121319317724556, 2153874.166165952570736 ], [ 831292.899290494970046, 2153891.803029123693705 ] ] ] } },
{ "type": "Feature", "properties": { "label": 0, "month": "5", "year": "2024" }, "geometry": { "type": "Polygon", "coordinates": [ [ [ 857252.591550459386781, 2125994.535676697269082 ], [ 857234.512214215705171, 2127278.60599788883701 ], [ 855955.836266496800818, 2127260.668245909269899 ], [ 855973.88641879032366, 2125976.611822498496622 ], [ 857252.591550459386781, 2125994.535676697269082 ] ] ] } },
{ "type": "Feature", "properties": { "label": 0, "month": "5", "year": "2024" }, "geometry": { "type": "Polygon", "coordinates": [ [ [ 610577.509238474653102, 2384069.716992165427655 ], [ 610564.045948191545904, 2385359.108860541600734 ], [ 609294.164096764870919, 2385345.724998209625483 ], [ 609307.586781443213113, 2384056.337314564269036 ], [ 610577.509238474653102, 2384069.716992165427655 ] ] ] } },
{ "type": "Feature", "properties": { "label": 0, "month": "5", "year": "2024" }, "geometry": { "type": "Polygon", "coordinates": [ [ [ 854767.126199879683554, 2120822.830151343718171 ], [ 854749.166469664196484, 2122106.759261859115213 ], [ 853470.402370852883905, 2122088.933879090007395 ], [ 853488.333149264450185, 2120805.018575296271592 ], [ 854767.126199879683554, 2120822.830151343718171 ] ] ] } },
{ "type": "Feature", "properties": { "label": 0, "month": "5", "year": "2024" }, "geometry": { "type": "Polygon", "coordinates": [ [ [ 901435.935450550168753, 2165190.111537285149097 ], [ 901416.309476641239598, 2166475.577738972380757 ], [ 900138.009864652296528, 2166456.169827887322754 ], [ 900157.604860881110653, 2165170.71919985441491 ], [ 901435.935450550168753, 2165190.111537285149097 ] ] ] } },
{ "type": "Feature", "properties": { "label": 0, "month": "5", "year": "2024" }, "geometry": { "type": "Polygon", "coordinates": [ [ [ 921750.192231913562864, 2174505.176146745681763 ], [ 921729.941302177961916, 2175791.110413 ], [ 920451.598595876246691, 2175771.105029442813247 ], [ 920471.81810813350603, 2174485.187116650864482 ], [ 921750.192231913562864, 2174505.176146745681763 ] ] ] } },
{ "type": "Feature", "properties": { "label": 0, "month": "5", "year": "2024" }, "geometry": { "type": "Polygon", "coordinates": [ [ [ 610590.967998587526381, 2382780.36613393900916 ], [ 610577.509238474653102, 2384069.716992165427655 ], [ 609307.586781443213113, 2384056.337314564269036 ], [ 609321.004995266208425, 2382766.990642085671425 ], [ 610590.967998587526381, 2382780.36613393900916 ] ] ] } },
{ "type": "Feature", "properties": { "label": 0, "month": "5", "year": "2024" }, "geometry": { "type": "Polygon", "coordinates": [ [ [ 733134.121738992165774, 2339117.981241003144532 ], [ 733117.11913576698862, 2340406.566812233999372 ], [ 731845.20140693965368, 2340389.829361122567207 ], [ 731862.165349053917453, 2339101.252661049365997 ], [ 733134.121738992165774, 2339117.981241003144532 ] ] ] } },
{ "type": "Feature", "properties": { "label": 0, "month": "5", "year": "2024" }, "geometry": { "type": "Polygon", "coordinates": [ [ [ 609213.534110171720386, 2393082.915854760911316 ], [ 609200.080134217161685, 2394372.592377157416195 ], [ 607930.487970996182412, 2394359.217746113892645 ], [ 607943.900927455048077, 2393069.545353185385466 ], [ 609213.534110171720386, 2393082.915854760911316 ] ] ] } },
{ "type": "Feature", "properties": { "label": 0, "month": "5", "year": "2024" }, "geometry": { "type": "Polygon", "coordinates": [ [ [ 751308.350871001137421, 2312301.830690852832049 ], [ 751291.037789403810166, 2313589.747849964536726 ], [ 750018.190910531906411, 2313572.698710622265935 ], [ 750035.46653657045681, 2312284.791142595931888 ], [ 751308.350871001137421, 2312301.830690852832049 ] ] ] } },
{ "type": "Feature", "properties": { "label": 0, "month": "5", "year": "2024" }, "geometry": { "type": "Polygon", "coordinates": [ [ [ 890897.635811243439093, 2185604.959261829499155 ], [ 890877.984656298533082, 2186890.792293658014387 ], [ 889600.31407302909065, 2186871.38317153044045 ], [ 889619.933347434853204, 2185585.565273472573608 ], [ 890897.635811243439093, 2185604.959261829499155 ] ] ] } },
{ "type": "Feature", "properties": { "label": 0, "month": "5", "year": "2024" }, "geometry": { "type": "Polygon", "coordinates": [ [ [ 863518.424089543987066, 2135074.167373683769256 ], [ 863500.088759428355843, 2136358.508616553619504 ], [ 862221.5472845826298, 2136340.328943375032395 ], [ 862239.853020740207285, 2135056.001832278445363 ], [ 863518.424089543987066, 2135074.167373683769256 ] ] ] } },
{ "type": "Feature", "properties": { "label": 0, "month": "5", "year": "2024" }, "geometry": { "type": "Polygon", "coordinates": [ [ [ 442655.214890994131565, 2431653.707797909155488 ], [ 442647.225092248932924, 2432944.570205109193921 ], [ 441378.979361910372972, 2432936.293421167414635 ], [ 441386.926479970454238, 2431645.428860967978835 ], [ 442655.214890994131565, 2431653.707797909155488 ] ] ] } },
{ "type": "Feature", "properties": { "label": 0, "month": "5", "year": "2024" }, "geometry": { "type": "Polygon", "coordinates": [ [ [ 902635.548837562324479, 2170351.642509751021862 ], [ 902615.821636906359345, 2171637.24534222856164 ], [ 901337.630551634472795, 2171617.744797500781715 ], [ 901357.326542287133634, 2170332.157578183338046 ], [ 902635.548837562324479, 2170351.642509751021862 ] ] ] } },
{ "type": "Feature", "properties": { "label": 0, "month": "5", "year": "2024" }, "geometry": { "type": "Polygon", "coordinates": [ [ [ 892546.078724110731855, 2161199.103287207894027 ], [ 892526.720826166216284, 2162484.371317588724196 ], [ 891248.438804914709181, 2162465.220177332870662 ], [ 891267.765913341660053, 2161179.967378968372941 ], [ 892546.078724110731855, 2161199.103287207894027 ] ] ] } },
{ "type": "Feature", "properties": { "label": 0, "month": "5", "year": "2024" }, "geometry": { "type": "Polygon", "coordinates": [ [ [ 790809.721513197058812, 2310271.342283695470542 ], [ 790791.271843578200787, 2311559.506499772425741 ], [ 789518.026735591469333, 2311541.374505927786231 ], [ 789536.438999265083112, 2310253.221395901404321 ], [ 790809.721513197058812, 2310271.342283695470542 ] ] ] } },
{ "type": "Feature", "properties": { "label": 0, "month": "5", "year": "2024" }, "geometry": { "type": "Polygon", "coordinates": [ [ [ 714022.824170239735395, 2341447.843603130895644 ], [ 714006.382654428714886, 2342736.378693915437907 ], [ 712734.669316586572677, 2342720.173768839798868 ], [ 712751.072084475425072, 2341431.646818533074111 ], [ 714022.824170239735395, 2341447.843603130895644 ] ] ] } },
{ "type": "Feature", "properties": { "label": 0, "month": "5", "year": "2024" }, "geometry": { "type": "Polygon", "coordinates": [ [ [ 890501.364836553111672, 2211327.600787923205644 ], [ 890481.371626895619556, 2212614.067515918053687 ], [ 889204.350779902422801, 2212594.35626178374514 ], [ 889224.310953428968787, 2211307.90461563738063 ], [ 890501.364836553111672, 2211327.600787923205644 ] ] ] } },
{ "type": "Feature", "properties": { "label": 0, "month": "5", "year": "2024" }, "geometry": { "type": "Polygon", "coordinates": [ [ [ 438724.980065816955175, 2452288.154750070534647 ], [ 438717.175434002070688, 2453579.728037180379033 ], [ 437449.611410800076555, 2453571.607406848110259 ], [ 437457.37240609433502, 2452280.031826956663281 ], [ 438724.980065816955175, 2452288.154750070534647 ] ] ] } },
{ "type": "Feature", "properties": { "label": 0, "month": "5", "year": "2024" }, "geometry": { "type": "Polygon", "coordinates": [ [ [ 896028.362716710660607, 2184396.981164546683431 ], [ 896008.601324149873108, 2185682.844173120334744 ], [ 894730.836492167785764, 2185663.326596712693572 ], [ 894750.566052653477527, 2184377.478923553600907 ], [ 896028.362716710660607, 2184396.981164546683431 ] ] ] } },
{ "type": "Feature", "properties": { "label": 0, "month": "5", "year": "2024" }, "geometry": { "type": "Polygon", "coordinates": [ [ [ 888204.778242094675079, 2194567.477667237166315 ], [ 888185.072046905406751, 2195853.499628205783665 ], [ 886907.657074644346721, 2195834.047216787468642 ], [ 886927.330990019487217, 2194548.040272131562233 ], [ 888204.778242094675079, 2194567.477667237166315 ] ] ] } },
{ "type": "Feature", "properties": { "label": 0, "month": "5", "year": "2024" }, "geometry": { "type": "Polygon", "coordinates": [ [ [ 889363.55439172196202, 2202303.642734785564244 ], [ 889343.713644941570237, 2203589.869884261395782 ], [ 888066.478188765002415, 2203570.295844790991396 ], [ 888086.286306763300672, 2202284.083745803218335 ], [ 889363.55439172196202, 2202303.642734785564244 ] ] ] } },
{ "type": "Feature", "properties": { "label": 0, "month": "5", "year": "2024" }, "geometry": { "type": "Polygon", "coordinates": [ [ [ 889989.468658833997324, 2161160.86141723766923 ], [ 889970.172337684547529, 2162446.099033486098051 ], [ 888691.921371868113056, 2162427.007883668411523 ], [ 888711.186907974770293, 2161141.785399643704295 ], [ 889989.468658833997324, 2161160.86141723766923 ] ] ] } },
{ "type": "Feature", "properties": { "label": 0, "month": "5", "year": "2024" }, "geometry": { "type": "Polygon", "coordinates": [ [ [ 919072.057226453442127, 2182181.09749937383458 ], [ 919051.759142864728346, 2183467.18322092294693 ], [ 917773.639554111752659, 2183447.141473451629281 ], [ 917793.905879015335813, 2182161.071989275980741 ], [ 919072.057226453442127, 2182181.09749937383458 ] ] ] } },
{ "type": "Feature", "properties": { "label": 0, "month": "5", "year": "2024" }, "geometry": { "type": "Polygon", "coordinates": [ [ [ 891132.118368826224469, 2170177.369263416156173 ], [ 891112.67197617678903, 2171462.833372620400041 ], [ 889834.622628635726869, 2171443.606024684384465 ], [ 889854.037831736262888, 2170158.157079904805869 ], [ 891132.118368826224469, 2170177.369263416156173 ] ] ] } },
{ "type": "Feature", "properties": { "label": 0, "month": "5", "year": "2024" }, "geometry": { "type": "Polygon", "coordinates": [ [ [ 812741.923986711772159, 2291263.845325603149831 ], [ 812723.044878102838993, 2292551.655931863933802 ], [ 811449.045723500428721, 2292533.097931082826108 ], [ 811467.888267220929265, 2291245.299295075237751 ], [ 812741.923986711772159, 2291263.845325603149831 ] ] ] } },
{ "type": "Feature", "properties": { "label": 0, "month": "5", "year": "2024" }, "geometry": { "type": "Polygon", "coordinates": [ [ [ 839092.322103231679648, 2233715.843920070677996 ], [ 839073.381571269128472, 2235002.338400066364557 ], [ 837797.539208381203935, 2234983.667203758843243 ], [ 837816.445753037463874, 2233697.185781677253544 ], [ 839092.322103231679648, 2233715.843920070677996 ] ] ] } },
{ "type": "Feature", "properties": { "label": 0, "month": "5", "year": "2024" }, "geometry": { "type": "Polygon", "coordinates": [ [ [ 872505.865621227538213, 2132633.338690361939371 ], [ 872487.355324835516512, 2133917.722660177387297 ], [ 871208.652502797427587, 2133899.369278296362609 ], [ 871227.133304622024298, 2132614.999794877599925 ], [ 872505.865621227538213, 2132633.338690361939371 ] ] ] } },
{ "type": "Feature", "properties": { "label": 0, "month": "5", "year": "2024" }, "geometry": { "type": "Polygon", "coordinates": [ [ [ 855991.921201069024391, 2124692.583849930670112 ], [ 855973.88641879032366, 2125976.611822498496622 ], [ 854695.1954285223037, 2125958.716501745861024 ], [ 854713.201085948967375, 2124674.702379203401506 ], [ 855991.921201069024391, 2124692.583849930670112 ] ] ] } },
{ "type": "Feature", "properties": { "label": 0, "month": "5", "year": "2024" }, "geometry": { "type": "Polygon", "coordinates": [ [ [ 859719.200445282855071, 2132451.245927084702998 ], [ 859700.984999175649136, 2133735.487283057067543 ], [ 858422.427411365904845, 2133717.422402627766132 ], [ 858440.613384052179754, 2132433.195033082738519 ], [ 859719.200445282855071, 2132451.245927084702998 ] ] ] } },
{ "type": "Feature", "properties": { "label": 0, "month": "5", "year": "2024" }, "geometry": { "type": "Polygon", "coordinates": [ [ [ 910265.373812618199736, 2173040.614352838601917 ], [ 910245.423474575160071, 2174326.372734692879021 ], [ 908967.198150398442522, 2174306.658131807576865 ], [ 908987.117149525438435, 2173020.915657110977918 ], [ 910265.373812618199736, 2173040.614352838601917 ] ] ] } },
{ "type": "Feature", "properties": { "label": 0, "month": "5", "year": "2024" }, "geometry": { "type": "Polygon", "coordinates": [ [ [ 785753.220945868175477, 2307622.943100372329354 ], [ 785734.946019777096808, 2308910.988980930298567 ], [ 784461.670707944547758, 2308893.021132111083716 ], [ 784479.908354453393258, 2307604.986166807357222 ], [ 785753.220945868175477, 2307622.943100372329354 ] ] ] } },
{ "type": "Feature", "properties": { "label": 0, "month": "5", "year": "2024" }, "geometry": { "type": "Polygon", "coordinates": [ [ [ 859737.400340199819766, 2131167.033304877113551 ], [ 859719.200445282855071, 2132451.245927084702998 ], [ 858440.613384052179754, 2132433.195033082738519 ], [ 858458.783862630603835, 2131148.996399571653455 ], [ 859737.400340199819766, 2131167.033304877113551 ] ] ] } },
{ "type": "Feature", "properties": { "label": 0, "month": "5", "year": "2024" }, "geometry": { "type": "Polygon", "coordinates": [ [ [ 779620.802654553903267, 2290792.966079942882061 ], [ 779602.873501377063803, 2292080.48135930346325 ], [ 778329.172788818832487, 2292062.829763187095523 ], [ 778347.065435170894489, 2290775.325182370375842 ], [ 779620.802654553903267, 2290792.966079942882061 ] ] ] } },
{ "type": "Feature", "properties": { "label": 0, "month": "5", "year": "2024" }, "geometry": { "type": "Polygon", "coordinates": [ [ [ 893275.033808966400102, 2197217.736216262448579 ], [ 893255.164044873556122, 2198503.881862180773169 ], [ 891977.751949940575287, 2198484.273868475109339 ], [ 891997.589309447561391, 2197198.143432477489114 ], [ 893275.033808966400102, 2197217.736216262448579 ] ] ] } },
{ "type": "Feature", "properties": { "label": 0, "month": "5", "year": "2024" }, "geometry": { "type": "Polygon", "coordinates": [ [ [ 798505.59851956833154, 2306516.340763655491173 ], [ 798486.963825374259613, 2307804.461491996888071 ], [ 797213.538278583087958, 2307786.150149703025818 ], [ 797232.135729409637861, 2306498.040826810523868 ], [ 798505.59851956833154, 2306516.340763655491173 ] ] ] } },
{ "type": "Feature", "properties": { "label": 0, "month": "5", "year": "2024" }, "geometry": { "type": "Polygon", "coordinates": [ [ [ 440118.635028576187324, 2431637.189691504929215 ], [ 440110.730590083985589, 2432928.056452434509993 ], [ 438842.478725441149436, 2432919.859298092778772 ], [ 438850.340485470893327, 2431628.990288697648793 ], [ 440118.635028576187324, 2431637.189691504929215 ] ] ] } },
{ "type": "Feature", "properties": { "label": 0, "month": "5", "year": "2024" }, "geometry": { "type": "Polygon", "coordinates": [ [ [ 710223.908152454532683, 2340110.891073859296739 ], [ 710207.592003274010494, 2341399.363104690331966 ], [ 708935.863904316909611, 2341383.27617136342451 ], [ 708952.141370614524931, 2340094.812137333676219 ], [ 710223.908152454532683, 2340110.891073859296739 ] ] ] } },
{ "type": "Feature", "properties": { "label": 0, "month": "5", "year": "2024" }, "geometry": { "type": "Polygon", "coordinates": [ [ [ 868798.219132957514375, 2123588.824655359610915 ], [ 868779.908925750642084, 2124872.965509525034577 ], [ 867501.045007875887677, 2124854.799105189740658 ], [ 867519.32612637267448, 2123570.672603677026927 ], [ 868798.219132957514375, 2123588.824655359610915 ] ] ] } },
{ "type": "Feature", "properties": { "label": 0, "month": "5", "year": "2024" }, "geometry": { "type": "Polygon", "coordinates": [ [ [ 886769.465678984532133, 2204836.98238660255447 ], [ 886749.656309200217947, 2206123.243341481313109 ], [ 885472.51697392645292, 2206103.702573518268764 ], [ 885492.293603933532722, 2204817.45656465459615 ], [ 886769.465678984532133, 2204836.98238660255447 ] ] ] } },
{ "type": "Feature", "properties": { "label": 0, "month": "5", "year": "2024" }, "geometry": { "type": "Polygon", "coordinates": [ [ [ 902714.282010660273954, 2165209.53399021923542 ], [ 902694.625056792749092, 2166495.015815456397831 ], [ 901416.309476641239598, 2166475.577738972380757 ], [ 901435.935450550168753, 2165190.111537285149097 ], [ 902714.282010660273954, 2165209.53399021923542 ] ] ] } },
{ "type": "Feature", "properties": { "label": 0, "month": "5", "year": "2024" }, "geometry": { "type": "Polygon", "coordinates": [ [ [ 861034.244815756566823, 2129900.900962833780795 ], [ 861016.031108644558117, 2131185.098950267303735 ], [ 859737.400340199819766, 2131167.033304877113551 ], [ 859755.584685952402651, 2129882.849358430597931 ], [ 861034.244815756566823, 2129900.900962833780795 ] ] ] } },
{ "type": "Feature", "properties": { "label": 0, "month": "5", "year": "2024" }, "geometry": { "type": "Polygon", "coordinates": [ [ [ 901278.437506985850632, 2175474.689093196764588 ], [ 901258.671459507080726, 2176760.398266161326319 ], [ 899980.621739650145173, 2176740.86585923936218 ], [ 900000.356349186156876, 2175455.172239151783288 ], [ 901278.437506985850632, 2175474.689093196764588 ] ] ] } },
{ "type": "Feature", "properties": { "label": 0, "month": "5", "year": "2024" }, "geometry": { "type": "Polygon", "coordinates": [ [ [ 627351.698367553995922, 2359755.277181078214198 ], [ 627337.807767873862758, 2361043.959614869672805 ], [ 626067.11003357777372, 2361030.1711137117818 ], [ 626080.961129705770873, 2359741.493511338718235 ], [ 627351.698367553995922, 2359755.277181078214198 ] ] ] } },
{ "type": "Feature", "properties": { "label": 0, "month": "5", "year": "2024" }, "geometry": { "type": "Polygon", "coordinates": [ [ [ 886927.330990019487217, 2194548.040272131562233 ], [ 886907.657074644346721, 2195834.047216787468642 ], [ 885630.257439611945301, 2195814.626089172437787 ], [ 885649.899077476933599, 2194528.634111134335399 ], [ 886927.330990019487217, 2194548.040272131562233 ] ] ] } },
{ "type": "Feature", "properties": { "label": 0, "month": "5", "year": "2024" }, "geometry": { "type": "Polygon", "coordinates": [ [ [ 615806.806460046442226, 2369942.809467494022101 ], [ 615793.233177583781071, 2371231.770939637906849 ], [ 614522.89213751477655, 2371218.282630214001983 ], [ 614536.425459194928408, 2369929.325546803418547 ], [ 615806.806460046442226, 2369942.809467494022101 ] ] ] } },
{ "type": "Feature", "properties": { "label": 0, "month": "5", "year": "2024" }, "geometry": { "type": "Polygon", "coordinates": [ [ [ 888244.13969915965572, 2191995.528136324137449 ], [ 888224.467458699713461, 2193281.487189576029778 ], [ 886946.987984541687183, 2193262.064813361968845 ], [ 886966.628060634830035, 2191976.120781577192247 ], [ 888244.13969915965572, 2191995.528136324137449 ] ] ] } },
{ "type": "Feature", "properties": { "label": 0, "month": "5", "year": "2024" }, "geometry": { "type": "Polygon", "coordinates": [ [ [ 455304.29307125788182, 2436902.320067972876132 ], [ 455295.887521931144875, 2438193.338111184071749 ], [ 454027.840750130009837, 2438184.669829916208982 ], [ 454036.203367938171141, 2436893.650111334398389 ], [ 455304.29307125788182, 2436902.320067972876132 ] ] ] } },
{ "type": "Feature", "properties": { "label": 0, "month": "5", "year": "2024" }, "geometry": { "type": "Polygon", "coordinates": [ [ [ 906509.900494642090052, 2167839.070213371887803 ], [ 906490.115123826893978, 2169124.659579758532345 ], [ 905211.813469544285908, 2169105.099453724455088 ], [ 905231.56773854396306, 2167819.525855381041765 ], [ 906509.900494642090052, 2167839.070213371887803 ] ] ] } },
{ "type": "Feature", "properties": { "label": 0, "month": "5", "year": "2024" }, "geometry": { "type": "Polygon", "coordinates": [ [ [ 902317.804052222520113, 2190924.968397628515959 ], [ 902297.795459712855518, 2192211.064631977118552 ], [ 901020.111568483174779, 2192191.314632955007255 ], [ 901040.088028851198032, 2190905.23396975081414 ], [ 902317.804052222520113, 2190924.968397628515959 ] ] ] } },
{ "type": "Feature", "properties": { "label": 0, "month": "5", "year": "2024" }, "geometry": { "type": "Polygon", "coordinates": [ [ [ 610604.422228368115611, 2381491.056223060470074 ], [ 610590.967998587526381, 2382780.36613393900916 ], [ 609321.004995266208425, 2382766.990642085671425 ], [ 609334.418738062144257, 2381477.684917994309217 ], [ 610604.422228368115611, 2381491.056223060470074 ] ] ] } },
{ "type": "Feature", "properties": { "label": 0, "month": "5", "year": "2024" }, "geometry": { "type": "Polygon", "coordinates": [ [ [ 803674.566977546084672, 2301437.595803349744529 ], [ 803655.836812348570675, 2302725.615334593225271 ], [ 802382.215969729470089, 2302707.208579637575895 ], [ 802400.9091171619948, 2301419.200658155139536 ], [ 803674.566977546084672, 2301437.595803349744529 ] ] ] } },
{ "type": "Feature", "properties": { "label": 0, "month": "5", "year": "2024" }, "geometry": { "type": "Polygon", "coordinates": [ [ [ 893959.648021903121844, 2152222.121250740718096 ], [ 893940.379302833112888, 2153507.196148032788187 ], [ 892661.867338117561303, 2153488.122035496402532 ], [ 892681.105667144525796, 2152203.062437791377306 ], [ 893959.648021903121844, 2152222.121250740718096 ] ] ] } },
{ "type": "Feature", "properties": { "label": 0, "month": "5", "year": "2024" }, "geometry": { "type": "Polygon", "coordinates": [ [ [ 446492.56570098613156, 2426515.792394051328301 ], [ 446484.435091233346611, 2427806.475112046580762 ], [ 445216.027800008887425, 2427798.070837259758264 ], [ 445224.115964905766305, 2426507.38610886130482 ], [ 446492.56570098613156, 2426515.792394051328301 ] ] ] } },
{ "type": "Feature", "properties": { "label": 0, "month": "5", "year": "2024" }, "geometry": { "type": "Polygon", "coordinates": [ [ [ 900899.884147145203315, 2199908.458801174536347 ], [ 900879.784776472486556, 2201194.760077187325805 ], [ 899602.343333212193102, 2201174.93266449123621 ], [ 899622.410169674549252, 2199888.646891312673688 ], [ 900899.884147145203315, 2199908.458801174536347 ] ] ] } },
{ "type": "Feature", "properties": { "label": 0, "month": "5", "year": "2024" }, "geometry": { "type": "Polygon", "coordinates": [ [ [ 600339.341330477967858, 2391700.522482121828943 ], [ 600326.178508765995502, 2392990.129647861234844 ], [ 599056.570404706755653, 2392977.028232682496309 ], [ 599069.692278295638971, 2391687.42486133472994 ], [ 600339.341330477967858, 2391700.522482121828943 ] ] ] } },
{ "type": "Feature", "properties": { "label": 0, "month": "5", "year": "2024" }, "geometry": { "type": "Polygon", "coordinates": [ [ [ 785716.658527903957292, 2310199.07193289231509 ], [ 785698.35846859391313, 2311487.192017421126366 ], [ 784425.15789201320149, 2311469.202344528865069 ], [ 784443.420554341748357, 2310181.093170966021717 ], [ 785716.658527903957292, 2310199.07193289231509 ] ] ] } },
{ "type": "Feature", "properties": { "label": 0, "month": "5", "year": "2024" }, "geometry": { "type": "Polygon", "coordinates": [ [ [ 789701.576114231254905, 2298661.506746747996658 ], [ 789683.278481978690252, 2299949.327921203803271 ], [ 788409.710064080078155, 2299931.331104654353112 ], [ 788427.970820573274978, 2298643.521006970200688 ], [ 789701.576114231254905, 2298661.506746747996658 ] ] ] } },
{ "type": "Feature", "properties": { "label": 0, "month": "5", "year": "2024" }, "geometry": { "type": "Polygon", "coordinates": [ [ [ 431187.347703861887567, 2440617.729939393699169 ], [ 431179.76943344733445, 2441908.919536942150444 ], [ 429911.79485383501742, 2441901.019131384789944 ], [ 429919.330034233338665, 2440609.8269530730322 ], [ 431187.347703861887567, 2440617.729939393699169 ] ] ] } },
{ "type": "Feature", "properties": { "label": 0, "month": "5", "year": "2024" }, "geometry": { "type": "Polygon", "coordinates": [ [ [ 586487.638350078952499, 2379954.3027438740246 ], [ 586474.956487502437085, 2381243.500425803940743 ], [ 585205.016464481246658, 2381230.851132232695818 ], [ 585217.657931240391918, 2379941.656724365893751 ], [ 586487.638350078952499, 2379954.3027438740246 ] ] ] } },
{ "type": "Feature", "properties": { "label": 0, "month": "5", "year": "2024" }, "geometry": { "type": "Polygon", "coordinates": [ [ [ 892056.99845740373712, 2193339.941449163015932 ], [ 892037.212560701416805, 2194625.977281741332263 ], [ 890759.718974915565923, 2194606.446169572882354 ], [ 890779.472642607986927, 2193320.425505014136434 ], [ 892056.99845740373712, 2193339.941449163015932 ] ] ] } },
{ "type": "Feature", "properties": { "label": 0, "month": "5", "year": "2024" }, "geometry": { "type": "Polygon", "coordinates": [ [ [ 613076.718294728198089, 2387964.915108636487275 ], [ 613063.159842377644964, 2389254.438891860190779 ], [ 611793.39242170995567, 2389240.965870091691613 ], [ 611806.910086955642328, 2387951.446364589501172 ], [ 613076.718294728198089, 2387964.915108636487275 ] ] ] } },
{ "type": "Feature", "properties": { "label": 0, "month": "5", "year": "2024" }, "geometry": { "type": "Polygon", "coordinates": [ [ [ 859624.76869838568382, 2226299.258353303186595 ], [ 859605.378691924386658, 2227585.769108559004962 ], [ 858329.113539826590568, 2227566.657077430281788 ], [ 858348.469870595610701, 2226280.160184917040169 ], [ 859624.76869838568382, 2226299.258353303186595 ] ] ] } },
{ "type": "Feature", "properties": { "label": 0, "month": "5", "year": "2024" }, "geometry": { "type": "Polygon", "coordinates": [ [ [ 886946.987984541687183, 2193262.064813361968845 ], [ 886927.330990019487217, 2194548.040272131562233 ], [ 885649.899077476933599, 2194528.634111134335399 ], [ 885669.523852215264924, 2193242.673621554393321 ], [ 886946.987984541687183, 2193262.064813361968845 ] ] ] } },
{ "type": "Feature", "properties": { "label": 0, "month": "5", "year": "2024" }, "geometry": { "type": "Polygon", "coordinates": [ [ [ 842958.071289154118858, 2231199.046690582297742 ], [ 842939.058825679589063, 2232485.513883727136999 ], [ 841663.108393391477875, 2232466.770906242541969 ], [ 841682.086978817242198, 2231180.316923836711794 ], [ 842958.071289154118858, 2231199.046690582297742 ] ] ] } },
{ "type": "Feature", "properties": { "label": 0, "month": "5", "year": "2024" }, "geometry": { "type": "Polygon", "coordinates": [ [ [ 619686.365817130776122, 2363539.215589527972043 ], [ 619672.697372966562398, 2364827.989574758335948 ], [ 618402.144712632521987, 2364814.411023424938321 ], [ 618415.773486498277634, 2363525.641576877329499 ], [ 619686.365817130776122, 2363539.215589527972043 ] ] ] } },
{ "type": "Feature", "properties": { "label": 0, "month": "5", "year": "2024" }, "geometry": { "type": "Polygon", "coordinates": [ [ [ 794814.54233569232747, 2297445.971282637212425 ], [ 794796.110140905715525, 2298733.800684747286141 ], [ 793522.459602392278612, 2298715.674548785667866 ], [ 793540.854971084976569, 2297427.856421057134867 ], [ 794814.54233569232747, 2297445.971282637212425 ] ] ] } },
{ "type": "Feature", "properties": { "label": 0, "month": "5", "year": "2024" }, "geometry": { "type": "Polygon", "coordinates": [ [ [ 585217.657931240391918, 2379941.656724365893751 ], [ 585205.016464481246658, 2381230.851132232695818 ], [ 583935.079266608227044, 2381218.239823756739497 ], [ 583947.680339187034406, 2379929.048641852103174 ], [ 585217.657931240391918, 2379941.656724365893751 ] ] ] } },
{ "type": "Feature", "properties": { "label": 1, "month": "8", "year": "2024" }, "geometry": { "type": "Polygon", "coordinates": [ [ [ 431141.937061901029665, 2448365.528560101985931 ], [ 431134.382399171998259, 2449656.983020400628448 ], [ 429866.667618938605301, 2449649.098093711771071 ], [ 429874.178831778932363, 2448357.641054283827543 ], [ 431141.937061901029665, 2448365.528560101985931 ] ] ] } },
{ "type": "Feature", "properties": { "label": 1, "month": "8", "year": "2024" }, "geometry": { "type": "Polygon", "coordinates": [ [ [ 431134.382399171998259, 2449656.983020400628448 ], [ 431126.831678799877409, 2450948.48184892302379 ], [ 429859.160408482188359, 2450940.59950108313933 ], [ 429866.667618938605301, 2449649.098093711771071 ], [ 431134.382399171998259, 2449656.983020400628448 ] ] ] } },
{ "type": "Feature", "properties": { "label": 1, "month": "8", "year": "2024" }, "geometry": { "type": "Polygon", "coordinates": [ [ [ 432432.509440011461265, 2444499.36622974043712 ], [ 432424.899692535516806, 2445790.685437982901931 ], [ 431157.058205577428453, 2445782.752487499266863 ], [ 431164.624682097695768, 2444491.430746952537447 ], [ 432432.509440011461265, 2444499.36622974043712 ] ] ] } },
{ "type": "Feature", "properties": { "label": 1, "month": "8", "year": "2024" }, "geometry": { "type": "Polygon", "coordinates": [ [ [ 436205.207371645432431, 2449688.927019693888724 ], [ 436197.4826008368982, 2450980.416008869186044 ], [ 434929.824891676194966, 2450972.37175202043727 ], [ 434937.506148251879495, 2449680.880374420434237 ], [ 436205.207371645432431, 2449688.927019693888724 ] ] ] } },
{ "type": "Feature", "properties": { "label": 1, "month": "8", "year": "2024" }, "geometry": { "type": "Polygon", "coordinates": [ [ [ 436182.044174554524943, 2453563.5273517225869 ], [ 436174.330523396842182, 2454855.149833886884153 ], [ 434906.803717260248959, 2454847.112740886863321 ], [ 434914.473674007866066, 2453555.487871019169688 ], [ 436182.044174554524943, 2453563.5273517225869 ] ] ] } },
{ "type": "Feature", "properties": { "label": 1, "month": "8", "year": "2024" }, "geometry": { "type": "Polygon", "coordinates": [ [ [ 437480.677262349403463, 2448405.571817703545094 ], [ 437472.905334010371007, 2449697.01409660326317 ], [ 436205.207371645432431, 2449688.927019693888724 ], [ 436212.935844689840451, 2448397.482399748638272 ], [ 437480.677262349403463, 2448405.571817703545094 ] ] ] } },
{ "type": "Feature", "properties": { "label": 1, "month": "8", "year": "2024" }, "geometry": { "type": "Polygon", "coordinates": [ [ [ 438795.382886519306339, 2440665.989879084285349 ], [ 438787.546053316676989, 2441957.164993177168071 ], [ 437519.591462283104192, 2441949.023719951976091 ], [ 437527.385198960197158, 2440657.846311119850725 ], [ 438795.382886519306339, 2440665.989879084285349 ] ] ] } },
{ "type": "Feature", "properties": { "label": 1, "month": "8", "year": "2024" }, "geometry": { "type": "Polygon", "coordinates": [ [ [ 440000.436360666411929, 2451004.791658019647002 ], [ 439992.584564851073083, 2452296.318201622460037 ], [ 438724.980065816955175, 2452288.154750070534647 ], [ 438732.788284067763016, 2450996.625961065292358 ], [ 440000.436360666411929, 2451004.791658019647002 ] ] ] } },
{ "type": "Feature", "properties": { "label": 1, "month": "8", "year": "2024" }, "geometry": { "type": "Polygon", "coordinates": [ [ [ 441339.295337666291744, 2439391.270568924956024 ], [ 441331.368860625079833, 2440682.397315116599202 ], [ 440063.377423307625577, 2440674.173546807840466 ], [ 440071.260861537768506, 2439383.044601024594158 ], [ 441339.295337666291744, 2439391.270568924956024 ] ] ] } },
{ "type": "Feature", "properties": { "label": 1, "month": "8", "year": "2024" }, "geometry": { "type": "Polygon", "coordinates": [ [ [ 441268.081328942149412, 2451012.997836648020893 ], [ 441260.18595445738174, 2452304.52218242874369 ], [ 439992.584564851073083, 2452296.318201622460037 ], [ 440000.436360666411929, 2451004.791658019647002 ], [ 441268.081328942149412, 2451012.997836648020893 ] ] ] } },
{ "type": "Feature", "properties": { "label": 1, "month": "8", "year": "2024" }, "geometry": { "type": "Polygon", "coordinates": [ [ [ 442623.275955025863368, 2436817.418910978827626 ], [ 442615.299669181869831, 2438108.455853925552219 ], [ 441347.225260091887321, 2438100.187680190894753 ], [ 441355.158625816460699, 2436809.148584957700223 ], [ 442623.275955025863368, 2436817.418910978827626 ] ] ] } },
{ "type": "Feature", "properties": { "label": 1, "month": "8", "year": "2024" }, "geometry": { "type": "Polygon", "coordinates": [ [ [ 442591.391120357788168, 2441981.829700737725943 ], [ 442583.428380561235826, 2443273.042202271986753 ], [ 441315.526251047383994, 2443264.782635822426528 ], [ 441323.445831054472364, 2441973.56798274256289 ], [ 442591.391120357788168, 2441981.829700737725943 ] ] ] } },
{ "type": "Feature", "properties": { "label": 1, "month": "8", "year": "2024" }, "geometry": { "type": "Polygon", "coordinates": [ [ [ 443923.50031298212707, 2431662.026503178291023 ], [ 443915.467832435795572, 2432952.886805112939328 ], [ 442647.225092248932924, 2432944.570205109193921 ], [ 442655.214890994131565, 2431653.707797909155488 ], [ 443923.50031298212707, 2431662.026503178291023 ] ] ] } },
{ "type": "Feature", "properties": { "label": 1, "month": "8", "year": "2024" }, "geometry": { "type": "Polygon", "coordinates": [ [ [ 443835.325706865056418, 2445863.894975168630481 ], [ 443827.329807580448687, 2447155.237714579328895 ], [ 442559.560519668681081, 2447146.944261169526726 ], [ 442567.5130781395128, 2445855.599418400786817 ], [ 443835.325706865056418, 2445863.894975168630481 ] ] ] } },
{ "type": "Feature", "properties": { "label": 1, "month": "8", "year": "2024" }, "geometry": { "type": "Polygon", "coordinates": [ [ [ 443819.337246227718424, 2448446.624696108046919 ], [ 443811.348024870909285, 2449738.055983916856349 ], [ 442543.665598598076031, 2449729.766736675985157 ], [ 442551.611359128262848, 2448438.333345878869295 ], [ 443819.337246227718424, 2448446.624696108046919 ] ] ] } },
{ "type": "Feature", "properties": { "label": 1, "month": "8", "year": "2024" }, "geometry": { "type": "Polygon", "coordinates": [ [ [ 443803.362145580584183, 2451029.531642173882574 ], [ 443795.379610417818185, 2452321.05173509940505 ], [ 442527.784285893081687, 2452312.766693308018148 ], [ 442535.723240159044508, 2451021.244497753214091 ], [ 443803.362145580584183, 2451029.531642173882574 ] ] ] } },
{ "type": "Feature", "properties": { "label": 1, "month": "8", "year": "2024" }, "geometry": { "type": "Polygon", "coordinates": [ [ [ 445159.501684232614934, 2436834.079441434238106 ], [ 445151.439554794807918, 2438125.112222908530384 ], [ 443883.371083647420164, 2438116.764034553430974 ], [ 443891.390290726034436, 2436825.729196186643094 ], [ 445159.501684232614934, 2436834.079441434238106 ] ] ] } },
{ "type": "Feature", "properties": { "label": 1, "month": "8", "year": "2024" }, "geometry": { "type": "Polygon", "coordinates": [ [ [ 445143.380688969511539, 2439416.188798398710787 ], [ 445135.325088795449119, 2440707.309231870807707 ], [ 443867.34264206525404, 2440698.965156815946102 ], [ 443875.355200073157903, 2439407.842666775919497 ], [ 445143.380688969511539, 2439416.188798398710787 ] ] ] } },
{ "type": "Feature", "properties": { "label": 1, "month": "8", "year": "2024" }, "geometry": { "type": "Polygon", "coordinates": [ [ [ 445079.027497734175995, 2449746.385667703580111 ], [ 445070.998096467286814, 2451037.859270744491369 ], [ 443803.362145580584183, 2451029.531642173882574 ], [ 443811.348024870909285, 2449738.055983916856349 ], [ 445079.027497734175995, 2449746.385667703580111 ] ] ] } },
{ "type": "Feature", "properties": { "label": 1, "month": "8", "year": "2024" }, "geometry": { "type": "Polygon", "coordinates": [ [ [ 446460.062395202927291, 2431678.783222081139684 ], [ 446451.944547674327623, 2432969.639456667006016 ], [ 445183.707633801037446, 2432961.243222011718899 ], [ 445191.782797273830511, 2431670.384977614507079 ], [ 446460.062395202927291, 2431678.783222081139684 ] ] ] } },
{ "type": "Feature", "properties": { "label": 1, "month": "8", "year": "2024" }, "geometry": { "type": "Polygon", "coordinates": [ [ [ 446451.944547674327623, 2432969.639456667006016 ], [ 446443.829895758593921, 2434260.539229868445545 ], [ 445175.635725778294727, 2434252.145004876889288 ], [ 445183.707633801037446, 2432961.243222011718899 ], [ 446451.944547674327623, 2432969.639456667006016 ] ] ] } },
{ "type": "Feature", "properties": { "label": 1, "month": "8", "year": "2024" }, "geometry": { "type": "Polygon", "coordinates": [ [ [ 446411.403284730447922, 2439424.574986286927015 ], [ 446403.304641267168336, 2440715.693410869687796 ], [ 445135.325088795449119, 2440707.309231870807707 ], [ 445143.380688969511539, 2439416.188798398710787 ], [ 446411.403284730447922, 2439424.574986286927015 ] ] ] } },
{ "type": "Feature", "properties": { "label": 1, "month": "8", "year": "2024" }, "geometry": { "type": "Polygon", "coordinates": [ [ [ 446403.304641267168336, 2440715.693410869687796 ], [ 446395.20920557458885, 2442006.855757570825517 ], [ 445127.272756320075132, 2441998.473587308544666 ], [ 445135.325088795449119, 2440707.309231870807707 ], [ 446403.304641267168336, 2440715.693410869687796 ] ] ] } },
{ "type": "Feature", "properties": { "label": 1, "month": "8", "year": "2024" }, "geometry": { "type": "Polygon", "coordinates": [ [ [ 446354.780214829195756, 2448463.328564242459834 ], [ 446346.704068454331718, 2449754.755788877606392 ], [ 445079.027497734175995, 2449746.385667703580111 ], [ 445087.060181037755683, 2448454.95643528457731 ], [ 446354.780214829195756, 2448463.328564242459834 ] ] ] } },
{ "type": "Feature", "properties": { "label": 1, "month": "8", "year": "2024" }, "geometry": { "type": "Polygon", "coordinates": [ [ [ 446330.561443763726857, 2452337.743414730764925 ], [ 446322.494969524035696, 2453629.303944389335811 ], [ 445054.949148249696009, 2453620.939845571760088 ], [ 445062.971979287685826, 2452329.377308624796569 ], [ 446330.561443763726857, 2452337.743414730764925 ] ] ] } },
{ "type": "Feature", "properties": { "label": 1, "month": "8", "year": "2024" }, "geometry": { "type": "Polygon", "coordinates": [ [ [ 446322.494969524035696, 2453629.303944389335811 ], [ 446314.431723407120444, 2454920.909037538804114 ], [ 445046.929605405952316, 2454912.54694584896788 ], [ 445054.949148249696009, 2453620.939845571760088 ], [ 446322.494969524035696, 2453629.303944389335811 ] ] ] } },
{ "type": "Feature", "properties": { "label": 1, "month": "8", "year": "2024" }, "geometry": { "type": "Polygon", "coordinates": [ [ [ 447752.839550831529777, 2427814.919014464598149 ], [ 447744.669622834422626, 2429105.643053470179439 ], [ 446476.307669004017953, 2429097.201113553252071 ], [ 446484.435091233346611, 2427806.475112046580762 ], [ 447752.839550831529777, 2427814.919014464598149 ] ] ] } },
{ "type": "Feature", "properties": { "label": 1, "month": "8", "year": "2024" }, "geometry": { "type": "Polygon", "coordinates": [ [ [ 447728.339158105023671, 2431687.221237426158041 ], [ 447720.178625387547072, 2432978.07550992956385 ], [ 446451.944547674327623, 2432969.639456667006016 ], [ 446460.062395202927291, 2431678.783222081139684 ], [ 447728.339158105023671, 2431687.221237426158041 ] ] ] } },
{ "type": "Feature", "properties": { "label": 1, "month": "8", "year": "2024" }, "geometry": { "type": "Polygon", "coordinates": [ [ [ 447720.178625387547072, 2432978.07550992956385 ], [ 447712.021228448313195, 2434268.973321195691824 ], [ 446443.829895758593921, 2434260.539229868445545 ], [ 446451.944547674327623, 2432969.639456667006016 ], [ 447720.178625387547072, 2432978.07550992956385 ] ] ] } },
{ "type": "Feature", "properties": { "label": 1, "month": "8", "year": "2024" }, "geometry": { "type": "Polygon", "coordinates": [ [ [ 449037.675301889772527, 2425242.088084479328245 ], [ 449029.456733031605836, 2426532.723704897798598 ], [ 447761.01260657684179, 2426524.238259105943143 ], [ 447769.188788066850975, 2425233.600723684765399 ], [ 449037.675301889772527, 2425242.088084479328245 ] ] ] } },
{ "type": "Feature", "properties": { "label": 1, "month": "8", "year": "2024" }, "geometry": { "type": "Polygon", "coordinates": [ [ [ 449029.456733031605836, 2426532.723704897798598 ], [ 449021.241230155865196, 2427823.402545385528356 ], [ 447752.839550831529777, 2427814.919014464598149 ], [ 447761.01260657684179, 2426524.238259105943143 ], [ 449029.456733031605836, 2426532.723704897798598 ] ] ] } },
{ "type": "Feature", "properties": { "label": 1, "month": "8", "year": "2024" }, "geometry": { "type": "Polygon", "coordinates": [ [ [ 449021.241230155865196, 2427823.402545385528356 ], [ 449013.028795248072129, 2429114.124669649638236 ], [ 447744.669622834422626, 2429105.643053470179439 ], [ 447752.839550831529777, 2427814.919014464598149 ], [ 449021.241230155865196, 2427823.402545385528356 ] ] ] } },
{ "type": "Feature", "properties": { "label": 1, "month": "8", "year": "2024" }, "geometry": { "type": "Polygon", "coordinates": [ [ [ 449013.028795248072129, 2429114.124669649638236 ], [ 449004.819430305447895, 2430404.890141448006034 ], [ 447736.502824587747455, 2430396.410439872182906 ], [ 447744.669622834422626, 2429105.643053470179439 ], [ 449013.028795248072129, 2429114.124669649638236 ] ] ] } },
{ "type": "Feature", "properties": { "label": 1, "month": "8", "year": "2024" }, "geometry": { "type": "Polygon", "coordinates": [ [ [ 448873.888734563079197, 2451063.08506979746744 ], [ 448865.731864559696987, 2452354.597228080965579 ], [ 447598.148055103723891, 2452346.150054266676307 ], [ 447606.261339698219672, 2451054.635983708780259 ], [ 448873.888734563079197, 2451063.08506979746744 ] ] ] } },
{ "type": "Feature", "properties": { "label": 1, "month": "8", "year": "2024" }, "geometry": { "type": "Polygon", "coordinates": [ [ [ 450297.898131703608669, 2426541.248732303734869 ], [ 450289.640180550341029, 2427831.925705684814602 ], [ 449021.241230155865196, 2427823.402545385528356 ], [ 449029.456733031605836, 2426532.723704897798598 ], [ 450297.898131703608669, 2426541.248732303734869 ] ] ] } },
{ "type": "Feature", "properties": { "label": 1, "month": "8", "year": "2024" }, "geometry": { "type": "Polygon", "coordinates": [ [ [ 450289.640180550341029, 2427831.925705684814602 ], [ 450281.385237592912745, 2429122.645962970796973 ], [ 449013.028795248072129, 2429114.124669649638236 ], [ 449021.241230155865196, 2427823.402545385528356 ], [ 450289.640180550341029, 2427831.925705684814602 ] ] ] } },
{ "type": "Feature", "properties": { "label": 1, "month": "8", "year": "2024" }, "geometry": { "type": "Polygon", "coordinates": [ [ [ 450273.133304807415698, 2430413.409567890223116 ], [ 450264.884384166100062, 2431704.216584220994264 ], [ 448996.613137315376662, 2431695.699024516157806 ], [ 449004.819430305447895, 2430404.890141448006034 ], [ 450273.133304807415698, 2430413.409567890223116 ] ] ] } },
{ "type": "Feature", "properties": { "label": 1, "month": "8", "year": "2024" }, "geometry": { "type": "Polygon", "coordinates": [ [ [ 450264.884384166100062, 2431704.216584220994264 ], [ 450256.638477655069437, 2432995.067075747065246 ], [ 448988.409918271761853, 2432986.551382662728429 ], [ 448996.613137315376662, 2431695.699024516157806 ], [ 450264.884384166100062, 2431704.216584220994264 ] ] ] } },
{ "type": "Feature", "properties": { "label": 1, "month": "8", "year": "2024" }, "geometry": { "type": "Polygon", "coordinates": [ [ [ 450256.638477655069437, 2432995.067075747065246 ], [ 450248.395587245759089, 2434285.961106291040778 ], [ 448980.209775169321802, 2434277.447279712650925 ], [ 448988.409918271761853, 2432986.551382662728429 ], [ 450256.638477655069437, 2432995.067075747065246 ] ] ] } },
{ "type": "Feature", "properties": { "label": 1, "month": "8", "year": "2024" }, "geometry": { "type": "Polygon", "coordinates": [ [ [ 450248.395587245759089, 2434285.961106291040778 ], [ 450240.155714926309884, 2435576.898739712312818 ], [ 448972.012710003880784, 2435568.3867795066908 ], [ 448980.209775169321802, 2434277.447279712650925 ], [ 450248.395587245759089, 2434285.961106291040778 ] ] ] } },
{ "type": "Feature", "properties": { "label": 1, "month": "8", "year": "2024" }, "geometry": { "type": "Polygon", "coordinates": [ [ [ 450231.918862670077942, 2436867.880039881449193 ], [ 450223.685032467241399, 2438158.905070701614022 ], [ 448955.627821466827299, 2438150.39684287365526 ], [ 448963.818724769575056, 2436859.369945927988738 ], [ 450231.918862670077942, 2436867.880039881449193 ] ] ] } },
{ "type": "Feature", "properties": { "label": 1, "month": "8", "year": "2024" }, "geometry": { "type": "Polygon", "coordinates": [ [ [ 450149.716880414052866, 2449780.10878527816385 ], [ 450141.513379942276515, 2451071.574643443338573 ], [ 448873.888734563079197, 2451063.08506979746744 ], [ 448882.048708529036958, 2449771.617346807848662 ], [ 450149.716880414052866, 2449780.10878527816385 ] ] ] } },
{ "type": "Feature", "properties": { "label": 1, "month": "8", "year": "2024" }, "geometry": { "type": "Polygon", "coordinates": [ [ [ 450141.513379942276515, 2451071.574643443338573 ], [ 450133.312923388322815, 2452363.084937035571784 ], [ 448865.731864559696987, 2452354.597228080965579 ], [ 448873.888734563079197, 2451063.08506979746744 ], [ 450141.513379942276515, 2451071.574643443338573 ] ] ] } },
{ "type": "Feature", "properties": { "label": 1, "month": "8", "year": "2024" }, "geometry": { "type": "Polygon", "coordinates": [ [ [ 451566.336853942833841, 2426549.813342202454805 ], [ 451558.036453369015362, 2427840.488496241159737 ], [ 450289.640180550341029, 2427831.925705684814602 ], [ 450297.898131703608669, 2426541.248732303734869 ], [ 451566.336853942833841, 2426549.813342202454805 ] ] ] } },
{ "type": "Feature", "properties": { "label": 1, "month": "8", "year": "2024" }, "geometry": { "type": "Polygon", "coordinates": [ [ [ 451549.739001210895367, 2429131.206934296060354 ], [ 451541.444499431876466, 2430421.96872009569779 ], [ 450273.133304807415698, 2430413.409567890223116 ], [ 450281.385237592912745, 2429122.645962970796973 ], [ 451549.739001210895367, 2429131.206934296060354 ] ] ] } },
{ "type": "Feature", "properties": { "label": 1, "month": "8", "year": "2024" }, "geometry": { "type": "Polygon", "coordinates": [ [ [ 451541.444499431876466, 2430421.96872009569779 ], [ 451533.152949996583629, 2431712.773917418904603 ], [ 450264.884384166100062, 2431704.216584220994264 ], [ 450273.133304807415698, 2430413.409567890223116 ], [ 451541.444499431876466, 2430421.96872009569779 ] ] ] } },
{ "type": "Feature", "properties": { "label": 1, "month": "8", "year": "2024" }, "geometry": { "type": "Polygon", "coordinates": [ [ [ 451533.152949996583629, 2431712.773917418904603 ], [ 451524.864354865043424, 2433003.622590044513345 ], [ 450256.638477655069437, 2432995.067075747065246 ], [ 450264.884384166100062, 2431704.216584220994264 ], [ 451533.152949996583629, 2431712.773917418904603 ] ] ] } },
{ "type": "Feature", "properties": { "label": 1, "month": "8", "year": "2024" }, "geometry": { "type": "Polygon", "coordinates": [ [ [ 451516.578716003801674, 2434294.514801813289523 ], [ 451508.296035377599765, 2435585.450616567395627 ], [ 450240.155714926309884, 2435576.898739712312818 ], [ 450248.395587245759089, 2434285.961106291040778 ], [ 451516.578716003801674, 2434294.514801813289523 ] ] ] } },
{ "type": "Feature", "properties": { "label": 1, "month": "8", "year": "2024" }, "geometry": { "type": "Polygon", "coordinates": [ [ [ 451483.465762591804378, 2439458.520317642949522 ], [ 451475.194934588158503, 2440749.631183383055031 ], [ 450207.22644614224555, 2440741.086580039933324 ], [ 450215.454226295638364, 2439449.973896098323166 ], [ 451483.465762591804378, 2439458.520317642949522 ] ] ] } },
{ "type": "Feature", "properties": { "label": 1, "month": "8", "year": "2024" }, "geometry": { "type": "Polygon", "coordinates": [ [ [ 451433.885355184844229, 2447205.845632559154183 ], [ 451425.632365243858658, 2448497.220994984731078 ], [ 450157.923422810505144, 2448488.687298337463289 ], [ 450166.133005142153706, 2447197.310118433088064 ], [ 451433.885355184844229, 2447205.845632559154183 ] ] ] } },
{ "type": "Feature", "properties": { "label": 1, "month": "8", "year": "2024" }, "geometry": { "type": "Polygon", "coordinates": [ [ [ 452818.090137443738058, 2429139.807584511116147 ], [ 452809.75306551909307, 2430430.567598936613649 ], [ 451541.444499431876466, 2430421.96872009569779 ], [ 451549.739001210895367, 2429131.206934296060354 ], [ 452818.090137443738058, 2429139.807584511116147 ] ] ] } },
{ "type": "Feature", "properties": { "label": 1, "month": "8", "year": "2024" }, "geometry": { "type": "Polygon", "coordinates": [ [ [ 452801.418886132596526, 2431721.371024983003736 ], [ 452793.087601231411099, 2433012.217926447279751 ], [ 451524.864354865043424, 2433003.622590044513345 ], [ 451533.152949996583629, 2431712.773917418904603 ], [ 452801.418886132596526, 2431721.371024983003736 ] ] ] } },
{ "type": "Feature", "properties": { "label": 1, "month": "8", "year": "2024" }, "geometry": { "type": "Polygon", "coordinates": [ [ [ 452726.541757684026379, 2443340.565917693078518 ], [ 452718.236611014697701, 2444631.806973258033395 ], [ 451450.400266931799706, 2444623.227572586387396 ], [ 451458.662184784479905, 2443331.984746827743948 ], [ 452726.541757684026379, 2443340.565917693078518 ] ] ] } },
{ "type": "Feature", "properties": { "label": 1, "month": "8", "year": "2024" }, "geometry": { "type": "Polygon", "coordinates": [ [ [ 452718.236611014697701, 2444631.806973258033395 ], [ 452709.934378372330684, 2445923.092143705580384 ], [ 451442.141323074931279, 2445914.514513131696731 ], [ 451450.400266931799706, 2444623.227572586387396 ], [ 452718.236611014697701, 2444631.806973258033395 ] ] ] } },
{ "type": "Feature", "properties": { "label": 1, "month": "8", "year": "2024" }, "geometry": { "type": "Polygon", "coordinates": [ [ [ 452693.338663008995354, 2448505.795085723046213 ], [ 452685.045184211921878, 2449797.212985564954579 ], [ 451417.382355219451711, 2449788.640664572361857 ], [ 451425.632365243858658, 2448497.220994984731078 ], [ 452693.338663008995354, 2448505.795085723046213 ] ] ] } },
{ "type": "Feature", "properties": { "label": 1, "month": "8", "year": "2024" }, "geometry": { "type": "Polygon", "coordinates": [ [ [ 452685.045184211921878, 2449797.212985564954579 ], [ 452676.754627284302842, 2451088.675256857182831 ], [ 451409.135327096097171, 2451080.1047055083327 ], [ 451417.382355219451711, 2449788.640664572361857 ], [ 452685.045184211921878, 2449797.212985564954579 ] ] ] } },
{ "type": "Feature", "properties": { "label": 1, "month": "8", "year": "2024" }, "geometry": { "type": "Polygon", "coordinates": [ [ [ 454044.56882815802237, 2435602.674123726319522 ], [ 454036.203367938171141, 2436893.650111334398389 ], [ 452768.111132940917742, 2436885.020121701061726 ], [ 452776.433722684625536, 2435594.042410943191499 ], [ 454044.56882815802237, 2435602.674123726319522 ] ] ] } },
{ "type": "Feature", "properties": { "label": 1, "month": "8", "year": "2024" }, "geometry": { "type": "Polygon", "coordinates": [ [ [ 454019.480976672610268, 2439475.733343390747905 ], [ 454011.124049506266601, 2440766.840715741738677 ], [ 452743.16078527708305, 2440758.215894990600646 ], [ 452751.474662281980272, 2439467.106799777131528 ], [ 454019.480976672610268, 2439475.733343390747905 ] ] ] } },
{ "type": "Feature", "properties": { "label": 1, "month": "8", "year": "2024" }, "geometry": { "type": "Polygon", "coordinates": [ [ [ 454011.124049506266601, 2440766.840715741738677 ], [ 454002.769970571855083, 2442057.992010950110853 ], [ 452734.849816423491575, 2442049.368912954349071 ], [ 452743.16078527708305, 2440758.215894990600646 ], [ 454011.124049506266601, 2440766.840715741738677 ] ] ] } },
{ "type": "Feature", "properties": { "label": 1, "month": "8", "year": "2024" }, "geometry": { "type": "Polygon", "coordinates": [ [ [ 453961.042367381451186, 2448514.409571437165141 ], [ 453952.705418652156368, 2449805.825749130919576 ], [ 452685.045184211921878, 2449797.212985564954579 ], [ 452693.338663008995354, 2448505.795085723046213 ], [ 453961.042367381451186, 2448514.409571437165141 ] ] ] } },
{ "type": "Feature", "properties": { "label": 1, "month": "8", "year": "2024" }, "geometry": { "type": "Polygon", "coordinates": [ [ [ 453952.705418652156368, 2449805.825749130919576 ], [ 453944.371331766364165, 2451097.286298390477896 ], [ 452676.754627284302842, 2451088.675256857182831 ], [ 452685.045184211921878, 2449797.212985564954579 ], [ 453952.705418652156368, 2449805.825749130919576 ] ] ] } },
{ "type": "Feature", "properties": { "label": 1, "month": "8", "year": "2024" }, "geometry": { "type": "Polygon", "coordinates": [ [ [ 455270.687588398170192, 2442066.655266636516899 ], [ 455262.293188458075747, 2443357.848873714450747 ], [ 453994.418741814093664, 2443349.187293025199324 ], [ 454002.769970571855083, 2442057.992010950110853 ], [ 455270.687588398170192, 2442066.655266636516899 ] ] ] } },
{ "type": "Feature", "properties": { "label": 1, "month": "8", "year": "2024" }, "geometry": { "type": "Polygon", "coordinates": [ [ [ 455262.293188458075747, 2443357.848873714450747 ], [ 455253.901580681966152, 2444649.086531792767346 ], [ 453986.070365170831792, 2444640.426626035477966 ], [ 453994.418741814093664, 2443349.187293025199324 ], [ 455262.293188458075747, 2443357.848873714450747 ] ] ] } },
{ "type": "Feature", "properties": { "label": 1, "month": "8", "year": "2024" }, "geometry": { "type": "Polygon", "coordinates": [ [ [ 455237.126749336079229, 2447231.694257332012057 ], [ 455228.743529628263786, 2448523.064453002996743 ], [ 453961.042367381451186, 2448514.409571437165141 ], [ 453969.382176009123214, 2447223.037701120134443 ], [ 455237.126749336079229, 2447231.694257332012057 ] ] ] } },
{ "type": "Feature", "properties": { "label": 1, "month": "8", "year": "2024" }, "geometry": { "type": "Polygon", "coordinates": [ [ [ 455228.743529628263786, 2448523.064453002996743 ], [ 455220.3631098032929, 2449814.478956160601228 ], [ 453952.705418652156368, 2449805.825749130919576 ], [ 453961.042367381451186, 2448514.409571437165141 ], [ 455228.743529628263786, 2448523.064453002996743 ] ] ] } },
{ "type": "Feature", "properties": { "label": 1, "month": "8", "year": "2024" }, "geometry": { "type": "Polygon", "coordinates": [ [ [ 456555.486054755514488, 2439493.106618633959442 ], [ 456547.043023782083765, 2440784.210688270162791 ], [ 455279.084778577554971, 2440775.505646534729749 ], [ 455287.484757061989512, 2439484.399949381127954 ], [ 456555.486054755514488, 2439493.106618633959442 ] ] ] } },
{ "type": "Feature", "properties": { "label": 1, "month": "8", "year": "2024" }, "geometry": { "type": "Polygon", "coordinates": [ [ [ 456547.043023782083765, 2440784.210688270162791 ], [ 456538.602721197297797, 2442075.358680929988623 ], [ 455270.687588398170192, 2442066.655266636516899 ], [ 455279.084778577554971, 2440775.505646534729749 ], [ 456547.043023782083765, 2440784.210688270162791 ] ] ] } },
{ "type": "Feature", "properties": { "label": 1, "month": "8", "year": "2024" }, "geometry": { "type": "Polygon", "coordinates": [ [ [ 456538.602721197297797, 2442075.358680929988623 ], [ 456530.165148906584363, 2443366.550660637207329 ], [ 455262.293188458075747, 2443357.848873714450747 ], [ 455270.687588398170192, 2442066.655266636516899 ], [ 456538.602721197297797, 2442075.358680929988623 ] ] ] } },
{ "type": "Feature", "properties": { "label": 1, "month": "8", "year": "2024" }, "geometry": { "type": "Polygon", "coordinates": [ [ [ 456530.165148906584363, 2443366.550660637207329 ], [ 456521.730308829748537, 2444657.786691444460303 ], [ 455253.901580681966152, 2444649.086531792767346 ], [ 455262.293188458075747, 2443357.848873714450747 ], [ 456530.165148906584363, 2443366.550660637207329 ] ] ] } },
{ "type": "Feature", "properties": { "label": 1, "month": "8", "year": "2024" }, "geometry": { "type": "Polygon", "coordinates": [ [ [ 456513.298202879377641, 2445949.066837418824434 ], [ 456504.868832966429181, 2447240.391162678133696 ], [ 455237.126749336079229, 2447231.694257332012057 ], [ 455245.512766995641869, 2445940.368304969277233 ], [ 456513.298202879377641, 2445949.066837418824434 ] ] ] } },
{ "type": "Feature", "properties": { "label": 1, "month": "8", "year": "2024" }, "geometry": { "type": "Polygon", "coordinates": [ [ [ 456488.018308932892978, 2449823.172607541549951 ], [ 456479.59715864417376, 2451114.629855506122112 ], [ 455211.985491798433941, 2451105.937830973882228 ], [ 455220.3631098032929, 2449814.478956160601228 ], [ 456488.018308932892978, 2449823.172607541549951 ] ] ] } },
{ "type": "Feature", "properties": { "label": 1, "month": "8", "year": "2024" }, "geometry": { "type": "Polygon", "coordinates": [ [ [ 457806.515420255658682, 2442084.102254722733051 ], [ 457798.03467444749549, 2443375.292654718738049 ], [ 456530.165148906584363, 2443366.550660637207329 ], [ 456538.602721197297797, 2442075.358680929988623 ], [ 457806.515420255658682, 2442084.102254722733051 ] ] ] } },
{ "type": "Feature", "properties": { "label": 1, "month": "8", "year": "2024" }, "geometry": { "type": "Polygon", "coordinates": [ [ [ 457755.671067300543655, 2449831.906704181339592 ], [ 457747.206383556302171, 2451123.362372885923833 ], [ 456479.59715864417376, 2451114.629855506122112 ], [ 456488.018308932892978, 2449823.172607541549951 ], [ 457755.671067300543655, 2449831.906704181339592 ] ] ] } },
{ "type": "Feature", "properties": { "label": 1, "month": "8", "year": "2024" }, "geometry": { "type": "Polygon", "coordinates": [ [ [ 459074.425736869859975, 2442092.885988913010806 ], [ 459065.901816367870197, 2443384.074856850318611 ], [ 457798.03467444749549, 2443375.292654718738049 ], [ 457806.515420255658682, 2442084.102254722733051 ], [ 459074.425736869859975, 2442092.885988913010806 ] ] ] } },
{ "type": "Feature", "properties": { "label": 1, "month": "8", "year": "2024" }, "geometry": { "type": "Polygon", "coordinates": [ [ [ 459065.901816367870197, 2443384.074856850318611 ], [ 459057.380508174246643, 2444675.307776020374149 ], [ 457789.556600900308695, 2444666.527105886489153 ], [ 457798.03467444749549, 2443375.292654718738049 ], [ 459065.901816367870197, 2443384.074856850318611 ] ] ] } },
{ "type": "Feature", "properties": { "label": 1, "month": "8", "year": "2024" }, "geometry": { "type": "Polygon", "coordinates": [ [ [ 459040.345736244053114, 2447257.906024395953864 ], [ 459031.832276280852966, 2448549.271481830161065 ], [ 457764.138432808103971, 2448540.495407301932573 ], [ 457772.608478180889506, 2447249.128418059553951 ], [ 459040.345736244053114, 2447257.906024395953864 ] ] ] } },
{ "type": "Feature", "properties": { "label": 1, "month": "8", "year": "2024" }, "geometry": { "type": "Polygon", "coordinates": [ [ [ 459031.832276280852966, 2448549.271481830161065 ], [ 459023.321436167636421, 2449840.681246977765113 ], [ 457755.671067300543655, 2449831.906704181339592 ], [ 457764.138432808103971, 2448540.495407301932573 ], [ 459031.832276280852966, 2448549.271481830161065 ] ] ] } },
{ "type": "Feature", "properties": { "label": 1, "month": "8", "year": "2024" }, "geometry": { "type": "Polygon", "coordinates": [ [ [ 459023.321436167636421, 2449840.681246977765113 ], [ 459014.813217794813681, 2451132.135384012479335 ], [ 457747.206383556302171, 2451123.362372885923833 ], [ 457755.671067300543655, 2449831.906704181339592 ], [ 459023.321436167636421, 2449840.681246977765113 ] ] ] } },
{ "type": "Feature", "properties": { "label": 1, "month": "8", "year": "2024" }, "geometry": { "type": "Polygon", "coordinates": [ [ [ 459014.813217794813681, 2451132.135384012479335 ], [ 459006.307623048196547, 2452423.633957162965089 ], [ 457738.74438347958494, 2452414.862477631308138 ], [ 457747.206383556302171, 2451123.362372885923833 ], [ 459014.813217794813681, 2451132.135384012479335 ] ] ] } },
{ "type": "Feature", "properties": { "label": 1, "month": "8", "year": "2024" }, "geometry": { "type": "Polygon", "coordinates": [ [ [ 460325.202081931638531, 2444684.128702762536705 ], [ 460316.640092132904101, 2445975.404252934735268 ], [ 459048.861814170435537, 2445966.584810497704893 ], [ 459057.380508174246643, 2444675.307776020374149 ], [ 460325.202081931638531, 2444684.128702762536705 ] ] ] } },
{ "type": "Feature", "properties": { "label": 1, "month": "8", "year": "2024" }, "geometry": { "type": "Polygon", "coordinates": [ [ [ 460316.640092132904101, 2445975.404252934735268 ], [ 460308.080658430350013, 2447266.723982587456703 ], [ 459040.345736244053114, 2447257.906024395953864 ], [ 459048.861814170435537, 2445966.584810497704893 ], [ 460316.640092132904101, 2445975.404252934735268 ] ] ] } },
{ "type": "Feature", "properties": { "label": 1, "month": "8", "year": "2024" }, "geometry": { "type": "Polygon", "coordinates": [ [ [ 460308.080658430350013, 2447266.723982587456703 ], [ 460299.523782694130205, 2448558.087955832015723 ], [ 459031.832276280852966, 2448549.271481830161065 ], [ 459040.345736244053114, 2447257.906024395953864 ], [ 460308.080658430350013, 2447266.723982587456703 ] ] ] } },
{ "type": "Feature", "properties": { "label": 1, "month": "8", "year": "2024" }, "geometry": { "type": "Polygon", "coordinates": [ [ [ 460299.523782694130205, 2448558.087955832015723 ], [ 460290.969466798123904, 2449849.49623684072867 ], [ 459023.321436167636421, 2449840.681246977765113 ], [ 459031.832276280852966, 2448549.271481830161065 ], [ 460299.523782694130205, 2448558.087955832015723 ] ] ] } },
{ "type": "Feature", "properties": { "label": 1, "month": "8", "year": "2024" }, "geometry": { "type": "Polygon", "coordinates": [ [ [ 460290.969466798123904, 2449849.49623684072867 ], [ 460282.417712614114862, 2451140.948889799881727 ], [ 459014.813217794813681, 2451132.135384012479335 ], [ 459023.321436167636421, 2449840.681246977765113 ], [ 460290.969466798123904, 2449849.49623684072867 ] ] ] } },
{ "type": "Feature", "properties": { "label": 1, "month": "8", "year": "2024" }, "geometry": { "type": "Polygon", "coordinates": [ [ [ 460282.417712614114862, 2451140.948889799881727 ], [ 460273.8685220151674, 2452432.445978937204927 ], [ 459006.307623048196547, 2452423.633957162965089 ], [ 459014.813217794813681, 2451132.135384012479335 ], [ 460282.417712614114862, 2451140.948889799881727 ] ] ] } },
{ "type": "Feature", "properties": { "label": 1, "month": "8", "year": "2024" }, "geometry": { "type": "Polygon", "coordinates": [ [ [ 460273.8685220151674, 2452432.445978937204927 ], [ 460265.32189688028302, 2453723.987568477168679 ], [ 458997.804653817263898, 2453715.17703066021204 ], [ 459006.307623048196547, 2452423.633957162965089 ], [ 460273.8685220151674, 2452432.445978937204927 ] ] ] } },
{ "type": "Feature", "properties": { "label": 1, "month": "8", "year": "2024" }, "geometry": { "type": "Polygon", "coordinates": [ [ [ 461593.021373452153057, 2444692.989887035451829 ], [ 461584.416086674260441, 2445984.264000537805259 ], [ 460316.640092132904101, 2445975.404252934735268 ], [ 460325.202081931638531, 2444684.128702762536705 ], [ 461593.021373452153057, 2444692.989887035451829 ] ] ] } },
{ "type": "Feature", "properties": { "label": 1, "month": "8", "year": "2024" }, "geometry": { "type": "Polygon", "coordinates": [ [ [ 461567.21300331549719, 2448566.94483021972701 ], [ 461558.615210449905135, 2449858.351674697361887 ], [ 460290.969466798123904, 2449849.49623684072867 ], [ 460299.523782694130205, 2448558.087955832015723 ], [ 461567.21300331549719, 2448566.94483021972701 ] ] ] } },
{ "type": "Feature", "properties": { "label": 1, "month": "8", "year": "2024" }, "geometry": { "type": "Polygon", "coordinates": [ [ [ 461558.615210449905135, 2449858.351674697361887 ], [ 461550.019919270882383, 2451149.802891174331307 ], [ 460282.417712614114862, 2451140.948889799881727 ], [ 460290.969466798123904, 2449849.49623684072867 ], [ 461558.615210449905135, 2449858.351674697361887 ] ] ] } },
{ "type": "Feature", "properties": { "label": 1, "month": "8", "year": "2024" }, "geometry": { "type": "Polygon", "coordinates": [ [ [ 461550.019919270882383, 2451149.802891174331307 ], [ 461541.427131638396531, 2452441.298543872311711 ], [ 460273.8685220151674, 2452432.445978937204927 ], [ 460282.417712614114862, 2451140.948889799881727 ], [ 461550.019919270882383, 2451149.802891174331307 ] ] ] } },
{ "type": "Feature", "properties": { "label": 1, "month": "8", "year": "2024" }, "geometry": { "type": "Polygon", "coordinates": [ [ [ 461541.427131638396531, 2452441.298543872311711 ], [ 461532.836849410436116, 2453732.838697035331279 ], [ 460265.32189688028302, 2453723.987568477168679 ], [ 460273.8685220151674, 2452432.445978937204927 ], [ 461541.427131638396531, 2452441.298543872311711 ] ] ] } },
{ "type": "Feature", "properties": { "label": 1, "month": "8", "year": "2024" }, "geometry": { "type": "Polygon", "coordinates": [ [ [ 462860.838434020290151, 2444701.891329756937921 ], [ 462852.1898490722524, 2445993.164054213557392 ], [ 461584.416086674260441, 2445984.264000537805259 ], [ 461593.021373452153057, 2444692.989887035451829 ], [ 462860.838434020290151, 2444701.891329756937921 ] ] ] } },
{ "type": "Feature", "properties": { "label": 1, "month": "8", "year": "2024" }, "geometry": { "type": "Polygon", "coordinates": [ [ [ 462852.1898490722524, 2445993.164054213557392 ], [ 462843.543700255570002, 2447284.480958222411573 ], [ 461575.813296011358034, 2447275.582293550949544 ], [ 461584.416086674260441, 2445984.264000537805259 ], [ 462852.1898490722524, 2445993.164054213557392 ] ] ] } },
{ "type": "Feature", "properties": { "label": 1, "month": "8", "year": "2024" }, "geometry": { "type": "Polygon", "coordinates": [ [ [ 462834.899989414378069, 2448575.842105914838612 ], [ 462826.258718388562556, 2449867.247561462689191 ], [ 461558.615210449905135, 2449858.351674697361887 ], [ 461567.21300331549719, 2448566.94483021972701 ], [ 462834.899989414378069, 2448575.842105914838612 ] ] ] } },
{ "type": "Feature", "properties": { "label": 1, "month": "8", "year": "2024" }, "geometry": { "type": "Polygon", "coordinates": [ [ [ 462826.258718388562556, 2449867.247561462689191 ], [ 462817.619889023888391, 2451158.69738904107362 ], [ 461550.019919270882383, 2451149.802891174331307 ], [ 461558.615210449905135, 2449858.351674697361887 ], [ 462826.258718388562556, 2449867.247561462689191 ] ] ] } },
{ "type": "Feature", "properties": { "label": 1, "month": "8", "year": "2024" }, "geometry": { "type": "Polygon", "coordinates": [ [ [ 462817.619889023888391, 2451158.69738904107362 ], [ 462808.9835031646071, 2452450.191652889363468 ], [ 461541.427131638396531, 2452441.298543872311711 ], [ 461550.019919270882383, 2451149.802891174331307 ], [ 462817.619889023888391, 2451158.69738904107362 ] ] ] } },
{ "type": "Feature", "properties": { "label": 1, "month": "8", "year": "2024" }, "geometry": { "type": "Polygon", "coordinates": [ [ [ 464111.271922436193563, 2447293.419977522920817 ], [ 464102.584792252280749, 2448584.779783853329718 ], [ 462834.899989414378069, 2448575.842105914838612 ], [ 462843.543700255570002, 2447284.480958222411573 ], [ 464111.271922436193563, 2447293.419977522920817 ] ] ] } },
{ "type": "Feature", "properties": { "label": 1, "month": "8", "year": "2024" }, "geometry": { "type": "Polygon", "coordinates": [ [ [ 464102.584792252280749, 2448584.779783853329718 ], [ 464093.900041871296708, 2449876.183898062910885 ], [ 462826.258718388562556, 2449867.247561462689191 ], [ 462834.899989414378069, 2448575.842105914838612 ], [ 464102.584792252280749, 2448584.779783853329718 ] ] ] } },
{ "type": "Feature", "properties": { "label": 1, "month": "8", "year": "2024" }, "geometry": { "type": "Polygon", "coordinates": [ [ [ 464093.900041871296708, 2449876.183898062910885 ], [ 464085.21767312620068, 2451167.632384346332401 ], [ 462817.619889023888391, 2451158.69738904107362 ], [ 462826.258718388562556, 2449867.247561462689191 ], [ 464093.900041871296708, 2449876.183898062910885 ] ] ] } },
{ "type": "Feature", "properties": { "label": 1, "month": "8", "year": "2024" }, "geometry": { "type": "Polygon", "coordinates": [ [ [ 464085.21767312620068, 2451167.632384346332401 ], [ 464076.537687848031055, 2452459.12530691921711 ], [ 462808.9835031646071, 2452450.191652889363468 ], [ 462817.619889023888391, 2451158.69738904107362 ], [ 464085.21767312620068, 2451167.632384346332401 ] ] ] } },
{ "type": "Feature", "properties": { "label": 1, "month": "8", "year": "2024" }, "geometry": { "type": "Polygon", "coordinates": [ [ [ 465378.998013820964843, 2447302.39935239776969 ], [ 465370.267463092575781, 2448593.757864970713854 ], [ 464102.584792252280749, 2448584.779783853329718 ], [ 464111.271922436193563, 2447293.419977522920817 ], [ 465378.998013820964843, 2447302.39935239776969 ] ] ] } },
{ "type": "Feature", "properties": { "label": 1, "month": "8", "year": "2024" }, "geometry": { "type": "Polygon", "coordinates": [ [ [ 465361.539232157578226, 2449885.160685444250703 ], [ 465352.813322833157144, 2451176.60787801258266 ], [ 464085.21767312620068, 2451167.632384346332401 ], [ 464093.900041871296708, 2449876.183898062910885 ], [ 465361.539232157578226, 2449885.160685444250703 ] ] ] } },
{ "type": "Feature", "properties": { "label": 1, "month": "8", "year": "2024" }, "geometry": { "type": "Polygon", "coordinates": [ [ [ 747506.916522848652676, 2310962.967516327742487 ], [ 747489.726611168589443, 2312250.818732472602278 ], [ 746216.870916382409632, 2312233.885866294614971 ], [ 746234.023437532712705, 2310946.044097040314227 ], [ 747506.916522848652676, 2310962.967516327742487 ] ] ] } },
{ "type": "Feature", "properties": { "label": 1, "month": "8", "year": "2024" }, "geometry": { "type": "Polygon", "coordinates": [ [ [ 748779.819104920024984, 2310979.926445446442813 ], [ 748762.591800597496331, 2312267.787157186772674 ], [ 747489.726611168589443, 2312250.818732472602278 ], [ 747506.916522848652676, 2310962.967516327742487 ], [ 748779.819104920024984, 2310979.926445446442813 ] ] ] } },
{ "type": "Feature", "properties": { "label": 1, "month": "8", "year": "2024" }, "geometry": { "type": "Polygon", "coordinates": [ [ [ 748710.84467288129963, 2316131.593420979566872 ], [ 748693.573887832695618, 2317419.603756085969508 ], [ 747420.858855871483684, 2317402.597368096001446 ], [ 747438.092013493878767, 2316114.596520948689431 ], [ 748710.84467288129963, 2316131.593420979566872 ] ] ] } },
{ "type": "Feature", "properties": { "label": 1, "month": "8", "year": "2024" }, "geometry": { "type": "Polygon", "coordinates": [ [ [ 751377.493353919242509, 2307150.534542861394584 ], [ 751360.224207130726427, 2308438.302829016000032 ], [ 750087.227858051308431, 2308421.292065545916557 ], [ 750104.459783921367489, 2307133.533378151245415 ], [ 751377.493353919242509, 2307150.534542861394584 ] ] ] } },
{ "type": "Feature", "properties": { "label": 1, "month": "8", "year": "2024" }, "geometry": { "type": "Polygon", "coordinates": [ [ [ 751360.224207130726427, 2308438.302829016000032 ], [ 751342.944078574306332, 2309726.108241604175419 ], [ 750069.985009054304101, 2309709.087881277315319 ], [ 750087.227858051308431, 2308421.292065545916557 ], [ 751360.224207130726427, 2308438.302829016000032 ] ] ] } },
{ "type": "Feature", "properties": { "label": 1, "month": "8", "year": "2024" }, "geometry": { "type": "Polygon", "coordinates": [ [ [ 753940.92201964801643, 2305896.892416325863451 ], [ 753923.589522402384318, 2307184.642984832637012 ], [ 752650.536582770291716, 2307167.571077694185078 ], [ 752667.831913487287238, 2305879.830207356717438 ], [ 753940.92201964801643, 2305896.892416325863451 ] ] ] } },
{ "type": "Feature", "properties": { "label": 1, "month": "8", "year": "2024" }, "geometry": { "type": "Polygon", "coordinates": [ [ [ 786025.838058985071257, 2288306.66195690818131 ], [ 786007.751423047157004, 2289594.159087270032614 ], [ 784733.923072847072035, 2289576.355191612616181 ], [ 784751.973308007000014, 2288288.869008477777243 ], [ 786025.838058985071257, 2288306.66195690818131 ] ] ] } },
{ "type": "Feature", "properties": { "label": 1, "month": "8", "year": "2024" }, "geometry": { "type": "Polygon", "coordinates": [ [ [ 787299.713904763804749, 2288324.489602964837104 ], [ 787281.590865846723318, 2289611.997729458846152 ], [ 786007.751423047157004, 2289594.159087270032614 ], [ 786025.838058985071257, 2288306.66195690818131 ], [ 787299.713904763804749, 2288324.489602964837104 ] ] ] } },
{ "type": "Feature", "properties": { "label": 1, "month": "8", "year": "2024" }, "geometry": { "type": "Polygon", "coordinates": [ [ [ 789847.499088884098455, 2288360.248997058719397 ], [ 789829.303237398853526, 2289647.779262575320899 ], [ 788555.441453283419833, 2289629.871120470110327 ], [ 788573.600897380732931, 2288342.351948927156627 ], [ 789847.499088884098455, 2288360.248997058719397 ] ] ] } },
{ "type": "Feature", "properties": { "label": 1, "month": "8", "year": "2024" }, "geometry": { "type": "Polygon", "coordinates": [ [ [ 791121.408531320746988, 2288378.180749674327672 ], [ 791103.176270237192512, 2289665.722158072981983 ], [ 789829.303237398853526, 2289647.779262575320899 ], [ 789847.499088884098455, 2288360.248997058719397 ], [ 791121.408531320746988, 2288378.180749674327672 ] ] ] } },
{ "type": "Feature", "properties": { "label": 1, "month": "8", "year": "2024" }, "geometry": { "type": "Polygon", "coordinates": [ [ [ 793467.196064133779146, 2302579.348596716765314 ], [ 793448.749068267643452, 2303867.313370825722814 ], [ 792175.257800549734384, 2303849.177457157056779 ], [ 792193.667738081421703, 2302561.223899831064045 ], [ 793467.196064133779146, 2302579.348596716765314 ] ] ] } },
{ "type": "Feature", "properties": { "label": 1, "month": "8", "year": "2024" }, "geometry": { "type": "Polygon", "coordinates": [ [ [ 797343.44559375627432, 2298770.158273519016802 ], [ 797324.926660018623807, 2300058.046934564597905 ], [ 796051.290076134377159, 2300039.839216681197286 ], [ 796069.772120682988316, 2298751.961925545707345 ], [ 797343.44559375627432, 2298770.158273519016802 ] ] ] } },
{ "type": "Feature", "properties": { "label": 1, "month": "8", "year": "2024" }, "geometry": { "type": "Polygon", "coordinates": [ [ [ 799909.406749517191201, 2297518.781311973929405 ], [ 799890.8272278921213, 2298806.656300309579819 ], [ 798617.130612149718218, 2298788.389730989933014 ], [ 798635.673298686975613, 2297500.526212522760034 ], [ 799909.406749517191201, 2297518.781311973929405 ] ] ] } },
{ "type": "Feature", "properties": { "label": 0, "month": "8", "year": "2024" }, "geometry": { "type": "Polygon", "coordinates": [ [ [ 446395.20920557458885, 2442006.855757570825517 ], [ 446387.11697968817316, 2443298.06209039548412 ], [ 445119.223693589214236, 2443289.681928715668619 ], [ 445127.272756320075132, 2441998.473587308544666 ], [ 446395.20920557458885, 2442006.855757570825517 ] ] ] } },
{ "type": "Feature", "properties": { "label": 0, "month": "8", "year": "2024" }, "geometry": { "type": "Polygon", "coordinates": [ [ [ 841663.108393391477875, 2232466.770906242541969 ], [ 841644.114845040254295, 2233753.258239562157542 ], [ 840368.211783130886033, 2233734.534738574177027 ], [ 840387.171397681580856, 2232448.060564249288291 ], [ 841663.108393391477875, 2232466.770906242541969 ] ] ] } },
{ "type": "Feature", "properties": { "label": 0, "month": "8", "year": "2024" }, "geometry": { "type": "Polygon", "coordinates": [ [ [ 902674.950544994673692, 2167780.527804838493466 ], [ 902655.258472753921524, 2169066.070016782730818 ], [ 901377.005025006830692, 2169046.600700975395739 ], [ 901396.666002291720361, 2167761.07410738337785 ], [ 902674.950544994673692, 2167780.527804838493466 ] ] ] } },
{ "type": "Feature", "properties": { "label": 0, "month": "8", "year": "2024" }, "geometry": { "type": "Polygon", "coordinates": [ [ [ 886749.656309200217947, 2206123.243341481313109 ], [ 886729.829996624030173, 2207409.536313355434686 ], [ 885452.723458967870101, 2207389.980601962655783 ], [ 885472.51697392645292, 2206103.702573518268764 ], [ 886749.656309200217947, 2206123.243341481313109 ] ] ] } },
{ "type": "Feature", "properties": { "label": 0, "month": "8", "year": "2024" }, "geometry": { "type": "Polygon", "coordinates": [ [ [ 906628.240416024345905, 2160126.166480191517621 ], [ 906608.561404947773553, 2161411.575434192083776 ], [ 905330.074002254288644, 2161392.109955651219934 ], [ 905349.722256425535306, 2160106.716785377357155 ], [ 906628.240416024345905, 2160126.166480191517621 ] ] ] } },
{ "type": "Feature", "properties": { "label": 0, "month": "8", "year": "2024" }, "geometry": { "type": "Polygon", "coordinates": [ [ [ 853452.456342311110348, 2123372.877464609686285 ], [ 853434.495061691617593, 2124656.849389702547342 ], [ 852155.803075687261298, 2124639.024879245087504 ], [ 852173.735292599420063, 2123355.066706382669508 ], [ 853452.456342311110348, 2123372.877464609686285 ] ] ] } },
{ "type": "Feature", "properties": { "label": 0, "month": "8", "year": "2024" }, "geometry": { "type": "Polygon", "coordinates": [ [ [ 798635.673298686975613, 2297500.526212522760034 ], [ 798617.130612149718218, 2298788.389730989933014 ], [ 797343.44559375627432, 2298770.158273519016802 ], [ 797361.951447461964563, 2297482.306176041718572 ], [ 798635.673298686975613, 2297500.526212522760034 ] ] ] } },
{ "type": "Feature", "properties": { "label": 0, "month": "8", "year": "2024" }, "geometry": { "type": "Polygon", "coordinates": [ [ [ 787008.232390974764712, 2308928.99230896634981 ], [ 786989.907558593666181, 2310217.086222815793008 ], [ 785716.658527903957292, 2310199.07193289231509 ], [ 785734.946019777096808, 2308910.988980930298567 ], [ 787008.232390974764712, 2308928.99230896634981 ] ] ] } },
{ "type": "Feature", "properties": { "label": 0, "month": "8", "year": "2024" }, "geometry": { "type": "Polygon", "coordinates": [ [ [ 608024.286044303211384, 2385332.379295020364225 ], [ 608010.899552154238336, 2386621.803917048033327 ], [ 606741.065908638061956, 2386608.492283795960248 ], [ 606754.411739291157573, 2385319.071749331429601 ], [ 608024.286044303211384, 2385332.379295020364225 ] ] ] } },
{ "type": "Feature", "properties": { "label": 0, "month": "8", "year": "2024" }, "geometry": { "type": "Polygon", "coordinates": [ [ [ 920512.201997525757179, 2171913.442665744107217 ], [ 920492.019241118920036, 2173199.299681587144732 ], [ 919213.63050366891548, 2173179.357459713704884 ], [ 919233.781960145104676, 2171893.516752869822085 ], [ 920512.201997525757179, 2171913.442665744107217 ] ] ] } },
{ "type": "Feature", "properties": { "label": 0, "month": "8", "year": "2024" }, "geometry": { "type": "Polygon", "coordinates": [ [ [ 890877.984656298533082, 2186890.792293658014387 ], [ 890858.316422021365725, 2188176.656450547277927 ], [ 889580.677776952274144, 2188157.232197224162519 ], [ 889600.31407302909065, 2186871.38317153044045 ], [ 890877.984656298533082, 2186890.792293658014387 ] ] ] } },
{ "type": "Feature", "properties": { "label": 0, "month": "8", "year": "2024" }, "geometry": { "type": "Polygon", "coordinates": [ [ [ 805004.457589640282094, 2297592.152386345434934 ], [ 804985.730705042369664, 2298880.073742950800806 ], [ 803711.987179554533213, 2298861.666702776681632 ], [ 803730.677220008336008, 2297573.757011561188847 ], [ 805004.457589640282094, 2297592.152386345434934 ] ] ] } },
{ "type": "Feature", "properties": { "label": 0, "month": "8", "year": "2024" }, "geometry": { "type": "Polygon", "coordinates": [ [ [ 848042.995966912712902, 2232560.812196335755289 ], [ 848023.832715565920807, 2233847.36606519902125 ], [ 846747.86195895425044, 2233828.479116005357355 ], [ 846766.991265155142173, 2232541.938652995973825 ], [ 848042.995966912712902, 2232560.812196335755289 ] ] ] } },
{ "type": "Feature", "properties": { "label": 0, "month": "8", "year": "2024" }, "geometry": { "type": "Polygon", "coordinates": [ [ [ 711528.364988263114356, 2337550.162523976527154 ], [ 711512.028527260292321, 2338838.565221215132624 ], [ 710240.215173562173732, 2338822.45776506094262 ], [ 710256.513067493448034, 2337534.063116461969912 ], [ 711528.364988263114356, 2337550.162523976527154 ] ] ] } },
{ "type": "Feature", "properties": { "label": 0, "month": "8", "year": "2024" }, "geometry": { "type": "Polygon", "coordinates": [ [ [ 616954.498545426176861, 2381558.483028902672231 ], [ 616940.841854763915762, 2382847.814595061354339 ], [ 615670.859066487639211, 2382834.248763787094504 ], [ 615684.475261498359032, 2381544.921624865848571 ], [ 616954.498545426176861, 2381558.483028902672231 ] ] ] } },
{ "type": "Feature", "properties": { "label": 0, "month": "8", "year": "2024" }, "geometry": { "type": "Polygon", "coordinates": [ [ [ 606754.411739291157573, 2385319.071749331429601 ], [ 606741.065908638061956, 2386608.492283795960248 ], [ 605471.235959340119734, 2386595.218854499515146 ], [ 605484.54113021097146, 2385305.802359537687153 ], [ 606754.411739291157573, 2385319.071749331429601 ] ] ] } },
{ "type": "Feature", "properties": { "label": 0, "month": "8", "year": "2024" }, "geometry": { "type": "Polygon", "coordinates": [ [ [ 614495.811366388457827, 2373796.318000277504325 ], [ 614482.263917176984251, 2375085.396412073168904 ], [ 613212.04713353223633, 2375071.932723678182811 ], [ 613225.554446108522825, 2373782.858649278059602 ], [ 614495.811366388457827, 2373796.318000277504325 ] ] ] } },
{ "type": "Feature", "properties": { "label": 0, "month": "8", "year": "2024" }, "geometry": { "type": "Polygon", "coordinates": [ [ [ 720448.152270793914795, 2336375.457887368276715 ], [ 720431.555380709702149, 2337663.87969801062718 ], [ 719159.646360722370446, 2337647.524945768993348 ], [ 719176.204728343291208, 2336359.111524906940758 ], [ 720448.152270793914795, 2336375.457887368276715 ] ] ] } },
{ "type": "Feature", "properties": { "label": 0, "month": "8", "year": "2024" }, "geometry": { "type": "Polygon", "coordinates": [ [ [ 823396.164940790971741, 2170485.541564228478819 ], [ 823378.35455473116599, 2171770.301122960168868 ], [ 822101.084692561533302, 2171752.666216465644538 ], [ 822118.863946848548949, 2170467.919182164594531 ], [ 823396.164940790971741, 2170485.541564228478819 ] ] ] } },
{ "type": "Feature", "properties": { "label": 0, "month": "8", "year": "2024" }, "geometry": { "type": "Polygon", "coordinates": [ [ [ 921709.671932847355492, 2177077.075212782248855 ], [ 921689.384121211944148, 2178363.070604610256851 ], [ 920411.104422755073756, 2178343.032522286754102 ], [ 920431.360701650148258, 2177057.053478474728763 ], [ 921709.671932847355492, 2177077.075212782248855 ] ] ] } },
{ "type": "Feature", "properties": { "label": 0, "month": "8", "year": "2024" }, "geometry": { "type": "Polygon", "coordinates": [ [ [ 901377.005025006830692, 2169046.600700975395739 ], [ 901357.326542287133634, 2170332.157578183338046 ], [ 900079.120208335458301, 2170312.702961676754057 ], [ 900098.767540865344927, 2169027.161650344729424 ], [ 901377.005025006830692, 2169046.600700975395739 ] ] ] } },
{ "type": "Feature", "properties": { "label": 0, "month": "8", "year": "2024" }, "geometry": { "type": "Polygon", "coordinates": [ [ [ 899662.491319646360353, 2197316.17037264816463 ], [ 899642.459497633739375, 2198602.392813682090491 ], [ 898364.968901578919031, 2198582.627817343920469 ], [ 898384.968307333416305, 2197296.420834739226848 ], [ 899662.491319646360353, 2197316.17037264816463 ] ] ] } },
{ "type": "Feature", "properties": { "label": 0, "month": "8", "year": "2024" }, "geometry": { "type": "Polygon", "coordinates": [ [ [ 828719.606375464703888, 2155140.976631949655712 ], [ 828701.842144496156834, 2156425.424208045937121 ], [ 827424.151057667797431, 2156407.821017464622855 ], [ 827441.884836290264502, 2155123.386190576478839 ], [ 828719.606375464703888, 2155140.976631949655712 ] ] ] } },
{ "type": "Feature", "properties": { "label": 0, "month": "8", "year": "2024" }, "geometry": { "type": "Polygon", "coordinates": [ [ [ 601635.389015017193742, 2389134.560595341492444 ], [ 601622.193470638943836, 2390424.088877384550869 ], [ 600352.500098136486486, 2390410.956711881328374 ], [ 600365.654811475542374, 2389121.432274193037301 ], [ 601635.389015017193742, 2389134.560595341492444 ] ] ] } },
{ "type": "Feature", "properties": { "label": 0, "month": "8", "year": "2024" }, "geometry": { "type": "Polygon", "coordinates": [ [ [ 717887.745653108227998, 2337631.206677525304258 ], [ 717871.216326197376475, 2338919.650345220696181 ], [ 716599.362456440692768, 2338903.360267833340913 ], [ 716615.853206083411351, 2337614.924891191069037 ], [ 717887.745653108227998, 2337631.206677525304258 ] ] ] } },
{ "type": "Feature", "properties": { "label": 0, "month": "8", "year": "2024" }, "geometry": { "type": "Polygon", "coordinates": [ [ [ 833973.191668056882918, 2144936.711036331951618 ], [ 833955.421096422243863, 2146220.973133531399071 ], [ 832677.435659438371658, 2146203.354837586171925 ], [ 832695.176228064112365, 2144919.10570616228506 ], [ 833973.191668056882918, 2144936.711036331951618 ] ] ] } },
{ "type": "Feature", "properties": { "label": 0, "month": "8", "year": "2024" }, "geometry": { "type": "Polygon", "coordinates": [ [ [ 812704.151995547814295, 2293839.502770374063402 ], [ 812685.245337144122459, 2295127.385901920031756 ], [ 811411.319488034117967, 2295108.803967541549355 ], [ 811430.189464402850717, 2293820.932801650371403 ], [ 812704.151995547814295, 2293839.502770374063402 ] ] ] } },
{ "type": "Feature", "properties": { "label": 0, "month": "8", "year": "2024" }, "geometry": { "type": "Polygon", "coordinates": [ [ [ 794759.206861136481166, 2301309.569253812078387 ], [ 794740.735772701445967, 2302597.508542669471353 ], [ 793467.196064133779146, 2302579.348596716765314 ], [ 793485.630150631302968, 2301291.420575664844364 ], [ 794759.206861136481166, 2301309.569253812078387 ] ] ] } },
{ "type": "Feature", "properties": { "label": 0, "month": "8", "year": "2024" }, "geometry": { "type": "Polygon", "coordinates": [ [ [ 906509.900494642090052, 2167839.070213371887803 ], [ 906490.115123826893978, 2169124.659579758532345 ], [ 905211.813469544285908, 2169105.099453724455088 ], [ 905231.56773854396306, 2167819.525855381041765 ], [ 906509.900494642090052, 2167839.070213371887803 ] ] ] } },
{ "type": "Feature", "properties": { "label": 0, "month": "8", "year": "2024" }, "geometry": { "type": "Polygon", "coordinates": [ [ [ 822136.629252854851075, 2169183.202695603016764 ], [ 822118.863946848548949, 2170467.919182164594531 ], [ 820841.575655770720914, 2170450.327021418605 ], [ 820859.309889459516853, 2169165.623011735733598 ], [ 822136.629252854851075, 2169183.202695603016764 ] ] ] } },
{ "type": "Feature", "properties": { "label": 0, "month": "8", "year": "2024" }, "geometry": { "type": "Polygon", "coordinates": [ [ [ 795977.231648845365271, 2305191.715258009266108 ], [ 795958.68447102222126, 2306479.776292524766177 ], [ 794685.244692404288799, 2306461.547158461995423 ], [ 794703.754690069705248, 2305173.497433971613646 ], [ 795977.231648845365271, 2305191.715258009266108 ] ] ] } },
{ "type": "Feature", "properties": { "label": 0, "month": "8", "year": "2024" }, "geometry": { "type": "Polygon", "coordinates": [ [ [ 722958.714908396475948, 2338985.175979574210942 ], [ 722942.021535483421758, 2340273.691939291078597 ], [ 721670.172965325997211, 2340257.247244592290372 ], [ 721686.827693812083453, 2338968.739768123719841 ], [ 722958.714908396475948, 2338985.175979574210942 ] ] ] } },
{ "type": "Feature", "properties": { "label": 0, "month": "8", "year": "2024" }, "geometry": { "type": "Polygon", "coordinates": [ [ [ 903894.028733827406541, 2171656.776254340540618 ], [ 903874.252695350558497, 2172942.425145238172263 ], [ 902596.076868267147802, 2172922.878572710324079 ], [ 902615.821636906359345, 2171637.24534222856164 ], [ 903894.028733827406541, 2171656.776254340540618 ] ] ] } },
{ "type": "Feature", "properties": { "label": 0, "month": "8", "year": "2024" }, "geometry": { "type": "Polygon", "coordinates": [ [ [ 610604.422228368115611, 2381491.056223060470074 ], [ 610590.967998587526381, 2382780.36613393900916 ], [ 609321.004995266208425, 2382766.990642085671425 ], [ 609334.418738062144257, 2381477.684917994309217 ], [ 610604.422228368115611, 2381491.056223060470074 ] ] ] } },
{ "type": "Feature", "properties": { "label": 0, "month": "8", "year": "2024" }, "geometry": { "type": "Polygon", "coordinates": [ [ [ 889854.037831736262888, 2170158.157079904805869 ], [ 889834.622628635726869, 2171443.606024684384465 ], [ 888556.588766773464158, 2171424.40901984134689 ], [ 888575.972782582975924, 2170138.975189628079534 ], [ 889854.037831736262888, 2170158.157079904805869 ] ] ] } },
{ "type": "Feature", "properties": { "label": 0, "month": "8", "year": "2024" }, "geometry": { "type": "Polygon", "coordinates": [ [ [ 611914.886190571938641, 2377636.768157675396651 ], [ 611901.405241840984672, 2378925.959841008298099 ], [ 610631.317096312413923, 2378912.558992298319936 ], [ 610644.757734159356914, 2377623.37154694320634 ], [ 611914.886190571938641, 2377636.768157675396651 ] ] ] } },
{ "type": "Feature", "properties": { "label": 0, "month": "8", "year": "2024" }, "geometry": { "type": "Polygon", "coordinates": [ [ [ 604214.674165543285199, 2385292.571124035865068 ], [ 604201.409652749774978, 2386581.983627547509968 ], [ 602931.586937357438728, 2386568.786601334344596 ], [ 602944.810793779906817, 2385279.378041203599423 ], [ 604214.674165543285199, 2385292.571124035865068 ] ] ] } },
{ "type": "Feature", "properties": { "label": 0, "month": "8", "year": "2024" }, "geometry": { "type": "Polygon", "coordinates": [ [ [ 726824.796154443873093, 2335169.310331562068313 ], [ 726808.016512094298378, 2336457.736304659862071 ], [ 725536.026620652293786, 2336441.207733587361872 ], [ 725552.767789105186239, 2335152.790394574869424 ], [ 726824.796154443873093, 2335169.310331562068313 ] ] ] } },
{ "type": "Feature", "properties": { "label": 0, "month": "8", "year": "2024" }, "geometry": { "type": "Polygon", "coordinates": [ [ [ 876174.17570507817436, 2144249.418106401339173 ], [ 876155.430171703454107, 2145534.106777235865593 ], [ 874876.950834410032257, 2145515.535180245991796 ], [ 874895.666352189145982, 2144230.861124373506755 ], [ 876174.17570507817436, 2144249.418106401339173 ] ] ] } },
{ "type": "Feature", "properties": { "label": 0, "month": "8", "year": "2024" }, "geometry": { "type": "Polygon", "coordinates": [ [ [ 792230.449062665342353, 2299985.426989896222949 ], [ 792212.064824885455891, 2301273.307097739074379 ], [ 790938.510831885272637, 2301255.228817719966173 ], [ 790956.858130837092176, 2299967.359882180113345 ], [ 792230.449062665342353, 2299985.426989896222949 ] ] ] } },
{ "type": "Feature", "properties": { "label": 0, "month": "8", "year": "2024" }, "geometry": { "type": "Polygon", "coordinates": [ [ [ 608037.668125097174197, 2384042.995748016983271 ], [ 608024.286044303211384, 2385332.379295020364225 ], [ 606754.411739291157573, 2385319.071749331429601 ], [ 606767.753217917284928, 2384029.692290910985321 ], [ 608037.668125097174197, 2384042.995748016983271 ] ] ] } },
{ "type": "Feature", "properties": { "label": 0, "month": "8", "year": "2024" }, "geometry": { "type": "Polygon", "coordinates": [ [ [ 432417.293820790364407, 2447082.048822293523699 ], [ 432409.691826977184974, 2448373.456446767784655 ], [ 431141.937061901029665, 2448365.528560101985931 ], [ 431149.495664775604382, 2447074.118403849191964 ], [ 432417.293820790364407, 2447082.048822293523699 ] ] ] } },
{ "type": "Feature", "properties": { "label": 0, "month": "8", "year": "2024" }, "geometry": { "type": "Polygon", "coordinates": [ [ [ 901298.186036491766572, 2174189.010496475268155 ], [ 901278.437506985850632, 2175474.689093196764588 ], [ 900000.356349186156876, 2175455.172239151783288 ], [ 900020.07349832134787, 2174169.509197913575917 ], [ 901298.186036491766572, 2174189.010496475268155 ] ] ] } },
{ "type": "Feature", "properties": { "label": 0, "month": "8", "year": "2024" }, "geometry": { "type": "Polygon", "coordinates": [ [ [ 747369.094490198185667, 2321266.825521341525018 ], [ 747351.818066495237872, 2322554.976980998180807 ], [ 746079.263609370449558, 2322537.968608216848224 ], [ 746096.502172767068259, 2321249.826580215711147 ], [ 747369.094490198185667, 2321266.825521341525018 ] ] ] } },
{ "type": "Feature", "properties": { "label": 0, "month": "8", "year": "2024" }, "geometry": { "type": "Polygon", "coordinates": [ [ [ 609334.418738062144257, 2381477.684917994309217 ], [ 609321.004995266208425, 2382766.990642085671425 ], [ 608051.0457943524234, 2382753.653213212266564 ], [ 608064.419051882112399, 2381464.35162781458348 ], [ 609334.418738062144257, 2381477.684917994309217 ] ] ] } },
{ "type": "Feature", "properties": { "label": 0, "month": "8", "year": "2024" }, "geometry": { "type": "Polygon", "coordinates": [ [ [ 605471.235959340119734, 2386595.218854499515146 ], [ 605457.926495985244401, 2387884.676489361096174 ], [ 604188.140906811109744, 2387871.437271961476654 ], [ 604201.409652749774978, 2386581.983627547509968 ], [ 605471.235959340119734, 2386595.218854499515146 ] ] ] } },
{ "type": "Feature", "properties": { "label": 0, "month": "8", "year": "2024" }, "geometry": { "type": "Polygon", "coordinates": [ [ [ 805153.789343922864646, 2287290.090036191977561 ], [ 805135.169847324723378, 2288577.721181923523545 ], [ 803861.133208896499127, 2288559.407527880743146 ], [ 803879.716329826042056, 2287271.788065520580858 ], [ 805153.789343922864646, 2287290.090036191977561 ] ] ] } },
{ "type": "Feature", "properties": { "label": 0, "month": "8", "year": "2024" }, "geometry": { "type": "Polygon", "coordinates": [ [ [ 886019.888937759678811, 2170100.702279203571379 ], [ 886000.56728977477178, 2171386.106029793154448 ], [ 884722.579569487017579, 2171367.000039802398533 ], [ 884741.870036928914487, 2170081.611254264600575 ], [ 886019.888937759678811, 2170100.702279203571379 ] ] ] } },
{ "type": "Feature", "properties": { "label": 0, "month": "8", "year": "2024" }, "geometry": { "type": "Polygon", "coordinates": [ [ [ 801257.484765019966289, 2292385.889799627475441 ], [ 801238.921411616494879, 2293673.630687936209142 ], [ 799965.066148651298136, 2293655.375092781614512 ], [ 799983.592899027862586, 2292367.645732129458338 ], [ 801257.484765019966289, 2292385.889799627475441 ] ] ] } },
{ "type": "Feature", "properties": { "label": 0, "month": "8", "year": "2024" }, "geometry": { "type": "Polygon", "coordinates": [ [ [ 890601.074040197534487, 2204895.749651146121323 ], [ 890581.166437106439844, 2206182.055741891264915 ], [ 889303.980988303315826, 2206162.419923177920282 ], [ 889323.855844625621103, 2204876.128927370999008 ], [ 890601.074040197534487, 2204895.749651146121323 ] ] ] } },
{ "type": "Feature", "properties": { "label": 0, "month": "8", "year": "2024" }, "geometry": { "type": "Polygon", "coordinates": [ [ [ 442583.428380561235826, 2443273.042202271986753 ], [ 442575.469032464665361, 2444564.298753469251096 ], [ 441307.610122694750316, 2444556.041338387411088 ], [ 441315.526251047383994, 2443264.782635822426528 ], [ 442583.428380561235826, 2443273.042202271986753 ] ] ] } },
{ "type": "Feature", "properties": { "label": 0, "month": "8", "year": "2024" }, "geometry": { "type": "Polygon", "coordinates": [ [ [ 751273.713720874744467, 2314877.702380408998579 ], [ 751256.378664115909487, 2316165.694343490991741 ], [ 749983.606872458476573, 2316148.626027777325362 ], [ 750000.904356256476603, 2314860.643651916645467 ], [ 751273.713720874744467, 2314877.702380408998579 ] ] ] } },
{ "type": "Feature", "properties": { "label": 0, "month": "8", "year": "2024" }, "geometry": { "type": "Polygon", "coordinates": [ [ [ 797380.444222886580974, 2296194.490581215359271 ], [ 797361.951447461964563, 2297482.306176041718572 ], [ 796088.241143806953914, 2297464.121200190857053 ], [ 796106.697147240745835, 2296176.316979690920562 ], [ 797380.444222886580974, 2296194.490581215359271 ] ] ] } },
{ "type": "Feature", "properties": { "label": 0, "month": "8", "year": "2024" }, "geometry": { "type": "Polygon", "coordinates": [ [ [ 610631.317096312413923, 2378912.558992298319936 ], [ 610617.871927661704831, 2380201.787196757737547 ], [ 609347.828009658376686, 2380188.420079501345754 ], [ 609361.232809887034819, 2378899.196063886396587 ], [ 610631.317096312413923, 2378912.558992298319936 ] ] ] } },
{ "type": "Feature", "properties": { "label": 0, "month": "8", "year": "2024" }, "geometry": { "type": "Polygon", "coordinates": [ [ [ 606660.899543180945329, 2394345.881608814001083 ], [ 606647.523253840859979, 2395635.591436818242073 ], [ 605377.979585431981832, 2395622.289759203791618 ], [ 605391.314799288054928, 2394332.583963656798005 ], [ 606660.899543180945329, 2394345.881608814001083 ] ] ] } },
{ "type": "Feature", "properties": { "label": 0, "month": "8", "year": "2024" }, "geometry": { "type": "Polygon", "coordinates": [ [ [ 587744.899387197801843, 2381256.187705982476473 ], [ 587732.173663754481822, 2382545.429611833766103 ], [ 586462.271220787195489, 2382532.739010379649699 ], [ 586474.956487502437085, 2381243.500425803940743 ], [ 587744.899387197801843, 2381256.187705982476473 ] ] ] } },
{ "type": "Feature", "properties": { "label": 0, "month": "8", "year": "2024" }, "geometry": { "type": "Polygon", "coordinates": [ [ [ 833990.947811698773876, 2143652.478298531379551 ], [ 833973.191668056882918, 2144936.711036331951618 ], [ 832695.176228064112365, 2144919.10570616228506 ], [ 832712.902425847016275, 2143634.88593630772084 ], [ 833990.947811698773876, 2143652.478298531379551 ] ] ] } },
{ "type": "Feature", "properties": { "label": 0, "month": "8", "year": "2024" }, "geometry": { "type": "Polygon", "coordinates": [ [ [ 846766.991265155142173, 2232541.938652995973825 ], [ 846747.86195895425044, 2233828.479116005357355 ], [ 845471.904845910379663, 2233809.62486123945564 ], [ 845491.00020924443379, 2232523.09775471361354 ], [ 846766.991265155142173, 2232541.938652995973825 ] ] ] } },
{ "type": "Feature", "properties": { "label": 0, "month": "8", "year": "2024" }, "geometry": { "type": "Polygon", "coordinates": [ [ [ 867335.800035985652357, 2136413.221325457561761 ], [ 867317.360011222306639, 2137697.634157439228147 ], [ 866038.804715212900192, 2137679.353357946965843 ], [ 866057.215082525042817, 2136394.954805341549218 ], [ 867335.800035985652357, 2136413.221325457561761 ] ] ] } },
{ "type": "Feature", "properties": { "label": 0, "month": "8", "year": "2024" }, "geometry": { "type": "Polygon", "coordinates": [ [ [ 857252.591550459386781, 2125994.535676697269082 ], [ 857234.512214215705171, 2127278.60599788883701 ], [ 855955.836266496800818, 2127260.668245909269899 ], [ 855973.88641879032366, 2125976.611822498496622 ], [ 857252.591550459386781, 2125994.535676697269082 ] ] ] } },
{ "type": "Feature", "properties": { "label": 0, "month": "8", "year": "2024" }, "geometry": { "type": "Polygon", "coordinates": [ [ [ 889931.528765050461516, 2165016.664367835503072 ], [ 889912.18150880583562, 2166301.992202758323401 ], [ 888634.02324273227714, 2166282.855671361554414 ], [ 888653.339541616733186, 2164997.542961112223566 ], [ 889931.528765050461516, 2165016.664367835503072 ] ] ] } },
{ "type": "Feature", "properties": { "label": 0, "month": "8", "year": "2024" }, "geometry": { "type": "Polygon", "coordinates": [ [ [ 780858.607069371151738, 2293385.730102376081049 ], [ 780840.616784707992338, 2294673.328764318022877 ], [ 779566.97843764256686, 2294655.620846612844616 ], [ 779584.932096259202808, 2293368.032927913125604 ], [ 780858.607069371151738, 2293385.730102376081049 ] ] ] } },
{ "type": "Feature", "properties": { "label": 0, "month": "8", "year": "2024" }, "geometry": { "type": "Polygon", "coordinates": [ [ [ 890008.748006370617077, 2159875.653757103718817 ], [ 889989.468658833997324, 2161160.86141723766923 ], [ 888711.186907974770293, 2161141.785399643704295 ], [ 888730.435527888592333, 2159856.592874229419976 ], [ 890008.748006370617077, 2159875.653757103718817 ] ] ] } },
{ "type": "Feature", "properties": { "label": 0, "month": "8", "year": "2024" }, "geometry": { "type": "Polygon", "coordinates": [ [ [ 715343.968967864755541, 2337598.679584722034633 ], [ 715327.516793440910988, 2338887.106718795374036 ], [ 714055.679285428486764, 2338870.88969604158774 ], [ 714072.09288667421788, 2337582.470756066963077 ], [ 715343.968967864755541, 2337598.679584722034633 ] ] ] } },
{ "type": "Feature", "properties": { "label": 0, "month": "8", "year": "2024" }, "geometry": { "type": "Polygon", "coordinates": [ [ [ 887867.461837780661881, 2216434.180881645996124 ], [ 887847.466631195042282, 2217720.747091786935925 ], [ 886570.609260554774664, 2217701.039799012709409 ], [ 886590.571204008418135, 2216414.488561073783785 ], [ 887867.461837780661881, 2216434.180881645996124 ] ] ] } },
{ "type": "Feature", "properties": { "label": 0, "month": "8", "year": "2024" }, "geometry": { "type": "Polygon", "coordinates": [ [ [ 852191.652314425562508, 2122071.13687532581389 ], [ 852173.735292599420063, 2123355.066706382669508 ], [ 850895.028230601456016, 2123337.284375001210719 ], [ 850912.91624777414836, 2122053.36824837140739 ], [ 852191.652314425562508, 2122071.13687532581389 ] ] ] } },
{ "type": "Feature", "properties": { "label": 0, "month": "8", "year": "2024" }, "geometry": { "type": "Polygon", "coordinates": [ [ [ 789683.278481978690252, 2299949.327921203803271 ], [ 789664.9681196246529, 2301237.185733287129551 ], [ 788391.436636091675609, 2301219.177842122968286 ], [ 788409.710064080078155, 2299931.331104654353112 ], [ 789683.278481978690252, 2299949.327921203803271 ] ] ] } },
{ "type": "Feature", "properties": { "label": 0, "month": "8", "year": "2024" }, "geometry": { "type": "Polygon", "coordinates": [ [ [ 896028.362716710660607, 2184396.981164546683431 ], [ 896008.601324149873108, 2185682.844173120334744 ], [ 894730.836492167785764, 2185663.326596712693572 ], [ 894750.566052653477527, 2184377.478923553600907 ], [ 896028.362716710660607, 2184396.981164546683431 ] ] ] } },
{ "type": "Feature", "properties": { "label": 0, "month": "8", "year": "2024" }, "geometry": { "type": "Polygon", "coordinates": [ [ [ 446443.829895758593921, 2434260.539229868445545 ], [ 446435.718441482400522, 2435551.482605546712875 ], [ 445167.567075242754072, 2435543.090390052646399 ], [ 445175.635725778294727, 2434252.145004876889288 ], [ 446443.829895758593921, 2434260.539229868445545 ] ] ] } },
{ "type": "Feature", "properties": { "label": 0, "month": "8", "year": "2024" }, "geometry": { "type": "Polygon", "coordinates": [ [ [ 780894.550704192370176, 2290810.641761631239206 ], [ 780876.585042009712197, 2292098.167788418475538 ], [ 779602.873501377063803, 2292080.48135930346325 ], [ 779620.802654553903267, 2290792.966079942882061 ], [ 780894.550704192370176, 2290810.641761631239206 ] ] ] } },
{ "type": "Feature", "properties": { "label": 0, "month": "8", "year": "2024" }, "geometry": { "type": "Polygon", "coordinates": [ [ [ 790920.15074253664352, 2302543.134449685458094 ], [ 790901.777861098526046, 2303831.076839068438858 ], [ 789628.309197906637564, 2303813.011514234822243 ], [ 789646.645025493577123, 2302525.080243961885571 ], [ 790920.15074253664352, 2302543.134449685458094 ] ] ] } },
{ "type": "Feature", "properties": { "label": 0, "month": "8", "year": "2024" }, "geometry": { "type": "Polygon", "coordinates": [ [ [ 854500.402630477678031, 2227509.515789192635566 ], [ 854481.131778627168387, 2228796.004478548653424 ], [ 853204.956541155581363, 2228777.008646886795759 ], [ 853224.193668489577249, 2227490.533620084635913 ], [ 854500.402630477678031, 2227509.515789192635566 ] ] ] } },
{ "type": "Feature", "properties": { "label": 0, "month": "8", "year": "2024" }, "geometry": { "type": "Polygon", "coordinates": [ [ [ 751291.037789403810166, 2313589.747849964536726 ], [ 751273.713720874744467, 2314877.702380408998579 ], [ 750000.904356256476603, 2314860.643651916645467 ], [ 750018.190910531906411, 2313572.698710622265935 ], [ 751291.037789403810166, 2313589.747849964536726 ] ] ] } },
{ "type": "Feature", "properties": { "label": 0, "month": "8", "year": "2024" }, "geometry": { "type": "Polygon", "coordinates": [ [ [ 888711.186907974770293, 2161141.785399643704295 ], [ 888691.921371868113056, 2162427.007883668411523 ], [ 887413.68585486675147, 2162407.946725479327142 ], [ 887432.920608165673912, 2161122.739323784597218 ], [ 888711.186907974770293, 2161141.785399643704295 ] ] ] } },
{ "type": "Feature", "properties": { "label": 0, "month": "8", "year": "2024" }, "geometry": { "type": "Polygon", "coordinates": [ [ [ 863473.225584860891104, 2225070.227772451471537 ], [ 863453.750475601060316, 2226356.747400966472924 ], [ 862177.408948518335819, 2226337.551958889700472 ], [ 862196.850433166022412, 2225051.046343947760761 ], [ 863473.225584860891104, 2225070.227772451471537 ] ] ] } },
{ "type": "Feature", "properties": { "label": 0, "month": "8", "year": "2024" }, "geometry": { "type": "Polygon", "coordinates": [ [ [ 888046.65307505056262, 2204856.539840011391789 ], [ 888026.81096316431649, 2206142.815790539141744 ], [ 886749.656309200217947, 2206123.243341481313109 ], [ 886769.465678984532133, 2204836.98238660255447 ], [ 888046.65307505056262, 2204856.539840011391789 ] ] ] } },
{ "type": "Feature", "properties": { "label": 0, "month": "8", "year": "2024" }, "geometry": { "type": "Polygon", "coordinates": [ [ [ 844195.961324120871723, 2233790.803298505954444 ], [ 844176.884820335078984, 2235077.350503732450306 ], [ 842900.98883383651264, 2235058.548375287093222 ], [ 842920.031341267866082, 2233772.014425403438509 ], [ 844195.961324120871723, 2233790.803298505954444 ] ] ] } },
{ "type": "Feature", "properties": { "label": 0, "month": "8", "year": "2024" }, "geometry": { "type": "Polygon", "coordinates": [ [ [ 609280.736941399867646, 2386635.153755863197148 ], [ 609267.305315516190603, 2387924.623650370631367 ], [ 607997.508648830698803, 2387911.269676952622831 ], [ 608010.899552154238336, 2386621.803917048033327 ], [ 609280.736941399867646, 2386635.153755863197148 ] ] ] } },
{ "type": "Feature", "properties": { "label": 0, "month": "8", "year": "2024" }, "geometry": { "type": "Polygon", "coordinates": [ [ [ 898564.178210971411318, 2185721.972037870436907 ], [ 898544.335724485805258, 2187007.896917363163084 ], [ 897266.571287435479462, 2186988.302099811844528 ], [ 897286.381879563443363, 2185702.392652680631727 ], [ 898564.178210971411318, 2185721.972037870436907 ] ] ] } },
{ "type": "Feature", "properties": { "label": 0, "month": "8", "year": "2024" }, "geometry": { "type": "Polygon", "coordinates": [ [ [ 902733.921409099479206, 2163924.082270698156208 ], [ 902714.282010660273954, 2165209.53399021923542 ], [ 901435.935450550168753, 2165190.111537285149097 ], [ 901455.543926518177614, 2163904.675443904474378 ], [ 902733.921409099479206, 2163924.082270698156208 ] ] ] } },
{ "type": "Feature", "properties": { "label": 0, "month": "8", "year": "2024" }, "geometry": { "type": "Polygon", "coordinates": [ [ [ 726774.427553255460225, 2339034.703854559455067 ], [ 726757.618234621244483, 2340323.245554929599166 ], [ 725485.744118350557983, 2340306.691092364024371 ], [ 725502.514786331565119, 2339018.158020702190697 ], [ 726774.427553255460225, 2339034.703854559455067 ] ] ] } },
{ "type": "Feature", "properties": { "label": 0, "month": "8", "year": "2024" }, "geometry": { "type": "Polygon", "coordinates": [ [ [ 857110.783543608617038, 2223688.22729039285332 ], [ 857091.492180365836248, 2224974.644381048157811 ], [ 855815.187943803612143, 2224955.624815964139998 ], [ 855834.445751881226897, 2223669.221494066994637 ], [ 857110.783543608617038, 2223688.22729039285332 ] ] ] } },
{ "type": "Feature", "properties": { "label": 0, "month": "8", "year": "2024" }, "geometry": { "type": "Polygon", "coordinates": [ [ [ 862294.676220572087914, 2131203.193337977398187 ], [ 862276.417486679973081, 2132487.434087585657835 ], [ 860997.801795290317386, 2132469.32561118202284 ], [ 861016.031108644558117, 2131185.098950267303735 ], [ 862294.676220572087914, 2131203.193337977398187 ] ] ] } },
{ "type": "Feature", "properties": { "label": 0, "month": "8", "year": "2024" }, "geometry": { "type": "Polygon", "coordinates": [ [ [ 866038.804715212900192, 2137679.353357946965843 ], [ 866020.378502879058942, 2138963.780864829197526 ], [ 864741.867462696507573, 2138945.514839469920844 ], [ 864760.263962558237836, 2137661.101559653878212 ], [ 866038.804715212900192, 2137679.353357946965843 ] ] ] } },
{ "type": "Feature", "properties": { "label": 0, "month": "8", "year": "2024" }, "geometry": { "type": "Polygon", "coordinates": [ [ [ 845586.250013445969671, 2226090.961186122149229 ], [ 845567.230313929961994, 2227377.322169976774603 ], [ 844291.117669206461869, 2227358.567166682332754 ], [ 844310.103718083817512, 2226072.219501865562052 ], [ 845586.250013445969671, 2226090.961186122149229 ] ] ] } },
{ "type": "Feature", "properties": { "label": 0, "month": "8", "year": "2024" }, "geometry": { "type": "Polygon", "coordinates": [ [ [ 834026.416822234983556, 2141084.100668263621628 ], [ 834008.68952915398404, 2142368.27486191270873 ], [ 832730.614254586398602, 2142350.695469787344337 ], [ 832748.311716081690975, 2141066.534248398151249 ], [ 834026.416822234983556, 2141084.100668263621628 ] ] ] } },
{ "type": "Feature", "properties": { "label": 0, "month": "8", "year": "2024" }, "geometry": { "type": "Polygon", "coordinates": [ [ [ 811354.627236403292045, 2298972.635845523327589 ], [ 811335.70237203524448, 2300260.652801167219877 ], [ 810061.935952607309446, 2300242.058211618568748 ], [ 810080.823902784613892, 2298954.05316352378577 ], [ 811354.627236403292045, 2298972.635845523327589 ] ] ] } },
{ "type": "Feature", "properties": { "label": 0, "month": "8", "year": "2024" }, "geometry": { "type": "Polygon", "coordinates": [ [ [ 900039.773189558065496, 2172883.876676949672401 ], [ 900020.07349832134787, 2174169.509197913575917 ], [ 898741.97686200379394, 2174150.038361554034054 ], [ 898761.64523272565566, 2172864.421348821371794 ], [ 900039.773189558065496, 2172883.876676949672401 ] ] ] } },
{ "type": "Feature", "properties": { "label": 0, "month": "8", "year": "2024" }, "geometry": { "type": "Polygon", "coordinates": [ [ [ 440047.621071143541485, 2443256.563266115728766 ], [ 440039.748161421972327, 2444547.824167685117573 ], [ 438771.883097356592771, 2444539.647240545134991 ], [ 438779.712789555895142, 2443248.384092321619391 ], [ 440047.621071143541485, 2443256.563266115728766 ] ] ] } },
{ "type": "Feature", "properties": { "label": 0, "month": "8", "year": "2024" }, "geometry": { "type": "Polygon", "coordinates": [ [ [ 897067.509728607372381, 2199849.117442274931818 ], [ 897047.507953516440466, 2201135.37235887767747 ], [ 895770.113912030123174, 2201115.639460928272456 ], [ 895790.083159951958805, 2199829.399898083414882 ], [ 897067.509728607372381, 2199849.117442274931818 ] ] ] } },
{ "type": "Feature", "properties": { "label": 0, "month": "8", "year": "2024" }, "geometry": { "type": "Polygon", "coordinates": [ [ [ 450133.312923388322815, 2452363.084937035571784 ], [ 450125.115512746153399, 2453654.639730288647115 ], [ 448857.57810052332934, 2453646.153885891195387 ], [ 448865.731864559696987, 2452354.597228080965579 ], [ 450133.312923388322815, 2452363.084937035571784 ] ] ] } },
{ "type": "Feature", "properties": { "label": 0, "month": "8", "year": "2024" }, "geometry": { "type": "Polygon", "coordinates": [ [ [ 802400.9091171619948, 2301419.200658155139536 ], [ 802382.215969729470089, 2302707.208579637575895 ], [ 801108.606873751617968, 2302688.837090171407908 ], [ 801127.263005694025196, 2301400.840729596093297 ], [ 802400.9091171619948, 2301419.200658155139536 ] ] ] } },
{ "type": "Feature", "properties": { "label": 0, "month": "8", "year": "2024" }, "geometry": { "type": "Polygon", "coordinates": [ [ [ 863536.743693068623543, 2133789.854973678477108 ], [ 863518.424089543987066, 2135074.167373683769256 ], [ 862239.853020740207285, 2135056.001832278445363 ], [ 862258.143087419681251, 2133771.703566350974143 ], [ 863536.743693068623543, 2133789.854973678477108 ] ] ] } },
{ "type": "Feature", "properties": { "label": 0, "month": "8", "year": "2024" }, "geometry": { "type": "Polygon", "coordinates": [ [ [ 608091.152331024641171, 2378885.871054167393595 ], [ 608077.787897501257248, 2380175.090929049532861 ], [ 606807.751539654796943, 2380161.799743765965104 ], [ 606821.075608188519254, 2378872.583961519878358 ], [ 608091.152331024641171, 2378885.871054167393595 ] ] ] } },
{ "type": "Feature", "properties": { "label": 0, "month": "8", "year": "2024" }, "geometry": { "type": "Polygon", "coordinates": [ [ [ 895988.822624067077413, 2186968.738237652927637 ], [ 895969.026613972848281, 2188254.663416894618422 ], [ 894691.325619142036885, 2188235.115177435800433 ], [ 894711.089681822806597, 2186949.20532841887325 ], [ 895988.822624067077413, 2186968.738237652927637 ] ] ] } },
{ "type": "Feature", "properties": { "label": 0, "month": "8", "year": "2024" }, "geometry": { "type": "Polygon", "coordinates": [ [ [ 803749.353889182209969, 2296285.883811854291707 ], [ 803730.677220008336008, 2297573.757011561188847 ], [ 802456.908658137428574, 2297555.396709143649787 ], [ 802475.548544040299021, 2296267.535128192976117 ], [ 803749.353889182209969, 2296285.883811854291707 ] ] ] } },
{ "type": "Feature", "properties": { "label": 0, "month": "8", "year": "2024" }, "geometry": { "type": "Polygon", "coordinates": [ [ [ 610577.509238474653102, 2384069.716992165427655 ], [ 610564.045948191545904, 2385359.108860541600734 ], [ 609294.164096764870919, 2385345.724998209625483 ], [ 609307.586781443213113, 2384056.337314564269036 ], [ 610577.509238474653102, 2384069.716992165427655 ] ] ] } },
{ "type": "Feature", "properties": { "label": 0, "month": "8", "year": "2024" }, "geometry": { "type": "Polygon", "coordinates": [ [ [ 608157.908310670289211, 2372440.381843867711723 ], [ 608144.56594043050427, 2373729.398539558053017 ], [ 606874.32835007738322, 2373716.127827570773661 ], [ 606887.630651480401866, 2372427.115229569375515 ], [ 608157.908310670289211, 2372440.381843867711723 ] ] ] } },
{ "type": "Feature", "properties": { "label": 0, "month": "8", "year": "2024" }, "geometry": { "type": "Polygon", "coordinates": [ [ [ 788244.792838410707191, 2311523.278095802292228 ], [ 788226.405291899573058, 2312811.457337958272547 ], [ 786953.22001373663079, 2312793.385502895340323 ], [ 786971.570100071141496, 2311505.217267074156553 ], [ 788244.792838410707191, 2311523.278095802292228 ] ] ] } },
{ "type": "Feature", "properties": { "label": 0, "month": "8", "year": "2024" }, "geometry": { "type": "Polygon", "coordinates": [ [ [ 446338.631144086713903, 2451046.227384306490421 ], [ 446330.561443763726857, 2452337.743414730764925 ], [ 445062.971979287685826, 2452329.377308624796569 ], [ 445070.998096467286814, 2451037.859270744491369 ], [ 446338.631144086713903, 2451046.227384306490421 ] ] ] } },
{ "type": "Feature", "properties": { "label": 0, "month": "8", "year": "2024" }, "geometry": { "type": "Polygon", "coordinates": [ [ [ 586512.991861099377275, 2377376.029836997855455 ], [ 586500.316808087169193, 2378665.145901844836771 ], [ 585230.296052693389356, 2378652.503157253842801 ], [ 585242.930828397511505, 2377363.390368179418147 ], [ 586512.991861099377275, 2377376.029836997855455 ] ] ] } },
{ "type": "Feature", "properties": { "label": 0, "month": "8", "year": "2024" }, "geometry": { "type": "Polygon", "coordinates": [ [ [ 623498.168460731743835, 2363580.16175700770691 ], [ 623484.380995197338052, 2364868.949647600296885 ], [ 622213.815462654456496, 2364855.258885178249329 ], [ 622227.563252646825276, 2363566.475677924230695 ], [ 623498.168460731743835, 2363580.16175700770691 ] ] ] } },
{ "type": "Feature", "properties": { "label": 0, "month": "8", "year": "2024" }, "geometry": { "type": "Polygon", "coordinates": [ [ [ 609361.232809887034819, 2378899.196063886396587 ], [ 609347.828009658376686, 2380188.420079501345754 ], [ 608077.787897501257248, 2380175.090929049532861 ], [ 608091.152331024641171, 2378885.871054167393595 ], [ 609361.232809887034819, 2378899.196063886396587 ] ] ] } },
{ "type": "Feature", "properties": { "label": 0, "month": "8", "year": "2024" }, "geometry": { "type": "Polygon", "coordinates": [ [ [ 891938.025750760338269, 2201056.62975654238835 ], [ 891918.136906115920283, 2202342.855326596647501 ], [ 890640.837907338514924, 2202323.233260883949697 ], [ 890660.694176353979856, 2201037.022843250073493 ], [ 891938.025750760338269, 2201056.62975654238835 ] ] ] } },
{ "type": "Feature", "properties": { "label": 0, "month": "8", "year": "2024" }, "geometry": { "type": "Polygon", "coordinates": [ [ [ 889541.354110046289861, 2190729.023866736795753 ], [ 889521.666734343394637, 2192014.966628212481737 ], [ 888244.13969915965572, 2191995.528136324137449 ], [ 888263.79496590339113, 2190709.600448593031615 ], [ 889541.354110046289861, 2190729.023866736795753 ] ] ] } },
{ "type": "Feature", "properties": { "label": 0, "month": "8", "year": "2024" }, "geometry": { "type": "Polygon", "coordinates": [ [ [ 429896.736462348606437, 2444483.535502105485648 ], [ 429889.213255714450497, 2445774.859822600148618 ], [ 428621.364791655854788, 2445767.007442521862686 ], [ 428628.844729477423243, 2444475.680494439322501 ], [ 429896.736462348606437, 2444483.535502105485648 ] ] ] } },
{ "type": "Feature", "properties": { "label": 0, "month": "8", "year": "2024" }, "geometry": { "type": "Polygon", "coordinates": [ [ [ 871249.499027910409495, 2217467.057515076827258 ], [ 871229.91978978633415, 2218753.465532712172717 ], [ 869953.290488526923582, 2218734.161377364769578 ], [ 869972.836435911362059, 2217447.767685268074274 ], [ 871249.499027910409495, 2217467.057515076827258 ] ] ] } },
{ "type": "Feature", "properties": { "label": 0, "month": "8", "year": "2024" }, "geometry": { "type": "Polygon", "coordinates": [ [ [ 901435.935450550168753, 2165190.111537285149097 ], [ 901416.309476641239598, 2166475.577738972380757 ], [ 900138.009864652296528, 2166456.169827887322754 ], [ 900157.604860881110653, 2165170.71919985441491 ], [ 901435.935450550168753, 2165190.111537285149097 ] ] ] } },
{ "type": "Feature", "properties": { "label": 0, "month": "8", "year": "2024" }, "geometry": { "type": "Polygon", "coordinates": [ [ [ 854731.191432342398912, 2123390.716651857364923 ], [ 854713.201085948967375, 2124674.702379203401506 ], [ 853434.495061691617593, 2124656.849389702547342 ], [ 853452.456342311110348, 2123372.877464609686285 ], [ 854731.191432342398912, 2123390.716651857364923 ] ] ] } },
{ "type": "Feature", "properties": { "label": 0, "month": "8", "year": "2024" }, "geometry": { "type": "Polygon", "coordinates": [ [ [ 887927.345344859175384, 2212574.676941815298051 ], [ 887907.401192129938863, 2213861.14586592046544 ], [ 886630.444205908104777, 2213841.483497571200132 ], [ 886650.355269295163453, 2212555.029553506057709 ], [ 887927.345344859175384, 2212574.676941815298051 ] ] ] } },
{ "type": "Feature", "properties": { "label": 0, "month": "8", "year": "2024" }, "geometry": { "type": "Polygon", "coordinates": [ [ [ 901119.818412036402151, 2185761.22353499289602 ], [ 901099.912129888078198, 2187047.179428554140031 ], [ 899822.115987783763558, 2187027.522692793980241 ], [ 899841.990370939485729, 2185741.582331147044897 ], [ 901119.818412036402151, 2185761.22353499289602 ] ] ] } },
{ "type": "Feature", "properties": { "label": 0, "month": "8", "year": "2024" }, "geometry": { "type": "Polygon", "coordinates": [ [ [ 889383.378087437711656, 2201017.447419889271259 ], [ 889363.55439172196202, 2202303.642734785564244 ], [ 888086.286306763300672, 2202284.083745803218335 ], [ 888106.077431505545974, 2200997.903483985923231 ], [ 889383.378087437711656, 2201017.447419889271259 ] ] ] } },
{ "type": "Feature", "properties": { "label": 0, "month": "8", "year": "2024" }, "geometry": { "type": "Polygon", "coordinates": [ [ [ 889970.172337684547529, 2162446.099033486098051 ], [ 889950.859040548326448, 2163731.366664213594049 ], [ 888672.638917204574682, 2163712.260384685359895 ], [ 888691.921371868113056, 2162427.007883668411523 ], [ 889970.172337684547529, 2162446.099033486098051 ] ] ] } },
{ "type": "Feature", "properties": { "label": 0, "month": "8", "year": "2024" }, "geometry": { "type": "Polygon", "coordinates": [ [ [ 864833.692104049958289, 2132523.737426241394132 ], [ 864815.358743208809756, 2133808.035227774176747 ], [ 863536.743693068623543, 2133789.854973678477108 ], [ 863555.047572062932886, 2132505.571358523797244 ], [ 864833.692104049958289, 2132523.737426241394132 ] ] ] } },
{ "type": "Feature", "properties": { "label": 0, "month": "8", "year": "2024" }, "geometry": { "type": "Polygon", "coordinates": [ [ [ 882720.249765236629173, 2218928.649851919151843 ], [ 882700.354012385476381, 2220215.221645314712077 ], [ 881423.6241988344118, 2220195.613307288847864 ], [ 881443.486582046141848, 2218909.056282664649189 ], [ 882720.249765236629173, 2218928.649851919151843 ] ] ] } },
{ "type": "Feature", "properties": { "label": 1, "month": "9", "year": "2024" }, "geometry": { "type": "Polygon", "coordinates": [ [ [ 585205.016464481246658, 2381230.851132232695818 ], [ 585192.371652852627449, 2382520.086443615145981 ], [ 583922.474908436532132, 2382507.471910025458783 ], [ 583935.079266608227044, 2381218.239823756739497 ], [ 585205.016464481246658, 2381230.851132232695818 ] ] ] } },
{ "type": "Feature", "properties": { "label": 1, "month": "9", "year": "2024" }, "geometry": { "type": "Polygon", "coordinates": [ [ [ 587770.340443425229751, 2378677.826536865439266 ], [ 587757.6216472244123, 2379966.986701913177967 ], [ 586487.638350078952499, 2379954.3027438740246 ], [ 586500.316808087169193, 2378665.145901844836771 ], [ 587770.340443425229751, 2378677.826536865439266 ] ] ] } },
{ "type": "Feature", "properties": { "label": 1, "month": "9", "year": "2024" }, "geometry": { "type": "Polygon", "coordinates": [ [ [ 589040.367010236019269, 2378690.545063834637403 ], [ 589027.607874204521067, 2379979.708599990233779 ], [ 587757.6216472244123, 2379966.986701913177967 ], [ 587770.340443425229751, 2378677.826536865439266 ], [ 589040.367010236019269, 2378690.545063834637403 ] ] ] } },
{ "type": "Feature", "properties": { "label": 1, "month": "9", "year": "2024" }, "geometry": { "type": "Polygon", "coordinates": [ [ [ 590310.396560054272413, 2378703.301484276540577 ], [ 590297.59708254202269, 2379992.468439645133913 ], [ 589027.607874204521067, 2379979.708599990233779 ], [ 589040.367010236019269, 2378690.545063834637403 ], [ 590310.396560054272413, 2378703.301484276540577 ] ] ] } },
{ "type": "Feature", "properties": { "label": 1, "month": "9", "year": "2024" }, "geometry": { "type": "Polygon", "coordinates": [ [ [ 604135.023596120532602, 2393029.664516452234238 ], [ 604121.733687832253054, 2394319.324809007812291 ], [ 602852.156157331657596, 2394306.104143263306469 ], [ 602865.405052987392992, 2393016.447788157500327 ], [ 604135.023596120532602, 2393029.664516452234238 ] ] ] } },
{ "type": "Feature", "properties": { "label": 1, "month": "9", "year": "2024" }, "geometry": { "type": "Polygon", "coordinates": [ [ [ 605417.972353110322729, 2391753.296862184535712 ], [ 605404.645721917506307, 2393042.919685648754239 ], [ 604135.023596120532602, 2393029.664516452234238 ], [ 604148.309272386133671, 2391740.045679443515837 ], [ 605417.972353110322729, 2391753.296862184535712 ] ] ] } },
{ "type": "Feature", "properties": { "label": 1, "month": "9", "year": "2024" }, "geometry": { "type": "Polygon", "coordinates": [ [ [ 606781.090344320400618, 2382740.353845701552927 ], [ 606767.753217917284928, 2384029.692290910985321 ], [ 605497.842008382198401, 2384016.426941626705229 ], [ 605511.138593642739579, 2382727.092537932563573 ], [ 606781.090344320400618, 2382740.353845701552927 ] ] ] } },
{ "type": "Feature", "properties": { "label": 1, "month": "9", "year": "2024" }, "geometry": { "type": "Polygon", "coordinates": [ [ [ 606687.639069701195695, 2391766.586439424660057 ], [ 606674.271481866948307, 2393056.21329735359177 ], [ 605404.645721917506307, 2393042.919685648754239 ], [ 605417.972353110322729, 2391753.296862184535712 ], [ 606687.639069701195695, 2391766.586439424660057 ] ] ] } },
{ "type": "Feature", "properties": { "label": 1, "month": "9", "year": "2024" }, "geometry": { "type": "Polygon", "coordinates": [ [ [ 609253.869219284155406, 2389214.134744600858539 ], [ 609240.428652870701626, 2390503.687101445160806 ], [ 607970.71360939508304, 2390490.32486189994961 ], [ 607984.113334515364841, 2389200.776637599803507 ], [ 609253.869219284155406, 2389214.134744600858539 ] ] ] } },
{ "type": "Feature", "properties": { "label": 1, "month": "9", "year": "2024" }, "geometry": { "type": "Polygon", "coordinates": [ [ [ 612009.124297683942132, 2368613.56233772309497 ], [ 611995.675483479979448, 2369902.47046840749681 ], [ 610725.30640547350049, 2369889.099307436030358 ], [ 610738.715323228738271, 2368600.195422004908323 ], [ 612009.124297683942132, 2368613.56233772309497 ] ] ] } },
{ "type": "Feature", "properties": { "label": 1, "month": "9", "year": "2024" }, "geometry": { "type": "Polygon", "coordinates": [ [ [ 611995.675483479979448, 2369902.47046840749681 ], [ 611982.222078188089654, 2371191.418918875977397 ], [ 610711.89295579213649, 2371178.043513683602214 ], [ 610725.30640547350049, 2369889.099307436030358 ], [ 611995.675483479979448, 2369902.47046840749681 ] ] ] } },
{ "type": "Feature", "properties": { "label": 1, "month": "9", "year": "2024" }, "geometry": { "type": "Polygon", "coordinates": [ [ [ 613279.537196566700004, 2368626.966790199279785 ], [ 613266.048484197235666, 2369915.879214319866151 ], [ 611995.675483479979448, 2369902.47046840749681 ], [ 612009.124297683942132, 2368613.56233772309497 ], [ 613279.537196566700004, 2368626.966790199279785 ] ] ] } },
{ "type": "Feature", "properties": { "label": 1, "month": "9", "year": "2024" }, "geometry": { "type": "Polygon", "coordinates": [ [ [ 613157.971387348021381, 2380228.635338155552745 ], [ 613144.440827487036586, 2381517.912884383462369 ], [ 611874.429574332898483, 2381504.465544646605849 ], [ 611887.91970304492861, 2380215.192282432690263 ], [ 613157.971387348021381, 2380228.635338155552745 ] ] ] } },
{ "type": "Feature", "properties": { "label": 1, "month": "9", "year": "2024" }, "geometry": { "type": "Polygon", "coordinates": [ [ [ 615711.693348464439623, 2378966.389925383962691 ], [ 615698.086688857525587, 2380255.635366315022111 ], [ 614428.027032105950639, 2380242.11636556731537 ], [ 614441.593316373764537, 2378952.875305915717036 ], [ 615711.693348464439623, 2378966.389925383962691 ] ] ] } },
{ "type": "Feature", "properties": { "label": 1, "month": "9", "year": "2024" }, "geometry": { "type": "Polygon", "coordinates": [ [ [ 615698.086688857525587, 2380255.635366315022111 ], [ 615684.475261498359032, 2381544.921624865848571 ], [ 614414.456039364798926, 2381531.398243909701705 ], [ 614428.027032105950639, 2380242.11636556731537 ], [ 615698.086688857525587, 2380255.635366315022111 ] ] ] } },
{ "type": "Feature", "properties": { "label": 1, "month": "9", "year": "2024" }, "geometry": { "type": "Polygon", "coordinates": [ [ [ 617118.002306417329237, 2366089.674894229043275 ], [ 617104.403544958215207, 2367378.520044103264809 ], [ 615833.938719120342284, 2367365.00741057144478 ], [ 615847.497695515165105, 2366076.166700807400048 ], [ 617118.002306417329237, 2366089.674894229043275 ] ] ] } },
{ "type": "Feature", "properties": { "label": 1, "month": "9", "year": "2024" }, "geometry": { "type": "Polygon", "coordinates": [ [ [ 616968.15040914202109, 2380269.192342038732022 ], [ 616954.498545426176861, 2381558.483028902672231 ], [ 615684.475261498359032, 2381544.921624865848571 ], [ 615698.086688857525587, 2380255.635366315022111 ], [ 616968.15040914202109, 2380269.192342038732022 ] ] ] } },
{ "type": "Feature", "properties": { "label": 1, "month": "9", "year": "2024" }, "geometry": { "type": "Polygon", "coordinates": [ [ [ 618210.828754617017694, 2382861.41849915869534 ], [ 618197.126680388115346, 2384150.795481613371521 ], [ 616927.18033724068664, 2384137.187103270553052 ], [ 616940.841854763915762, 2382847.814595061354339 ], [ 618210.828754617017694, 2382861.41849915869534 ] ] ] } },
{ "type": "Feature", "properties": { "label": 1, "month": "9", "year": "2024" }, "geometry": { "type": "Polygon", "coordinates": [ [ [ 619604.280958256684244, 2371272.46170265879482 ], [ 619590.582836993271485, 2372561.477005941793323 ], [ 618320.269440303789452, 2372547.871245332062244 ], [ 618333.927536382107064, 2371258.860474202781916 ], [ 619604.280958256684244, 2371272.46170265879482 ] ] ] } },
{ "type": "Feature", "properties": { "label": 0, "month": "9", "year": "2024" }, "geometry": { "type": "Polygon", "coordinates": [ [ [ 899802.224121575709432, 2188313.494161291979253 ], [ 899782.314769785152748, 2189599.496795431245118 ], [ 898504.598472892772406, 2189579.840063591487706 ], [ 898524.475812634453177, 2188293.85290634771809 ], [ 899802.224121575709432, 2188313.494161291979253 ] ] ] } },
{ "type": "Feature", "properties": { "label": 0, "month": "9", "year": "2024" }, "geometry": { "type": "Polygon", "coordinates": [ [ [ 893135.583815677557141, 2206221.422447495162487 ], [ 893115.593480000272393, 2207507.790880972053856 ], [ 891838.409835690050386, 2207488.076491039711982 ], [ 891858.367362067103386, 2206201.723249160684645 ], [ 893135.583815677557141, 2206221.422447495162487 ] ] ] } },
{ "type": "Feature", "properties": { "label": 0, "month": "9", "year": "2024" }, "geometry": { "type": "Polygon", "coordinates": [ [ [ 751308.350871001137421, 2312301.830690852832049 ], [ 751291.037789403810166, 2313589.747849964536726 ], [ 750018.190910531906411, 2313572.698710622265935 ], [ 750035.46653657045681, 2312284.791142595931888 ], [ 751308.350871001137421, 2312301.830690852832049 ] ] ] } },
{ "type": "Feature", "properties": { "label": 0, "month": "9", "year": "2024" }, "geometry": { "type": "Polygon", "coordinates": [ [ [ 441307.610122694750316, 2444556.041338387411088 ], [ 441299.697448083607014, 2445847.344154489692301 ], [ 440031.878765412315261, 2445839.129182601813227 ], [ 440039.748161421972327, 2444547.824167685117573 ], [ 441307.610122694750316, 2444556.041338387411088 ] ] ] } },
{ "type": "Feature", "properties": { "label": 0, "month": "9", "year": "2024" }, "geometry": { "type": "Polygon", "coordinates": [ [ [ 607970.71360939508304, 2390490.32486189994961 ], [ 607957.309473646339029, 2391779.914412776939571 ], [ 606687.639069701195695, 2391766.586439424660057 ], [ 606701.002306491020136, 2390477.000972052570432 ], [ 607970.71360939508304, 2390490.32486189994961 ] ] ] } },
{ "type": "Feature", "properties": { "label": 0, "month": "9", "year": "2024" }, "geometry": { "type": "Polygon", "coordinates": [ [ [ 448906.547234109079, 2445897.480147659312934 ], [ 448898.377960306708701, 2447188.814949907828122 ], [ 447630.620169411238749, 2447180.360126130282879 ], [ 447638.746097885014024, 2445889.023411020170897 ], [ 448906.547234109079, 2445897.480147659312934 ] ] ] } },
{ "type": "Feature", "properties": { "label": 0, "month": "9", "year": "2024" }, "geometry": { "type": "Polygon", "coordinates": [ [ [ 450133.312923388322815, 2452363.084937035571784 ], [ 450125.115512746153399, 2453654.639730288647115 ], [ 448857.57810052332934, 2453646.153885891195387 ], [ 448865.731864559696987, 2452354.597228080965579 ], [ 450133.312923388322815, 2452363.084937035571784 ] ] ] } },
{ "type": "Feature", "properties": { "label": 0, "month": "9", "year": "2024" }, "geometry": { "type": "Polygon", "coordinates": [ [ [ 888303.054587967926636, 2188137.838934283237904 ], [ 888283.433261364232749, 2189423.704067532438785 ], [ 887005.857467212132178, 2189404.326763393823057 ], [ 887025.446802528575063, 2188118.476659298408777 ], [ 888303.054587967926636, 2188137.838934283237904 ] ] ] } },
{ "type": "Feature", "properties": { "label": 0, "month": "9", "year": "2024" }, "geometry": { "type": "Polygon", "coordinates": [ [ [ 859624.76869838568382, 2226299.258353303186595 ], [ 859605.378691924386658, 2227585.769108559004962 ], [ 858329.113539826590568, 2227566.657077430281788 ], [ 858348.469870595610701, 2226280.160184917040169 ], [ 859624.76869838568382, 2226299.258353303186595 ] ] ] } },
{ "type": "Feature", "properties": { "label": 0, "month": "9", "year": "2024" }, "geometry": { "type": "Polygon", "coordinates": [ [ [ 908947.261290369322523, 2175592.431108395569026 ], [ 908927.306566847488284, 2176878.234645426273346 ], [ 907649.160358771216124, 2176858.518815374001861 ], [ 907669.08363050990738, 2175572.731130325701088 ], [ 908947.261290369322523, 2175592.431108395569026 ] ] ] } },
{ "type": "Feature", "properties": { "label": 0, "month": "9", "year": "2024" }, "geometry": { "type": "Polygon", "coordinates": [ [ [ 429911.79485383501742, 2441901.019131384789944 ], [ 429904.26366246555699, 2443192.255293052643538 ], [ 428636.328720748890191, 2443184.397657512221485 ], [ 428643.816763229784556, 2441893.158867680933326 ], [ 429911.79485383501742, 2441901.019131384789944 ] ] ] } },
{ "type": "Feature", "properties": { "label": 0, "month": "9", "year": "2024" }, "geometry": { "type": "Polygon", "coordinates": [ [ [ 431194.929901154711843, 2439326.584261467214674 ], [ 431187.347703861887567, 2440617.729939393699169 ], [ 429919.330034233338665, 2440609.8269530730322 ], [ 429926.869201443216298, 2439318.678694126196206 ], [ 431194.929901154711843, 2439326.584261467214674 ] ] ] } },
{ "type": "Feature", "properties": { "label": 0, "month": "9", "year": "2024" }, "geometry": { "type": "Polygon", "coordinates": [ [ [ 839073.381571269128472, 2235002.338400066364557 ], [ 839054.426188308047131, 2236288.866355064790696 ], [ 837778.617870753165334, 2236270.182103201746941 ], [ 837797.539208381203935, 2234983.667203758843243 ], [ 839073.381571269128472, 2235002.338400066364557 ] ] ] } },
{ "type": "Feature", "properties": { "label": 0, "month": "9", "year": "2024" }, "geometry": { "type": "Polygon", "coordinates": [ [ [ 897007.452214496908709, 2203707.977530600968748 ], [ 896987.398245487129316, 2204994.327903777826577 ], [ 895710.10213242797181, 2204974.548960414715111 ], [ 895730.123400796670467, 2203688.213933079037815 ], [ 897007.452214496908709, 2203707.977530600968748 ] ] ] } },
{ "type": "Feature", "properties": { "label": 0, "month": "9", "year": "2024" }, "geometry": { "type": "Polygon", "coordinates": [ [ [ 904031.967629816383123, 2162658.08181464811787 ], [ 904012.314917022245936, 2163943.519165500532836 ], [ 902733.921409099479206, 2163924.082270698156208 ], [ 902753.54325461667031, 2162638.660598496440798 ], [ 904031.967629816383123, 2162658.08181464811787 ] ] ] } },
{ "type": "Feature", "properties": { "label": 0, "month": "9", "year": "2024" }, "geometry": { "type": "Polygon", "coordinates": [ [ [ 610550.578127889195457, 2386648.541801878716797 ], [ 610537.105777723365463, 2387938.015879042446613 ], [ 609267.305315516190603, 2387924.623650370631367 ], [ 609280.736941399867646, 2386635.153755863197148 ], [ 610550.578127889195457, 2386648.541801878716797 ] ] ] } },
{ "type": "Feature", "properties": { "label": 0, "month": "9", "year": "2024" }, "geometry": { "type": "Polygon", "coordinates": [ [ [ 891248.438804914709181, 2162465.220177332870662 ], [ 891229.094663070747629, 2163750.502987657673657 ], [ 889950.859040548326448, 2163731.366664213594049 ], [ 889970.172337684547529, 2162446.099033486098051 ], [ 891248.438804914709181, 2162465.220177332870662 ] ] ] } },
{ "type": "Feature", "properties": { "label": 0, "month": "9", "year": "2024" }, "geometry": { "type": "Polygon", "coordinates": [ [ [ 891898.230894781067036, 2203629.112726015970111 ], [ 891878.30771426379215, 2204915.402013852726668 ], [ 890601.074040197534487, 2204895.749651146121323 ], [ 890620.964529446559027, 2203609.475510506425053 ], [ 891898.230894781067036, 2203629.112726015970111 ] ] ] } },
{ "type": "Feature", "properties": { "label": 0, "month": "9", "year": "2024" }, "geometry": { "type": "Polygon", "coordinates": [ [ [ 852245.312228727620095, 2118219.516854520887136 ], [ 852227.440780555130914, 2119503.362007218413055 ], [ 850948.64687550929375, 2119485.620795796159655 ], [ 850966.489489913452417, 2118201.789354195818305 ], [ 852245.312228727620095, 2118219.516854520887136 ] ] ] } }
]
}
